accession,domain,phylum,class,order,family,genus,species,Amino acid utilization,Aromatics degradation,Arsenic cycling,C1 metabolism,Carbon fixation,Chlorite reduction,Complex carbon degradation,Ethanol fermentation,Fatty acid degradation,Fermentation,Halogenated compound utilization,Hydrogenases,Nitrile hydration,Nitrogen cycling,Oxidative phosphorylation,Perchlorate reduction,Selenate reduction,Sulfur cycling,Thermophilic specific
GCA_000017645.1,Bacteria,Pseudomonadota,Alphaproteobacteria,Rhizobiales,Xanthobacteraceae,Xanthobacter,Xanthobacter autotrophicus,0,0,1,3,1,0,0,0,0,2,0,2,0,3,3,0,0,2,0
GCA_000018545.1,Bacteria,Pseudomonadota,Alphaproteobacteria,Rhizobiales,Rhizobiaceae,Sinorhizobium,Sinorhizobium fredii_A,0,0,0,3,0,0,0,0,0,2,0,0,1,5,4,0,0,1,0
GCA_000155695.1,Bacteria,Verrucomicrobiota,Verrucomicrobiae,Opitutales,Opitutaceae,Pelagicoccus,Pelagicoccus sp000155695,0,0,0,1,0,0,0,0,0,2,0,1,0,2,2,0,0,0,0
GCA_000306725.1,Archaea,Halobacteriota,Methanosarcinia,Methanosarcinales,Methanosarcinaceae,Methanolobus,Methanolobus psychrophilus,0,0,0,2,0,0,0,0,0,2,0,0,0,0,0,0,0,0,0
GCA_000307955.1,Bacteria,Desulfobacterota,Desulfovibrionia,Desulfovibrionales,Desulfovibrionaceae,Solidesulfovibrio,Solidesulfovibrio magneticus_A,0,0,0,0,0,0,0,0,0,2,0,4,0,2,2,0,0,3,0
GCA_000309865.1,Archaea,Methanobacteriota,Methanobacteria,Methanobacteriales,Methanobacteriaceae,Methanobacterium,Methanobacterium sp000309865,0,0,0,2,0,0,0,0,0,2,0,3,0,1,0,0,0,0,0
GCA_000309945.1,Bacteria,Cyanobacteriota,Cyanobacteriia,Leptolyngbyales,Leptolyngbyaceae,JSC-12,JSC-12 sp000309945,0,0,0,1,1,0,0,0,0,2,0,0,0,1,3,0,0,2,0
GCA_000332255.1,Bacteria,Cyanobacteriota,Cyanobacteriia,Cyanobacteriales,Nostocaceae,Chlorogloeopsis,Chlorogloeopsis sp000332255,0,0,0,0,1,0,0,0,0,2,0,1,0,2,2,0,0,2,0
GCA_000380225.1,Bacteria,Cyanobacteriota,Cyanobacteriia,Cyanobacteriales,Spirulinaceae,ESFC-1,ESFC-1 sp000380225,0,0,0,1,1,0,0,0,0,2,0,0,0,1,2,0,0,3,0
GCA_000410515.1,Bacteria,Pseudomonadota,Gammaproteobacteria,Enterobacterales,Enterobacteriaceae,Kosakonia,Kosakonia sp000410515,0,0,0,1,0,0,0,0,0,2,0,2,0,2,2,1,0,0,0
GCA_000421085.1,Bacteria,Pseudomonadota,Alphaproteobacteria,Rhizobiales,Rhizobiaceae,Sinorhizobium,Sinorhizobium sp000421085,0,0,0,2,1,0,0,0,0,2,0,0,1,5,4,0,0,1,0
GCA_000499765.1,Archaea,Methanobacteriota,Methanobacteria,Methanobacteriales,Methanobacteriaceae,Methanobacterium,Methanobacterium sp000499765,0,0,0,2,0,0,0,0,0,2,0,2,0,0,0,0,0,0,0
GCA_000504425.1,Bacteria,Pseudomonadota,Alphaproteobacteria,Rhizobiales,Xanthobacteraceae,Rhodopseudomonas,Rhodopseudomonas palustris_C,0,0,0,0,2,0,0,0,0,1,0,2,0,0,3,0,0,1,0
GCA_000517005.1,Bacteria,Pseudomonadota,Alphaproteobacteria,Rhizobiales,Beijerinckiaceae,Microvirga,Microvirga lupini,0,0,0,2,0,0,0,0,0,2,0,0,1,2,4,0,0,1,0
GCA_000681355.2,Bacteria,Bacillota_B,Desulfotomaculia,Desulfotomaculales,Nap2-2B,SCADC1-2-3,SCADC1-2-3 sp000681355,0,0,0,0,0,0,0,0,0,2,0,4,0,1,0,0,0,1,0
GCA_000739515.1,Bacteria,Moduliflexota,Moduliflexia,Moduliflexales,Moduliflexaceae,Moduliflexus,Moduliflexus flocculans,0,0,0,0,0,0,0,0,0,1,0,2,0,0,0,0,1,2,0
GCA_000743525.1,Bacteria,Campylobacterota,Campylobacteria,Campylobacterales,Sulfurospirillaceae,Sulfurospirillum,Sulfurospirillum sp000743525,0,0,2,0,1,0,0,0,0,2,0,2,0,2,2,1,0,3,0
GCA_000747095.1,Bacteria,Campylobacterota,Campylobacteria,Campylobacterales,Sulfurimonadaceae,Sulfuricurvum,Sulfuricurvum sp000747095,0,0,0,0,1,0,0,0,0,1,0,1,0,0,1,1,0,2,0
GCA_000769715.1,Bacteria,Desulfobacterota,Desulfobulbia,Desulfobulbales,Desulfocapsaceae,Desulfoprunum,Desulfoprunum sp000769715,0,0,0,0,0,0,0,0,0,2,0,3,0,1,2,0,0,4,0
GCA_000770645.1,Bacteria,Bacillota_B,Desulfitobacteriia,Desulfitobacteriales,Desulfitobacteriaceae,Desulfosporosinus,Desulfosporosinus sp000770645,0,0,0,0,0,0,0,0,0,1,0,1,0,0,0,0,0,1,0
GCA_000824785.1,Bacteria,Pseudomonadota,Alphaproteobacteria,Rhizobiales,Rhizobiaceae,Mesorhizobium,Mesorhizobium plurifarium,0,0,0,2,1,0,0,0,0,2,0,0,1,2,4,0,0,1,0
GCA_000824825.2,Bacteria,Pseudomonadota,Alphaproteobacteria,Rhizobiales,Rhizobiaceae,Mesorhizobium,Mesorhizobium sp000824825,0,0,0,3,1,0,0,0,0,2,0,1,1,2,4,0,0,2,0
GCA_000824845.1,Bacteria,Pseudomonadota,Alphaproteobacteria,Rhizobiales,Rhizobiaceae,Mesorhizobium,Mesorhizobium sp000824845,0,0,0,2,0,0,0,0,0,2,0,0,1,2,3,0,0,2,0
GCA_000828835.1,Bacteria,Pseudomonadota,Gammaproteobacteria,Beggiatoales,Beggiatoaceae,Thioploca,Thioploca ingrica,0,0,0,0,1,0,0,0,0,2,0,2,0,5,1,0,0,4,0
GCA_000828975.1,Bacteria,Pseudomonadota,Gammaproteobacteria,Burkholderiales,Burkholderiaceae_A,GJ-E10,GJ-E10 sp000828975,0,0,0,0,2,0,0,0,0,2,0,2,0,2,3,0,0,2,0
GCA_000830175.1,Bacteria,Campylobacterota,Campylobacteria,Campylobacterales,Sulfurovaceae,FS08-3,FS08-3 sp000830175,0,0,0,0,1,0,0,0,0,2,0,1,0,2,1,1,0,1,0
GCA_000961575.1,Bacteria,Bacillota_B,Desulfotomaculia,Desulfotomaculales,Desulfallaceae,BRH-c8a,BRH-c8a sp000961575,0,0,1,0,0,0,0,0,0,2,0,1,0,0,0,0,1,4,0
GCA_000961655.1,Bacteria,Desulfobacterota,Desulfobacteria,Desulfobacterales,Desulfosarcinaceae,Desulfatitalea,Desulfatitalea sp000961655,0,0,2,0,0,0,0,0,0,2,0,2,0,5,2,1,1,4,0
GCA_000961745.1,Bacteria,Pseudomonadota,Alphaproteobacteria,Rhodospirillales,Rhodospirillaceae,BRH-c57,BRH-c57 sp000961745,0,0,0,3,1,0,0,0,0,2,0,2,0,4,3,0,0,4,0
GCA_000985875.1,Bacteria,Pseudomonadota,Alphaproteobacteria,Rhizobiales,Rhizobiaceae,Neorhizobium,Neorhizobium galegae_C,0,0,0,1,0,0,0,0,0,2,0,0,1,3,4,0,0,1,0
GCA_001029295.1,Bacteria,Bacillota_B,Desulfitobacteriia,Desulfitobacteriales,Desulfitobacteriaceae,Acididesulfobacillus,Acididesulfobacillus sp001029295,0,0,1,0,0,0,0,0,0,2,0,4,0,1,1,0,1,4,0
GCA_001044195.1,Bacteria,Pseudomonadota,Gammaproteobacteria,Chromatiales,Chromatiaceae,Achromatium,Achromatium palustre,0,0,0,0,1,0,0,0,0,1,0,0,0,1,2,0,0,4,0
GCA_001314865.1,Bacteria,Cyanobacteriota,Cyanobacteriia,Phormidesmiales,Phormidesmiaceae,Phormidesmis,Phormidesmis priestleyi_B,0,0,0,1,1,0,0,0,0,2,0,0,1,1,1,0,0,2,0
GCA_001462245.1,Bacteria,Fibrobacterota,Fibrobacteria,Fibrobacterales,Fibrobacteraceae,Fibromonas,Fibromonas termitidis,0,0,0,0,0,0,0,0,0,1,0,1,0,0,1,0,0,0,0
GCA_001493195.1,Bacteria,Campylobacterota,Campylobacteria,Campylobacterales,Sulfurovaceae,BN30871,BN30871 sp001493195,0,0,0,0,1,0,0,0,0,1,0,1,0,0,1,1,0,1,0
GCA_001509375.1,Archaea,Halobacteriota,Methanosarcinia,Methanotrichales,Methanotrichaceae,Methanothrix_A,Methanothrix_A harundinacea_D,0,0,0,2,1,0,0,0,0,1,0,0,0,0,0,0,0,0,0
GCA_001516045.1,Bacteria,Bacillota_B,Desulfitobacteriia,Desulfitobacteriales,Desulfitobacteriaceae,Desulfosporosinus,Desulfosporosinus sp001516045,0,0,1,0,0,0,0,0,0,2,0,5,0,2,1,0,1,4,0
GCA_001516055.1,Bacteria,Bacillota_B,Desulfitobacteriia,Desulfitobacteriales,Syntrophobotulaceae,Gracilibacter,Gracilibacter sp001516055,0,0,2,0,0,0,0,0,0,2,0,4,0,0,0,0,0,3,0
GCA_001548395.1,Bacteria,Cyanobacteriota,Cyanobacteriia,Elainellales,Elainellaceae,O-77,O-77 sp001548395,0,0,0,0,1,0,0,0,0,2,0,0,0,1,2,0,0,2,0
GCA_001602645.1,Archaea,Halobacteriota,Methanosarcinia,Methanotrichales,Methanotrichaceae,Methanothrix_A,Methanothrix_A sp001602645,0,0,0,3,1,0,0,0,0,1,0,0,0,1,0,0,0,0,0
GCA_001602925.1,Bacteria,Bacteroidota,Chlorobia,Chlorobiales,Chlorobiaceae,Chlorobaculum,Chlorobaculum sp001602925,0,0,0,0,1,0,0,0,0,2,0,1,0,1,2,0,0,5,0
GCA_001603035.1,Bacteria,Bacillota_A,Clostridia,Saccharofermentanales,Saccharofermentanaceae,Firm-13,Firm-13 sp001603035,0,0,0,0,0,0,0,0,0,0,0,2,0,0,0,0,0,0,0
GCA_001603055.1,Bacteria,Verrucomicrobiota,Lentisphaeria,UBA1407,Lenti-02,Lenti-02,Lenti-02 sp001603055,0,0,0,0,0,0,0,0,0,1,0,2,0,0,0,0,0,1,0
GCA_001603335.1,Bacteria,Pseudomonadota,Alphaproteobacteria,Rhodospirillales,Rhodospirillaceae,Alpha-05,Alpha-05 sp001603335,0,0,0,1,0,0,0,0,0,1,0,0,0,1,3,0,0,0,0
GCA_001603805.1,Bacteria,Deferribacterota,Deferribacteres,Deferribacterales,Denitrovibrionaceae,Geovibrio,Geovibrio sp001603805,0,0,1,0,0,0,0,0,0,1,0,1,0,2,3,0,0,1,0
GCA_001603845.1,Bacteria,Desulfobacterota,Syntrophobacteria,Syntrophobacterales,Syntrophobacteraceae,SbD1,SbD1 sp001603845,0,0,0,0,0,0,0,0,0,2,0,4,0,0,1,0,0,3,0
GCA_001604585.1,Bacteria,Verrucomicrobiota,Verrucomicrobiae,Opitutales,Verruco-01,Verruco-01,Verruco-01 sp001604585,0,0,0,0,0,0,0,0,0,1,0,0,0,0,1,0,0,0,0
GCA_001622165.1,Bacteria,Bacteroidota,Chlorobia,Chlorobiales,Chlorobiaceae,Chlorobium,Chlorobium luteolum_B,0,0,0,0,1,0,0,0,0,2,0,0,0,1,1,0,0,3,0
GCA_001644045.1,Bacteria,Pseudomonadota,Gammaproteobacteria,Methylococcales,Methylomonadaceae,Methylomonas,Methylomonas methanica,0,0,0,3,0,0,0,0,0,2,0,2,0,5,2,1,0,2,0
GCA_001650175.1,Bacteria,Verrucomicrobiota,Verrucomicrobiae,Opitutales,Opitutaceae,Ereboglobus,Ereboglobus sp001650175,0,0,0,0,0,0,0,0,0,2,0,0,0,2,3,0,0,0,0
GCA_001657325.1,Bacteria,Cyanobacteriota,Cyanobacteriia,Cyanobacteriales,Geitlerinemaceae,Geitlerinema,Geitlerinema sp001657325,0,0,0,1,1,0,0,0,0,2,0,1,0,1,2,0,0,3,0
GCA_001698425.1,Bacteria,Cyanobacteriota,Cyanobacteriia,Cyanobacteriales,Microcoleaceae,Kamptonema,Kamptonema sp001698425,0,0,0,1,1,0,0,0,0,2,0,1,0,1,2,0,0,1,0
GCA_001714685.2,Archaea,Halobacteriota,Methanosarcinia,Methanosarcinales,Methanosarcinaceae,Methanosarcina,Methanosarcina sp001714685,0,0,0,3,0,0,0,0,0,1,0,2,0,1,1,0,0,1,0
GCA_001768075.1,Bacteria,Myxococcota,Myxococcia,Myxococcales,Anaeromyxobacteraceae,R267,R267 sp001768075,0,0,0,1,1,0,0,0,0,2,0,2,0,5,3,0,0,4,0
GCA_001770725.1,Bacteria,Pseudomonadota,Gammaproteobacteria,Burkholderiales,Burkholderiaceae_B,Aquabacterium,Aquabacterium sp001770725,0,0,0,2,0,0,0,0,0,2,0,0,0,2,3,0,0,1,0
GCA_001783715.1,Bacteria,SAR324,SAR324,XYD2-FULL-50-16,XYD2-FULL-50-16,XYC1-FULL-56-13,XYC1-FULL-56-13 sp001783715,0,0,0,0,0,0,0,0,0,2,0,1,0,1,0,0,0,2,0
GCA_001799255.1,Bacteria,Desulfobacterota,Desulfobulbia,Desulfobulbales,Desulfurivibrionaceae,UBA2262,UBA2262 sp001799255,0,0,2,0,0,0,0,0,0,2,0,0,0,3,1,0,0,2,0
GCA_001799365.1,Bacteria,Desulfobacterota,Desulfobulbia,Desulfobulbales,Desulfocapsaceae,Desulforhopalus,Desulforhopalus sp001799365,0,0,0,0,0,0,0,0,0,2,0,3,0,3,3,0,0,4,0
GCA_001799485.1,Bacteria,Desulfobacterota_F,Desulfuromonadia,Desulfuromonadales,UBA2197,UBA12091,UBA12091 sp001799485,0,0,2,0,0,0,0,0,0,1,0,1,0,1,1,0,0,2,0
GCA_001800355.1,Bacteria,Elusimicrobiota,Endomicrobia,Endomicrobiales,XYA2-FULL-47-53,XYB2-FULL-50-12,XYB2-FULL-50-12 sp001800355,0,0,0,0,0,0,0,0,0,1,0,2,0,0,0,0,0,0,0
GCA_001800515.1,Bacteria,Fibrobacterota,OXYB2-FULL-49-7,OXYB2-FULL-49-7,OXYB2-FULL-49-7,OXYB2-FULL-49-7,OXYB2-FULL-49-7 sp001800515,0,0,0,0,0,0,0,0,0,1,0,3,0,0,0,0,0,0,0
GCA_001801105.1,Bacteria,Pseudomonadota,Gammaproteobacteria,Burkholderiales,Gallionellaceae,Gallionella,Gallionella sp001801105,0,0,1,0,0,0,0,0,0,2,0,0,0,1,1,0,0,3,0
GCA_001801995.1,Bacteria,Pseudomonadota,Gammaproteobacteria,Chromatiales,Sedimenticolaceae,YD12-FULL-61-37,YD12-FULL-61-37 sp001801995,0,0,2,1,1,0,0,0,0,2,0,2,0,5,2,0,0,4,0
GCA_001802125.1,Bacteria,Desulfobacterota_F,Desulfuromonadia,Geobacterales,Pseudopelobacteraceae,JACRCG01,JACRCG01 sp001802125,0,0,2,0,0,0,0,0,0,1,0,2,0,2,1,0,0,2,0
GCA_001802645.1,Bacteria,Desulfobacterota_F,Desulfuromonadia,Geobacterales,Pseudopelobacteraceae,JACRCG01,JACRCG01 sp001802645,0,0,2,0,0,0,0,0,0,1,0,3,0,2,2,0,0,2,0
GCA_001802655.1,Bacteria,Pseudomonadota,Gammaproteobacteria,Burkholderiales,Thiobacillaceae,Thiobacillus,Thiobacillus sp001802655,0,0,0,1,1,0,0,0,0,2,0,1,0,3,3,0,0,5,0
GCA_001804815.1,Bacteria,Verrucomicrobiota,Lentisphaeria,Victivallales,GWF2-50-93,GWF2-50-93,GWF2-50-93 sp001804815,0,0,0,0,0,0,0,0,0,1,0,3,0,0,1,0,0,0,0
GCA_001805085.1,Bacteria,Nitrospirota,UBA9217,UBA9217,UBA9217,MHEA01,MHEA01 sp001805085,0,0,0,0,0,0,0,0,0,1,0,1,0,3,3,0,0,2,0
GCA_001805105.1,Bacteria,Nitrospirota,Thermodesulfovibrionia,Thermodesulfovibrionales,UBA1546,UBA1546,UBA1546 sp001805105,0,0,0,0,0,0,0,0,0,1,0,0,0,2,0,0,0,4,0
GCA_001828935.1,Bacteria,Pseudomonadota,Gammaproteobacteria,Burkholderiales,Rhodocyclaceae,Sulfuritalea,Sulfuritalea sp001828935,0,0,1,1,1,0,0,0,0,2,0,3,0,4,2,1,0,3,0
GCA_001829125.1,Bacteria,Spirochaetota,GWE2-31-10,GWE2-31-10,GWE2-31-10,GWC1-27-15,GWC1-27-15 sp001829125,0,0,0,0,0,0,0,0,0,1,0,4,0,0,0,0,0,1,0
GCA_001829155.1,Bacteria,Spirochaetota,GWB1-36-13,GWB1-36-13,GWB1-36-13,GWB1-36-13,GWB1-36-13 sp001829155,0,0,0,0,0,0,0,0,0,1,0,2,0,0,0,0,0,0,1
GCA_001829315.1,Bacteria,Spirochaetota,GWE2-31-10,GWE2-31-10,GWE2-31-10,GWE2-31-10,GWE2-31-10 sp001829315,0,0,0,0,0,0,0,0,0,1,0,2,0,0,0,0,0,0,0
GCA_001829785.1,Bacteria,Campylobacterota,Campylobacteria,Campylobacterales,Sulfurimonadaceae,Sulfurimonas,Sulfurimonas sp001829785,0,0,0,0,1,0,0,0,0,2,0,2,0,4,1,0,0,2,0
GCA_001871085.1,Bacteria,Desulfobacterota,Desulfovibrionia,Desulfovibrionales,Desulfovibrionaceae,Humidesulfovibrio,Humidesulfovibrio sp001871085,0,0,0,0,0,0,0,0,0,2,0,1,0,1,1,0,0,4,0
GCA_001872725.1,Bacteria,Pseudomonadota,Zetaproteobacteria,CG1-02-64-396,CG1-02-64-396,CG1-02-64-396,CG1-02-64-396 sp001872725,0,0,0,0,0,0,0,0,0,2,0,2,0,0,0,0,0,3,0
GCA_001890975.1,Bacteria,Cyanobacteriota,Cyanobacteriia,Cyanobacteriales,Desertifilaceae,Roseofilum,Roseofilum reptotaenium_A,0,0,0,1,1,0,0,0,0,2,0,1,1,1,2,0,0,3,0
GCA_001914235.1,Bacteria,Desulfobacterota,Desulfobulbia,Desulfobulbales,Desulfurivibrionaceae,DB1,DB1 sp001914235,0,0,1,0,0,0,0,0,0,2,0,2,0,2,1,0,0,4,0
GCA_002009425.1,Bacteria,Pseudomonadota,Gammaproteobacteria,Chromatiales,Sedimenticolaceae,41T-STBD-0c-01a,41T-STBD-0c-01a sp002009425,0,0,0,3,1,0,0,0,0,2,0,2,0,4,3,0,0,6,0
GCA_002049495.1,Bacteria,Campylobacterota,Campylobacteria,Campylobacterales,Sulfurovaceae,TCS-49,TCS-49 sp002049495,0,0,0,1,1,0,0,0,0,2,0,2,0,1,2,1,0,2,0
GCA_002067065.1,Archaea,Methanobacteriota,Methanobacteria,Methanobacteriales,Methanobacteriaceae,Methanobacterium,Methanobacterium sp002067065,0,0,0,2,0,0,0,0,0,2,0,2,0,1,0,0,0,0,0
GCA_002067275.1,Archaea,Halobacteriota,Methanosarcinia,Methanosarcinales,Methanosarcinaceae,Methanomethylovorans,Methanomethylovorans sp002067275,0,0,0,2,0,0,0,0,0,2,0,0,0,0,0,0,0,0,0
GCA_002067325.1,Archaea,Methanobacteriota,Methanobacteria,Methanobacteriales,Methanobacteriaceae,Methanobacterium_A,Methanobacterium_A sp002067325,0,0,0,2,0,0,0,0,0,2,0,2,0,0,0,0,0,0,0
GCA_002067365.1,Archaea,Halobacteriota,Methanosarcinia,Methanotrichales,Methanotrichaceae,Methanothrix,Methanothrix sp002067365,0,0,0,2,1,0,0,0,0,1,0,0,0,1,0,0,0,0,0
GCA_002067405.1,Bacteria,Desulfobacterota_G,Syntrophorhabdia,Syntrophorhabdales,WCHB1-27,BOG-1155,BOG-1155 sp002067405,0,0,0,0,0,0,0,0,0,2,0,4,0,1,2,0,0,1,0
GCA_002067705.1,Archaea,Halobacteriota,Methanosarcinia,Methanotrichales,Methanotrichaceae,Methanothrix,Methanothrix sp002067705,0,0,0,2,1,0,0,0,0,1,0,0,0,1,0,0,0,1,0
GCA_002067755.1,Archaea,Halobacteriota,Methanosarcinia,Methanotrichales,Methanotrichaceae,Methanothrix,Methanothrix sp002067755,0,0,0,2,1,0,0,0,0,1,0,0,0,0,0,0,0,0,0
GCA_002069975.1,Bacteria,Bacteroidota,Bacteroidia,Bacteroidales,UBA1715,WQTX01,WQTX01 sp002069975,0,0,0,0,0,0,0,0,0,1,0,0,0,2,1,0,0,0,0
GCA_002083615.1,Bacteria,Pseudomonadota,Gammaproteobacteria,Methylococcales,Methylomonadaceae,Methylomonas,Methylomonas sp002083615,0,0,0,3,0,0,0,0,0,2,0,1,0,2,2,0,0,2,0
GCA_002110465.1,Bacteria,Cyanobacteriota,Cyanobacteriia,Cyanobacteriales,Microcystaceae_A,Rippkaea,Rippkaea sp002110465,0,0,0,1,1,0,0,0,0,2,0,2,0,0,2,0,0,2,0
GCA_002237645.1,Bacteria,Desulfobacterota,Desulfovibrionia,Desulfovibrionales,Desulfovibrionaceae,Desulfovibrio,Desulfovibrio sp002237645,0,0,0,0,0,0,0,0,0,2,0,2,0,2,1,0,0,3,0
GCA_002270295.1,Bacteria,Pseudomonadota,Gammaproteobacteria,Enterobacterales,Enterobacteriaceae,Klebsiella,Klebsiella sp002270295,0,0,0,1,0,0,0,0,0,2,0,1,1,3,2,1,1,0,0
GCA_002281555.1,Bacteria,Pseudomonadota,Gammaproteobacteria,Burkholderiales,Thiobacillaceae,PFJX01,PFJX01 sp002281555,0,0,0,0,2,0,0,0,0,2,0,3,0,4,1,0,0,4,0
GCA_002294045.1,Bacteria,Bacillota_A,Clostridia,Lachnospirales,Lachnospiraceae,Anaerocolumna,Anaerocolumna sp002294045,0,0,0,0,0,0,0,0,0,1,0,4,0,0,0,0,0,2,0
GCA_002298145.1,Bacteria,Verrucomicrobiota,Verrucomicrobiae,Chthoniobacterales,Chthoniobacteraceae,UBA695,UBA695 sp002298145,0,0,0,0,0,0,0,0,0,1,0,0,0,0,1,0,0,0,0
GCA_002298165.1,Bacteria,Desulfobacterota,Syntrophobacteria,Syntrophobacterales,Syntrophobacteraceae,SbD1,SbD1 sp002298165,0,0,1,0,0,0,0,0,0,2,0,2,0,2,2,0,0,2,0
GCA_002298335.1,Bacteria,Pseudomonadota,Gammaproteobacteria,Pseudomonadales,DSM-6294,Oleibacter,Oleibacter sp002298335,0,0,0,1,0,0,0,0,0,2,0,2,0,2,3,0,0,2,0
GCA_002298925.1,Bacteria,Desulfobacterota_F,Desulfuromonadia,Geobacterales,Pseudopelobacteraceae,Pelotalea,Pelotalea sp002298925,0,0,1,1,0,0,0,0,0,1,0,2,0,3,3,1,0,1,0
GCA_002304785.1,Bacteria,Pseudomonadota,Gammaproteobacteria,Burkholderiales,Rhodocyclaceae,Propionivibrio,Propionivibrio sp002304785,0,0,2,0,0,0,0,0,0,2,0,1,0,5,3,0,0,1,0
GCA_002306005.1,Bacteria,Bacillota_A,Clostridia,Oscillospirales,Ruminococcaceae,UBA1366,UBA1366 sp002306005,0,0,0,0,0,0,0,0,0,1,0,3,0,0,0,0,0,1,0
GCA_002306945.1,Bacteria,Verrucomicrobiota,Verrucomicrobiae,Methylacidiphilales,UBA1321,UBA1321,UBA1321 sp002306945,0,0,0,0,0,1,0,0,0,1,0,0,0,1,2,0,0,0,0
GCA_002306975.1,Bacteria,Bacillota_A,Clostridia,Oscillospirales,Ethanoligenenaceae,Ruminiclostridium_D,Ruminiclostridium_D sp002306975,0,0,0,0,0,0,0,0,0,1,0,3,0,1,0,0,0,1,0
GCA_002307055.1,Bacteria,Bacillota_A,Clostridia,Oscillospirales,Oscillospiraceae,Sporobacter,Sporobacter sp002307055,0,0,0,0,0,0,0,0,0,1,0,4,0,0,0,0,0,0,0
GCA_002307185.1,Bacteria,Bacteroidota,Bacteroidia,Bacteroidales,Dysgonomonadaceae,UBA1309,UBA1309 sp002307185,0,0,0,0,0,0,0,0,0,1,0,0,0,0,1,0,0,1,0
GCA_002307215.1,Bacteria,Bacillota_A,Clostridia,Lachnospirales,Lachnospiraceae,Mobilitalea,Mobilitalea sp002307215,0,0,0,0,0,0,0,0,0,1,0,4,0,0,0,0,0,0,0
GCA_002307725.1,Bacteria,Pseudomonadota,Alphaproteobacteria,Micropepsales,Micropepsaceae,Rhizomicrobium,Rhizomicrobium sp002307725,0,0,0,0,0,0,0,0,0,2,0,1,0,1,3,0,0,1,0
GCA_002314145.1,Bacteria,Pseudomonadota,Gammaproteobacteria,Pseudomonadales,DSM-6294,Venatoribacter,Venatoribacter sp002314145,0,0,0,1,0,0,0,0,0,2,0,1,0,2,3,0,0,2,0
GCA_002314445.1,Bacteria,Spirochaetota,Spirochaetia,Treponematales,Treponemataceae,Treponema_D,Treponema_D sp002314445,0,0,0,0,0,0,0,0,0,1,0,4,0,0,0,0,0,0,0
GCA_002325605.1,Bacteria,Chloroflexota,Chloroflexia,Chloroflexales,Chloroflexaceae,UBA1466,UBA1466 sp002325605,0,0,0,0,0,0,0,0,0,1,0,2,0,0,0,0,0,1,0
GCA_002328495.1,Bacteria,Campylobacterota,Campylobacteria,Campylobacterales,Sulfurospirillaceae,Sulfurospirillum,Sulfurospirillum sp002328495,0,0,1,0,0,0,0,0,0,2,0,2,0,2,2,1,0,2,0
GCA_002337055.1,Bacteria,Pseudomonadota,Gammaproteobacteria,Burkholderiales,Rhodocyclaceae,UBA1934,UBA1934 sp002337055,0,0,2,0,0,0,0,0,0,2,0,2,0,2,2,0,0,1,0
GCA_002340095.1,Bacteria,Pseudomonadota,Gammaproteobacteria,Burkholderiales,Rhodocyclaceae,Azovibrio,Azovibrio sp002340095,0,0,0,0,0,0,0,0,0,2,0,3,0,1,2,0,0,1,0
GCA_002340255.1,Bacteria,Cyanobacteriota,Cyanobacteriia,Cyanobacteriales,Desertifilaceae,Roseofilum,Roseofilum sp002340255,0,0,0,1,1,0,0,0,0,2,0,0,1,1,2,0,0,3,0
GCA_002341805.1,Bacteria,Aquificota,Aquificae,Aquificales,Hydrogenobaculaceae,Hydrogenobaculum,Hydrogenobaculum sp002341805,0,0,0,0,0,0,0,0,0,1,0,1,0,4,2,0,0,2,0
GCA_002342805.1,Bacteria,Bacillota_A,Clostridia,Lachnospirales,Vallitaleaceae,UBA1351,UBA1351 sp002342805,0,0,0,0,0,0,0,0,0,1,0,5,0,0,0,0,0,0,0
GCA_002343685.1,Bacteria,Pseudomonadota,Gammaproteobacteria,Burkholderiales,Thiobacillaceae,Thiobacillus,Thiobacillus denitrificans_A,0,0,0,1,2,0,0,0,0,2,0,1,0,5,2,0,0,5,0
GCA_002345025.1,Bacteria,Pseudomonadota,Gammaproteobacteria,Burkholderiales,Rhodocyclaceae,Accumulibacter,Accumulibacter iunctus,0,0,0,1,1,0,0,0,0,2,0,2,0,5,1,0,0,2,0
GCA_002347405.1,Bacteria,Pseudomonadota,Gammaproteobacteria,Burkholderiales,Rhodocyclaceae,UBA2250,UBA2250 sp002347405,0,0,2,0,2,0,0,0,0,2,0,1,0,4,1,1,0,4,0
GCA_002356515.1,Bacteria,Pseudomonadota,Alphaproteobacteria,Rhizobiales,Rhizobiaceae,Mesorhizobium,Mesorhizobium loti_C,0,0,0,2,0,0,0,0,0,2,0,0,1,3,4,0,0,1,0
GCA_002382085.1,Bacteria,Campylobacterota,Campylobacteria,Campylobacterales,Sulfurospirillaceae,Sulfurospirillum,Sulfurospirillum sp002382085,0,0,1,0,0,0,0,0,0,2,0,2,0,3,1,1,0,2,0
GCA_002382325.1,Bacteria,Campylobacterota,Campylobacteria,Campylobacterales,Arcobacteraceae,Marinarcus,Marinarcus sp002382325,0,0,1,0,0,0,0,0,0,1,0,1,0,5,1,1,0,1,0
GCA_002382645.1,Bacteria,Desulfobacterota,Desulfovibrionia,Desulfovibrionales,Desulfovibrionaceae,Aminidesulfovibrio,Aminidesulfovibrio sp002382645,0,0,0,0,0,0,0,0,0,2,0,0,0,3,2,0,0,3,0
GCA_002387725.1,Bacteria,Nitrospirota_A,Leptospirillia,Leptospirillales,Leptospirillaceae,UBA4572,UBA4572 sp002387725,0,0,0,0,0,1,0,0,0,2,0,0,0,1,2,0,0,3,0
GCA_002397275.1,Bacteria,Bacillota_B,DSM-12270,Thermacetogeniales,Thermacetogeniaceae,Syntrophaceticus,Syntrophaceticus sp002397275,0,0,0,0,0,0,0,0,0,1,0,2,0,0,0,0,0,1,0
GCA_002398825.1,Bacteria,Bacillota_B,Syntrophomonadia,Syntrophomonadales,Syntrophomonadaceae,DTU019,DTU019 sp002398825,0,0,0,0,0,0,0,0,0,1,0,3,0,0,0,0,0,1,0
GCA_002399405.1,Bacteria,Spirochaetota,Spirochaetia,Treponematales,Treponemataceae,Treponema_D,Treponema_D sp002399405,0,0,0,0,0,0,0,0,0,1,0,4,0,0,0,0,0,0,0
GCA_002402635.1,Bacteria,Deferribacterota,Deferribacteres,Deferribacterales,UBA228,UBA228,UBA228 sp002402635,0,0,0,0,0,0,0,0,0,1,0,1,0,1,2,0,1,3,0
GCA_002402945.1,Bacteria,Bacillota_B,Desulfotomaculia,Desulfotomaculales,Pelotomaculaceae,Syntrophopropionicum,Syntrophopropionicum sp002402945,0,0,0,0,0,0,0,0,0,1,0,1,0,0,0,0,0,1,0
GCA_002403375.1,Bacteria,Pseudomonadota,Gammaproteobacteria,Burkholderiales,Thiobacillaceae,Thiobacillus,Thiobacillus denitrificans_E,0,0,0,1,2,0,0,0,0,2,0,1,0,4,3,0,0,5,0
GCA_002403385.1,Bacteria,Desulfobacterota,Syntrophia,Syntrophales,UBA4767,UBA4767,UBA4767 sp002403385,0,0,0,0,0,0,0,0,0,2,0,1,0,0,0,0,0,1,0
GCA_002403785.1,Bacteria,Bacillota_A,Clostridia,Clostridiales,Clostridiaceae,Clostridium_AD,Clostridium_AD sp002403785,0,0,0,0,0,0,0,0,0,1,0,3,0,0,1,0,1,2,0
GCA_002410325.1,Bacteria,Bacillota_B,Syntrophomonadia,Syntrophomonadales,Syntrophomonadaceae,UBA5314,UBA5314 sp002410325,0,0,0,0,0,0,0,0,0,1,0,3,0,1,1,0,0,1,0
GCA_002411145.1,Bacteria,Bacillota_C,Negativicutes,UBA11029,UBA11029,UBA11029,UBA11029 sp002411145,0,0,0,0,0,0,0,0,0,1,0,4,0,0,1,0,0,1,0
GCA_002412865.1,Bacteria,Campylobacterota,Campylobacteria,Campylobacterales,Sulfurovaceae,BN30871,BN30871 sp002412865,0,0,0,0,1,0,0,0,0,1,0,0,0,0,1,1,0,1,0
GCA_002413395.1,Bacteria,Pseudomonadota,Gammaproteobacteria,Burkholderiales,Burkholderiaceae_B,Polaromonas,Polaromonas sp002413395,0,0,0,1,0,0,0,0,0,2,0,1,0,3,3,0,0,1,0
GCA_002414145.1,Bacteria,Pseudomonadota,Gammaproteobacteria,Burkholderiales,Methylophilaceae,Methylophilus,Methylophilus sp002414145,0,0,0,2,0,0,0,0,0,0,0,0,0,2,2,0,0,1,0
GCA_002414225.1,Bacteria,Desulfobacterota,Desulfobulbia,Desulfobulbales,Desulfurivibrionaceae,UBA5123,UBA5123 sp002414225,0,0,0,0,0,0,0,0,0,1,0,2,0,3,1,0,0,4,0
GCA_002417905.1,Bacteria,Pseudomonadota,Gammaproteobacteria,Pseudomonadales,Pseudomonadaceae,Azomonas,Azomonas sp002417905,0,0,0,1,0,0,0,0,0,1,0,0,0,1,2,0,0,0,0
GCA_002417975.1,Bacteria,Actinomycetota,Coriobacteriia,Coriobacteriales,Eggerthellaceae,UBA5808,UBA5808 sp002417975,0,0,0,0,0,0,0,0,0,1,0,2,0,0,0,0,1,0,0
GCA_002418835.1,Bacteria,Spirochaetota,UBA4802,UBA4802,UBA5550,UBA5550,UBA5550 sp002418835,0,0,0,0,0,0,0,0,0,1,0,7,0,2,1,0,0,1,0
GCA_002419025.1,Bacteria,Desulfobacterota,Dissulfuribacteria,Dissulfuribacterales,UBA5754,UBA5754,UBA5754 sp002419025,0,0,0,0,0,0,0,0,0,2,0,1,0,3,1,0,0,4,0
GCA_002419465.1,Bacteria,Desulfobacterota_F,Desulfuromonadia,Geobacterales,Pseudopelobacteraceae,Trichlorobacter,Trichlorobacter sp002419465,0,0,2,1,0,0,0,0,0,1,0,2,0,2,2,0,0,1,0
GCA_002421845.1,Bacteria,Campylobacterota,Campylobacteria,Campylobacterales,Arcobacteraceae,UBA6211,UBA6211 sp002421845,0,0,1,0,1,0,0,0,0,1,0,1,0,2,2,1,0,2,0
GCA_002422505.1,Bacteria,Desulfobacterota,Desulfovibrionia,Desulfovibrionales,Desulfovibrionaceae,Humidesulfovibrio,Humidesulfovibrio sp002422505,0,0,1,0,0,0,0,0,0,2,0,2,0,1,1,0,0,3,0
GCA_002423105.1,Bacteria,Desulfobacterota_F,Desulfuromonadia,Geobacterales,Pseudopelobacteraceae,Trichlorobacter,Trichlorobacter sp002423105,0,0,2,0,0,0,0,0,0,1,0,4,0,2,2,1,0,2,0
GCA_002423435.1,Bacteria,Bacillota_A,Clostridia,Oscillospirales,Butyricicoccaceae,UBA6114,UBA6114 sp002423435,0,0,0,0,0,0,0,0,0,1,0,3,0,0,0,0,0,1,0
GCA_002424865.1,Bacteria,Pseudomonadota,Gammaproteobacteria,Burkholderiales,Rhodocyclaceae,Rugosibacter,Rugosibacter sp002424865,0,0,0,2,0,0,0,0,0,2,0,0,0,1,3,0,0,1,0
GCA_002428055.1,Bacteria,Campylobacterota,Campylobacteria,Campylobacterales,UBA6016,UBA6016,UBA6016 sp002428055,0,0,0,0,1,0,0,0,0,1,0,1,0,0,1,1,0,2,0
GCA_002428085.1,Bacteria,Campylobacterota,Campylobacteria,Campylobacterales,Sulfurimonadaceae,Sulfurimonas,Sulfurimonas sp002428085,0,0,1,0,1,0,0,0,0,2,0,2,0,0,1,0,0,3,0
GCA_002428705.1,Bacteria,Desulfobacterota,Desulfovibrionia,Desulfovibrionales,Desulfovibrionaceae,UBA6079,UBA6079 sp002428705,0,0,1,1,0,0,0,0,0,2,0,2,0,1,1,0,0,3,0
GCA_002434245.1,Bacteria,Bacillota_C,Negativicutes,Propionisporales,DSM-13327,Pelosinus,Pelosinus fermentans_B,0,0,0,0,0,0,0,0,0,1,0,3,0,2,1,0,0,0,0
GCA_002435715.1,Bacteria,Pseudomonadota,Alphaproteobacteria,Rhodospirillales,Magnetospirillaceae,Magnetospirillum,Magnetospirillum sp002435715,0,0,0,1,1,0,0,0,0,2,0,2,0,6,3,0,0,3,0
GCA_002448875.1,Bacteria,Pseudomonadota,Gammaproteobacteria,SG8-11,SG8-11,UBA6920,UBA6920 sp002448875,0,0,0,0,1,0,0,0,0,0,0,0,0,4,1,0,0,4,0
GCA_002452335.1,Bacteria,Deferribacterota,Deferribacteres,Deferribacterales,Denitrovibrionaceae,Seleniivibrio,Seleniivibrio sp002452335,0,0,1,0,0,0,0,0,0,1,0,1,0,2,3,0,1,1,0
GCA_002452405.1,Bacteria,Deferribacterota,Deferribacteres,Deferribacterales,Denitrovibrionaceae,Seleniivibrio,Seleniivibrio sp002452405,0,0,1,0,0,0,0,0,0,1,0,2,0,2,3,0,0,1,0
GCA_002470165.1,Bacteria,Pseudomonadota,Gammaproteobacteria,Burkholderiales,Rhodocyclaceae,Azonexus,Azonexus sp002470165,0,0,0,0,1,0,0,0,0,2,0,2,0,5,1,1,0,1,0
GCA_002471665.1,Bacteria,Pseudomonadota,Gammaproteobacteria,Pseudomonadales,Ketobacteraceae,Ketobacter,Ketobacter sp002471665,0,0,0,1,0,0,0,0,0,2,0,3,0,5,3,0,0,2,0
GCA_002480565.1,Bacteria,Planctomycetota,Phycisphaerae,Phycisphaerales,Phycisphaeraceae,UBA7800,UBA7800 sp002480565,0,0,0,0,0,1,0,0,0,2,0,1,0,2,1,0,0,1,0
GCA_002482415.1,Bacteria,Planctomycetota,Phycisphaerae,Sedimentisphaerales,Anaerohalosphaeraceae,UBA7708,UBA7708 sp002482415,0,0,0,0,0,0,0,0,0,1,0,4,0,1,0,0,0,1,0
GCA_002483605.1,Bacteria,Campylobacterota,Campylobacteria,Campylobacterales,Sulfurovaceae,BN30871,BN30871 sp002483605,0,0,0,0,1,0,0,0,0,1,0,1,0,0,1,0,0,1,0
GCA_002495625.1,Archaea,Methanobacteriota,Methanobacteria,Methanobacteriales,Methanobacteriaceae,Methanobacterium_A,Methanobacterium_A sp002495625,0,0,0,2,0,0,0,0,0,2,0,2,0,1,0,0,0,0,0
GCA_002501695.1,Archaea,Halobacteriota,Methanosarcinia,Methanosarcinales,Methanosarcinaceae,Methanolobus,Methanolobus sp002501695,0,0,0,1,0,0,0,0,0,2,0,1,0,0,0,0,0,0,0
GCA_002502735.1,Archaea,Halobacteriota,Methanomicrobia,Methanomicrobiales,Methanoregulaceae,Methanoregula,Methanoregula sp002502735,0,0,0,2,0,0,0,0,0,2,0,1,0,0,0,0,0,0,0
GCA_002502785.1,Archaea,Halobacteriota,Methanosarcinia,Methanotrichales,Methanotrichaceae,Methanothrix_A,Methanothrix_A harundinacea_A,0,0,0,2,1,0,0,0,0,1,0,0,0,1,0,0,0,0,0
GCA_002503595.1,Archaea,Halobacteriota,Methanosarcinia,Methanosarcinales,Methanogasteraceae,Methanogaster,Methanogaster sp002503595,0,0,0,2,0,0,0,0,0,1,0,0,0,1,0,0,0,0,0
GCA_002503825.1,Archaea,Halobacteriota,Methanomicrobia,Methanomicrobiales,Methanoregulaceae,UBA467,UBA467 sp002503825,0,0,0,1,0,0,0,0,0,2,0,2,0,1,0,0,0,0,0
GCA_002503885.1,Archaea,Halobacteriota,Methanomicrobia,Methanomicrobiales,Methanoculleaceae,Methanoculleus,Methanoculleus marisnigri_B,0,0,0,2,0,0,0,0,0,2,0,2,0,0,0,0,0,0,0
GCA_002505485.1,Archaea,Halobacteriota,Methanosarcinia,Methanosarcinales,Methanosarcinaceae,Methanosarcina,Methanosarcina sp002505485,0,0,0,2,0,0,0,0,0,1,0,2,0,1,1,0,0,0,0
GCA_002505765.1,Archaea,Methanobacteriota,Methanobacteria,Methanobacteriales,Methanobacteriaceae,Methanobacterium_D,Methanobacterium_D sp002505765,0,0,0,2,0,0,0,0,0,1,0,2,0,0,0,0,0,0,0
GCA_002507205.1,Archaea,Halobacteriota,Methanosarcinia,Methanosarcinales,Methanosarcinaceae,Methanolobus,Methanolobus sp002507205,0,0,0,2,0,0,0,0,0,2,0,0,0,1,0,0,0,1,0
GCA_002508425.1,Archaea,Halobacteriota,Methanosarcinia,Methanosarcinales,Methanosarcinaceae,Methanomethylovorans,Methanomethylovorans sp002508425,0,0,0,2,0,0,0,0,0,1,0,1,0,0,1,0,0,1,0
GCA_002508705.1,Archaea,Halobacteriota,Methanomicrobia,Methanomicrobiales,Methanoculleaceae,Methanoculleus,Methanoculleus sp002508705,0,0,0,2,0,0,0,0,0,2,0,1,0,0,0,0,0,1,0
GCA_002509665.1,Archaea,Methanobacteriota,Methanobacteria,Methanobacteriales,Methanobacteriaceae,Methanobacterium_D,Methanobacterium_D sp002509665,0,0,0,1,0,0,0,0,0,2,0,3,0,0,0,0,0,0,0
GCA_002633015.1,Bacteria,Campylobacterota,Campylobacteria,Campylobacterales,Sulfurimonadaceae,Sulfuricurvum,Sulfuricurvum sp002633015,0,0,0,0,1,0,0,0,0,2,0,1,0,2,1,1,0,2,0
GCA_002699105.1,Bacteria,Bacteroidota,SZUA-365,SZUA-365,GCA-2699105,GCA-2699105,GCA-2699105 sp002699105,0,0,0,0,0,0,0,0,0,2,0,0,0,3,2,1,0,1,0
GCA_002704825.1,Bacteria,Planctomycetota,Phycisphaerae,Phycisphaerales,Phycisphaeraceae,UBA7800,UBA7800 sp002704825,0,0,0,0,0,1,0,0,0,2,0,1,0,3,1,0,0,2,0
GCA_002706025.1,Bacteria,Pseudomonadota,Gammaproteobacteria,Pseudomonadales,DSM-6294,Venatoribacter,Venatoribacter sp002706025,0,0,0,1,0,0,0,0,0,2,0,1,0,2,3,0,0,2,0
GCA_002708905.1,Bacteria,Pseudomonadota,Gammaproteobacteria,Pseudomonadales,Ketobacteraceae,Ketobacter,Ketobacter sp002708905,0,0,0,3,1,0,0,0,0,2,0,3,0,5,3,0,0,3,0
GCA_002709405.1,Bacteria,Pseudomonadota,Alphaproteobacteria,Rhodobacterales,Rhodobacteraceae,Marinibacterium,Marinibacterium sp002709405,0,0,0,2,0,0,0,0,0,1,0,2,1,2,3,0,0,3,0
GCA_002723385.1,Bacteria,Pseudomonadota,Gammaproteobacteria,Pseudomonadales,DSM-6294,Oceanobacter,Oceanobacter sp002723385,0,0,0,3,0,0,0,0,0,2,0,1,0,1,1,0,0,2,0
GCA_002733995.1,Bacteria,Desulfobacterota,Desulfobulbia,Desulfobulbales,Desulfocapsaceae,Desulforhopalus,Desulforhopalus sp002733995,0,0,0,0,0,0,0,0,0,2,0,2,0,1,2,0,1,4,0
GCA_002753095.1,Bacteria,Pseudomonadota,Magnetococcia,Magnetococcales,Magnetaquicoccaceae,Magnetaquicoccus,Magnetaquicoccus sp002753095,0,0,0,0,0,0,0,0,0,1,0,0,0,4,1,0,0,3,0
GCA_002753155.1,Bacteria,Pseudomonadota,Alphaproteobacteria,Rhodospirillales,WMHbin7,WMHbin7,WMHbin7 sp002753155,0,0,0,0,1,0,0,0,0,2,0,2,0,3,2,0,0,4,0
GCA_002753185.1,Bacteria,Pseudomonadota,Magnetococcia,Magnetococcales,Magnetaquicoccaceae,WMHbin3,WMHbin3 sp002753185,0,0,0,0,0,0,0,0,0,1,0,0,0,3,1,0,0,3,0
GCA_002753515.1,Bacteria,Pseudomonadota,Magnetococcia,Magnetococcales,UBA8363,UBA8363,UBA8363 sp002753515,0,0,0,0,0,0,0,0,0,2,0,0,0,3,1,0,0,2,0
GCA_002781365.1,Bacteria,Campylobacterota,Campylobacteria,Campylobacterales,Sulfurimonadaceae,Sulfurimonas,Sulfurimonas sp002781365,0,0,0,0,1,0,0,0,0,2,0,1,0,0,1,1,0,1,0
GCA_002784065.1,Bacteria,Pseudomonadota,Gammaproteobacteria,Burkholderiales,Sulfuricellaceae,Sulfuricella,Sulfuricella sp002784065,0,0,2,0,1,0,0,0,0,2,0,1,0,5,1,0,0,4,0
GCA_002791575.1,Bacteria,Pseudomonadota,Zetaproteobacteria,Mariprofundales,Mariprofundaceae,Mariprofundus,Mariprofundus sp002791575,0,0,0,0,1,0,0,0,0,2,0,1,0,0,1,0,0,2,0
GCA_002796835.1,Bacteria,Cyanobacteriota,Cyanobacteriia,Elainellales,Elainellaceae,Elainella,Elainella saxicola,0,0,0,2,1,1,0,0,0,2,0,1,1,1,1,0,0,3,0
GCA_002835825.1,Archaea,Halobacteriota,Methanomicrobia,Methanomicrobiales,Methanoregulaceae,Methanoregula,Methanoregula sp002835825,0,0,0,1,0,0,0,0,0,2,0,1,0,0,0,0,0,1,0
GCA_002839675.1,Archaea,Halobacteriota,Methanomicrobia,Methanomicrobiales,Methanoregulaceae,Methanoregula,Methanoregula sp002839675,0,0,0,2,0,0,0,0,0,2,0,2,0,0,0,0,0,1,0
GCA_002839705.1,Archaea,Methanobacteriota,Methanobacteria,Methanobacteriales,Methanobacteriaceae,UBA349,UBA349 sp002839705,0,0,0,2,0,0,0,0,0,1,0,3,0,0,0,0,0,0,0
GCA_002840095.1,Bacteria,Pseudomonadota,Gammaproteobacteria,Thiohalomonadales,Thiohalomonadaceae,Sulfurivermis,Sulfurivermis sp002840095,0,0,1,0,2,0,0,0,0,2,0,2,0,5,2,1,0,4,0
GCA_002840275.1,Bacteria,Bacillota_B,Thermincolia,Thermincolales,UBA2595,W-Firmicutes-14,W-Firmicutes-14 sp002840275,0,0,0,0,0,0,0,0,0,2,0,6,0,2,0,0,0,1,0
GCA_002840405.1,Bacteria,Desulfobacterota,Desulfovibrionia,Desulfovibrionales,Desulfovibrionaceae,Humidesulfovibrio,Humidesulfovibrio sp002840405,0,0,1,0,0,0,0,0,0,2,0,2,0,1,2,0,0,4,0
GCA_002840765.1,Bacteria,Pseudomonadota,Gammaproteobacteria,Burkholderiales,Rhodocyclaceae,Azonexus,Azonexus sp002840765,0,0,1,3,1,0,0,0,0,2,0,3,0,6,3,0,0,2,0
GCA_002841335.1,Bacteria,Actinomycetota,Actinomycetia,Propionibacteriales,Propionibacteriaceae,Propionicimonas,Propionicimonas sp002841335,0,0,0,0,1,1,0,0,0,1,0,1,0,0,1,0,0,1,0
GCA_002841355.1,Bacteria,Actinomycetota,Coriobacteriia,OPB41,UBA2279,UBA2286,UBA2286 sp002841355,0,0,0,0,0,0,0,0,0,2,0,1,0,0,2,0,0,0,0
GCA_002841405.1,Bacteria,Bacillota_A,Clostridia,Eubacteriales,Eubacteriaceae,Acetobacterium,Acetobacterium sp002841405,0,0,0,0,0,0,0,0,0,1,0,3,0,0,0,0,0,2,0
GCA_002841495.1,Bacteria,Bacillota_A,Clostridia,Lachnospirales,Vallitaleaceae,Petrocella,Petrocella sp002841495,0,0,0,0,0,0,0,0,0,1,0,2,0,0,0,0,1,1,0
GCA_002841625.1,Bacteria,Bacillota_A,Clostridia,Lachnospirales,Vallitaleaceae,HGW-1,HGW-1 sp002841625,0,0,0,0,0,0,0,0,0,1,0,4,0,0,0,0,0,1,0
GCA_002841765.1,Bacteria,Desulfobacterota_F,Desulfuromonadia,Desulfuromonadales,UBA2197,UBA2197,UBA2197 sp002841765,0,0,0,0,0,0,0,0,0,1,0,2,0,2,1,0,0,1,0
GCA_002841785.1,Bacteria,Desulfobacterota,Desulfobulbia,Desulfobulbales,Desulfurivibrionaceae,UBA2262,UBA2262 sp002841785,0,0,2,0,0,0,0,0,0,2,0,1,0,2,1,0,0,5,0
GCA_002841885.1,Bacteria,Desulfobacterota,Desulfovibrionia,Desulfovibrionales,Desulfomicrobiaceae,Desulfomicrobium,Desulfomicrobium sp002841885,0,0,1,0,0,0,0,0,0,2,0,2,0,2,2,0,0,3,0
GCA_002842215.1,Bacteria,Pseudomonadota,Gammaproteobacteria,Burkholderiales,Burkholderiaceae_B,Hydrogenophaga,Hydrogenophaga sp002842215,0,0,0,3,1,0,0,0,0,1,0,3,0,5,3,0,0,4,0
GCA_002842345.1,Bacteria,Pseudomonadota,Gammaproteobacteria,Burkholderiales,Rhodocyclaceae,Azonexus,Azonexus sp002842345,0,0,0,2,1,1,0,0,0,2,0,3,0,4,2,1,0,2,0
GCA_002842395.1,Bacteria,Pseudomonadota,Gammaproteobacteria,Burkholderiales,Rhodocyclaceae,Rugosibacter,Rugosibacter sp002842395,0,0,0,3,0,0,0,0,0,2,0,1,0,1,2,0,0,1,0
GCA_002842435.1,Bacteria,Pseudomonadota,Gammaproteobacteria,Burkholderiales,Methylophilaceae,UBA6140,UBA6140 sp002842435,0,0,0,3,1,0,0,0,0,2,0,0,0,1,3,0,0,2,0
GCA_002862125.1,Bacteria,Pseudomonadota,Gammaproteobacteria,Methylococcales,Methylomonadaceae,KS41,KS41 sp002862125,0,0,0,3,0,0,0,0,0,2,0,2,0,3,3,0,0,2,0
GCA_002862435.1,Bacteria,Pseudomonadota,Gammaproteobacteria,UBA5335,UBA5335,Macondimonas,Macondimonas sp002862435,0,0,0,3,0,0,0,0,0,2,0,0,0,4,3,0,0,2,0
GCA_002868845.1,Bacteria,Desulfobacterota_F,Desulfuromonadia,Desulfuromonadales,BM501,BM501,BM501 sp002868845,0,0,0,0,0,0,0,0,0,1,0,1,0,1,2,0,0,1,0
GCA_002868925.1,Bacteria,Desulfobacterota_F,Desulfuromonadia,Desulfuromonadales,UBA2294,BM707,BM707 sp002868925,0,0,0,0,0,0,0,0,0,1,0,1,0,2,2,0,0,1,0
GCA_002869015.1,Bacteria,Desulfobacterota_C,Deferrisomatia,Deferrisomatales,BM512,BM512,BM512 sp002869015,0,0,0,1,0,0,0,0,0,1,0,1,0,0,0,0,0,0,0
GCA_002869145.1,Bacteria,Deferribacterota,Deferribacteres,Deferribacterales,Denitrovibrionaceae,Denitrovibrio,Denitrovibrio sp002869145,0,0,2,1,0,0,0,0,0,1,0,1,0,2,2,0,1,1,0
GCA_002869535.1,Bacteria,Campylobacterota,Campylobacteria,Campylobacterales,Arcobacteraceae,Arcobacter,Arcobacter sp002869535,0,0,0,1,0,1,0,0,0,1,0,1,0,5,2,1,0,2,0
GCA_002869605.1,Bacteria,Desulfobacterota_F,Desulfuromonadia,Desulfuromonadales,SZUA-401,SZUA-401,SZUA-401 sp002869605,0,0,0,0,0,0,0,0,0,1,0,1,0,2,3,0,0,1,0
GCA_002869615.1,Bacteria,Desulfobacterota_F,Desulfuromonadia,Desulfuromonadales,UBA2294,BM707,BM707 sp002869615,0,0,0,0,0,0,0,0,0,1,0,1,0,1,3,0,0,1,0
GCA_002869665.1,Bacteria,Desulfobacterota_F,Desulfuromonadia,Desulfuromonadales,Geopsychrobacteraceae,BM522,BM522 sp002869665,0,0,0,0,0,0,0,0,0,1,0,1,0,2,2,0,0,1,0
GCA_002869685.1,Bacteria,Desulfobacterota_F,Desulfuromonadia,Desulfuromonadales,Desulfuromonadaceae,Desulfuromonas,Desulfuromonas sp002869685,0,0,0,0,0,0,0,0,0,1,0,1,0,1,1,0,0,2,0
GCA_002869725.1,Bacteria,Desulfobacterota_F,Desulfuromonadia,Desulfuromonadales,BM103,BM103,BM103 sp002869725,0,0,0,0,0,0,0,0,0,1,0,2,0,2,3,0,0,1,0
GCA_002897615.1,Bacteria,Desulfobacterota,Desulfobulbia,Desulfobulbales,Desulfobulbaceae,BMS3Abin13,BMS3Abin13 sp002897615,0,0,0,0,0,0,0,0,0,2,0,1,0,0,0,0,0,5,0
GCA_002897635.1,Bacteria,Pseudomonadota,Gammaproteobacteria,Arenicellales,BMS3Bbin11,BMS3Bbin11,BMS3Bbin11 sp002897635,0,0,0,0,1,0,0,0,0,2,0,0,0,3,1,1,0,3,0
GCA_002897715.1,Bacteria,Actinomycetota,Thermoleophilia,BMS3ABIN01,BMS3ABIN01,BMS3ABIN01,BMS3ABIN01 sp002897715,0,0,1,0,0,0,0,0,0,2,0,1,0,0,0,0,0,2,0
GCA_002897735.1,Bacteria,Pseudomonadota,Gammaproteobacteria,21-64-14,21-64-14,BMS3Abin12,BMS3Abin12 sp002897735,0,0,0,0,1,0,0,0,0,2,0,0,0,4,0,1,0,3,0
GCA_002897955.1,Archaea,Hydrothermarchaeota,Hydrothermarchaeia,Hydrothermarchaeales,BMS3B,BMS3B,BMS3B sp002897955,0,0,0,1,0,0,0,0,0,2,0,0,0,0,0,0,0,1,0
GCA_002898135.1,Bacteria,Nitrospirota,Thermodesulfovibrionia,Thermodesulfovibrionales,JdFR-85,BMS3Bbin07,BMS3Bbin07 sp002898135,0,0,0,0,0,0,0,0,0,1,0,0,0,0,0,0,0,3,0
GCA_002899765.1,Bacteria,Campylobacterota,Campylobacteria,Campylobacterales,Sulfurimonadaceae,Sulfurimonas,Sulfurimonas sp002899765,0,0,0,0,0,1,0,0,0,2,0,1,0,3,1,1,0,2,0
GCA_002923215.1,Archaea,Hydrothermarchaeota,Hydrothermarchaeia,Hydrothermarchaeales,SZUA-236,SZUA-236,SZUA-236 sp002923215,0,0,0,0,0,0,0,0,0,1,0,1,0,1,1,0,0,1,0
GCA_002928965.1,Bacteria,Pseudomonadota,Gammaproteobacteria,Methylococcales,Methylomonadaceae,Methylomonas,Methylomonas sp002928965,0,0,0,3,0,0,0,0,0,2,0,1,0,3,2,0,0,2,0
GCA_003017855.1,Bacteria,Cyanobacteriota,Cyanobacteriia,Phormidesmiales,Phormidesmiaceae,Nodosilinea,Nodosilinea sp003017855,0,0,0,1,1,1,0,0,0,2,0,0,1,1,1,0,0,3,0
GCA_003054655.1,Bacteria,Verrucomicrobiota,Verrucomicrobiae,Chthoniobacterales,Terrimicrobiaceae,Terrimicrobium,Terrimicrobium sp003054655,0,0,0,0,0,1,0,0,0,2,0,0,0,1,3,0,0,0,0
GCA_003054665.1,Bacteria,Verrucomicrobiota,Verrucomicrobiae,Opitutales,Opitutaceae,EW11,EW11 sp003054665,0,0,0,1,0,0,0,0,0,2,0,0,0,4,3,0,0,1,0
GCA_003058495.1,Bacteria,Pseudomonadota,Gammaproteobacteria,Chromatiales,Sedimenticolaceae,Thiodiazotropha,Thiodiazotropha sp003058495,0,0,2,3,1,0,0,0,0,2,0,2,0,4,2,0,0,4,0
GCA_003058525.1,Bacteria,Pseudomonadota,Gammaproteobacteria,Chromatiales,Sedimenticolaceae,Thiodiazotropha,Thiodiazotropha sp003058525,0,0,2,3,2,0,0,0,0,2,0,2,0,3,2,0,0,5,0
GCA_003094535.1,Bacteria,Pseudomonadota,Gammaproteobacteria,Chromatiales,Sedimenticolaceae,Thiodiazotropha,Thiodiazotropha sp003094535,0,0,1,2,1,0,0,0,0,2,0,2,0,4,2,0,0,5,0
GCA_003133225.1,Bacteria,Pseudomonadota,Gammaproteobacteria,Burkholderiales,Burkholderiaceae,Janthinobacterium,Janthinobacterium sp003133225,0,0,0,4,1,0,0,0,0,2,0,1,0,5,3,0,0,0,0
GCA_003133245.1,Bacteria,Pseudomonadota,Gammaproteobacteria,Burkholderiales,Burkholderiaceae_B,Rhodoferax,Rhodoferax sp003133245,0,0,0,0,0,0,0,0,0,1,0,3,0,1,2,0,0,0,0
GCA_003134075.1,Bacteria,Pseudomonadota,Alphaproteobacteria,Rhizobiales,Beijerinckiaceae,Methylocystis,Methylocystis sp003134075,0,0,0,3,0,0,0,0,0,2,0,3,0,0,4,0,0,1,0
GCA_003138795.1,Bacteria,Acidobacteriota,Terriglobia,Terriglobales,Acidobacteriaceae,UBA5172,UBA5172 sp003138795,0,0,0,0,0,1,0,0,0,2,0,1,0,0,3,0,0,0,0
GCA_003139775.1,Bacteria,Desulfobacterota,Syntrophia,Syntrophales,Smithellaceae,Smithella,Smithella sp003139775,0,0,0,0,0,0,0,0,0,2,0,2,0,0,1,0,0,1,0
GCA_003142185.1,Bacteria,Acidobacteriota,Terriglobia,Bryobacterales,Bryobacteraceae,Bog-375,Bog-375 sp003142185,0,0,0,0,0,1,0,0,0,2,0,1,0,1,3,0,0,1,0
GCA_003142215.1,Bacteria,Acidobacteriota,Terriglobia,Terriglobales,Acidobacteriaceae,Palsa-288,Palsa-288 sp003142215,0,0,0,0,0,1,0,0,0,1,0,1,0,1,2,0,0,0,0
GCA_003142855.1,Bacteria,Myxococcota,Polyangia,Fen-1088,Fen-1088,Fen-1137,Fen-1137 sp003142855,0,0,1,0,0,0,0,0,0,1,0,3,0,2,2,0,0,0,0
GCA_003151535.1,Archaea,Methanobacteriota,Methanobacteria,Methanobacteriales,Methanobacteriaceae,Methanobacterium_B,Methanobacterium_B sp003151535,0,0,0,2,0,0,0,0,0,2,0,2,0,0,0,0,0,0,0
GCA_003151655.1,Bacteria,Pseudomonadota,Gammaproteobacteria,Burkholderiales,Gallionellaceae,PALSA-1006,PALSA-1006 sp003151655,0,0,0,0,0,0,0,0,0,1,0,2,0,1,2,0,0,1,0
GCA_003154095.1,Bacteria,Myxococcota,Polyangia,Polyangiales,Polyangiaceae,FEN-1139,FEN-1139 sp003154095,0,0,0,1,0,1,0,0,0,2,0,1,0,1,3,0,1,0,0
GCA_003154855.1,Bacteria,Acidobacteriota,Terriglobia,Bryobacterales,Bryobacteraceae,Fen-330,Fen-330 sp003154855,0,0,0,0,0,0,0,0,0,1,0,2,0,1,2,0,0,1,0
GCA_003156235.1,Bacteria,Acidobacteriota,Terriglobia,Terriglobales,Acidobacteriaceae,Terracidiphilus,Terracidiphilus sp003156235,0,0,0,0,0,1,0,0,0,1,0,1,0,0,3,0,0,0,0
GCA_003157445.1,Bacteria,Actinomycetota,Actinomycetia,Actinomycetales,Dermatophilaceae,UBA4719,UBA4719 sp003157445,0,0,0,2,0,1,0,0,0,0,0,0,0,0,0,0,0,1,0
GCA_003158115.1,Archaea,Methanobacteriota,Methanobacteria,Methanobacteriales,Methanobacteriaceae,Methanobacterium_B,Methanobacterium_B sp003158115,0,0,0,2,0,0,0,0,0,2,0,2,0,0,0,0,0,0,0
GCA_003158505.1,Bacteria,Acidobacteriota,Holophagae,Holophagales,Holophagaceae,Geothrix,Geothrix sp003158505,0,0,0,1,0,0,0,0,0,1,0,2,0,4,2,0,1,1,0
GCA_003161815.1,Archaea,Methanobacteriota,Methanobacteria,Methanobacteriales,Methanobacteriaceae,Methanobacterium_A,Methanobacterium_A sp003161815,0,0,0,2,0,0,0,0,0,2,0,1,0,0,0,0,0,0,0
GCA_003164035.1,Bacteria,Acidobacteriota,Terriglobia,Bryobacterales,Bryobacteraceae,Bog-375,Bog-375 sp003164035,0,0,0,0,0,1,0,0,0,2,0,1,0,2,3,0,0,1,0
GCA_003164295.1,Archaea,Thermoproteota,Bathyarchaeia,B26-1,UBA233,PALSA-986,PALSA-986 sp003164295,0,0,0,1,1,0,0,0,0,2,0,3,0,0,0,0,0,1,0
GCA_003164335.1,Bacteria,Fibrobacterota,Chitinivibrionia,Chitinivibrionales,Chitinispirillaceae,BOG-1184,BOG-1184 sp003164335,0,0,0,0,0,0,0,0,0,1,0,3,0,0,2,0,0,0,0
GCA_003164415.1,Archaea,Methanobacteriota,Methanobacteria,Methanobacteriales,Methanobacteriaceae,Methanobacterium_B,Methanobacterium_B sp003164415,0,0,0,1,0,0,0,0,0,1,0,2,0,0,0,0,0,0,0
GCA_003164755.1,Archaea,Halobacteriota,Methanosarcinia,Methanosarcinales,Methanosarcinaceae,Methanosarcina,Methanosarcina sp003164755,0,0,0,2,0,0,0,0,0,1,0,1,0,0,1,0,0,0,0
GCA_003165195.1,Archaea,Thermoproteota,Bathyarchaeia,B26-1,UBA233,PALSA-986,PALSA-986 sp003165195,0,0,0,2,0,0,0,0,0,2,0,3,0,0,0,0,0,1,0
GCA_003194445.1,Archaea,Halobacteriota,Methanosarcinia,Methanosarcinales,Methanogasteraceae,Methanogaster,Methanogaster sp003194445,0,0,0,2,1,0,0,0,0,2,0,0,0,1,0,0,0,0,0
GCA_003217735.2,Bacteria,Pseudomonadota,Alphaproteobacteria,Rhodobacterales,Rhodobacteraceae,Marinibacterium,Marinibacterium sp003217735,0,0,0,3,0,0,0,0,0,2,0,0,1,2,4,0,0,3,0
GCA_003229935.1,Archaea,Hydrothermarchaeota,Hydrothermarchaeia,Hydrothermarchaeales,BMS3B,BMS3B,BMS3B sp003229935,0,0,0,1,0,0,0,0,0,2,0,0,0,0,0,0,0,1,0
GCA_003232385.1,Bacteria,SZUA-79,SZUA-79,Acidulodesulfobacterales,Acidulodesulfobacteraceae,QIJE01,QIJE01 sp003232385,0,0,0,0,0,0,0,0,0,2,0,1,0,0,0,0,0,2,0
GCA_003235365.1,Bacteria,Myxococcota,Polyangia,Polyangiales,Polyangiaceae,SZUA-265,SZUA-265 sp003235365,0,0,0,2,0,1,0,0,0,2,0,0,0,4,3,1,0,1,0
GCA_003235715.1,Bacteria,Nitrospirota,Thermodesulfovibrionia,SZUA-242,SZUA-242,SZUA-242,SZUA-242 sp003235715,0,0,0,0,0,0,0,0,0,1,0,1,0,3,2,0,0,3,0
GCA_003242895.1,Bacteria,Margulisbacteria,Riflemargulisbacteria,GWF2-39-127,GWF2-39-127,GWF2-39-127,GWF2-39-127 sp003242895,0,0,0,0,0,0,0,0,0,1,0,3,0,0,0,0,0,0,0
GCA_003245395.1,Bacteria,Bacillota_A,Clostridia,Oscillospirales,Oscillospiraceae,Oscillibacter,Oscillibacter sp003245395,0,0,0,0,0,0,0,0,0,1,0,2,0,0,0,0,1,0,0
GCA_003245635.1,Bacteria,Spirochaetota,Spirochaetia,Treponematales,Breznakiellaceae,SZUA-426,SZUA-426 sp003245635,0,0,0,0,0,0,0,0,0,1,0,3,0,0,0,0,0,0,0
GCA_003245785.1,Bacteria,Spirochaetota,Spirochaetia,Treponematales,Treponemataceae,Spiro-10,Spiro-10 sp003245785,0,0,0,0,0,0,0,0,0,1,0,5,0,0,0,0,1,0,0
GCA_003245815.1,Bacteria,Campylobacterota,Campylobacteria,Campylobacterales,Sulfurimonadaceae,SZUA-415,SZUA-415 sp003245815,0,0,0,0,1,0,0,0,0,2,0,1,0,1,2,1,0,2,0
GCA_003245835.1,Bacteria,Spirochaetota,Spirochaetia,UBA9216,UBA9216,UBA9216,UBA9216 sp003245835,0,0,0,0,0,0,0,0,0,2,0,4,0,0,0,0,1,0,0
GCA_003245895.1,Bacteria,Pseudomonadota,Gammaproteobacteria,Beggiatoales,Beggiatoaceae,SZUA-411,SZUA-411 sp003245895,0,0,0,2,0,0,0,0,0,2,0,2,0,2,2,0,0,4,0
GCA_003246265.1,Bacteria,Verrucomicrobiota,Kiritimatiellia,Kiritimatiellales,Pontiellaceae,Pontiella,Pontiella sp003246265,0,0,0,0,0,0,0,0,0,2,0,2,0,1,2,0,1,0,0
GCA_003246335.1,Bacteria,Spirochaetota,Spirochaetia,Treponematales,Treponemataceae,Spiro-10,Spiro-10 sp003246335,0,0,0,0,0,0,0,0,0,1,0,4,0,0,0,0,1,0,0
GCA_003246475.1,Bacteria,Verrucomicrobiota,Lentisphaeria,Victivallales,SZUA-371,SZUA-371,SZUA-371 sp003246475,0,0,0,0,0,0,0,0,0,2,0,3,0,0,0,0,0,0,0
GCA_003246505.1,Bacteria,Spirochaetota,Spirochaetia,Spirochaetales_E,Spirochaetaceae_B,SZUA-368,SZUA-368 sp003246505,0,0,0,0,0,0,0,0,0,1,0,2,0,0,0,0,0,0,0
GCA_003246805.1,Bacteria,Bacillota_A,Clostridia,Oscillospirales,Ruminococcaceae,SZUA-444,SZUA-444 sp003246805,0,0,0,0,0,0,0,0,0,1,0,3,0,0,0,0,0,0,0
GCA_003246895.1,Bacteria,Spirochaetota,UBA4802,UBA4802,UBA5550,SZUA-423,SZUA-423 sp003246895,0,0,0,0,0,0,0,0,0,1,0,5,0,1,1,0,0,1,0
GCA_003246935.1,Bacteria,Bacteroidota,Bacteroidia,Bacteroidales,Prolixibacteraceae,Mangrovibacterium,Mangrovibacterium sp003246935,0,0,0,0,0,0,0,0,0,2,0,3,0,1,4,0,0,1,0
GCA_003247135.1,Bacteria,Spirochaetota,Spirochaetia,Spirochaetales_E,DSM-19205,Thiospirochaeta,Thiospirochaeta sp003247135,0,0,0,0,0,0,0,0,0,1,0,1,0,0,0,0,0,0,0
GCA_003247215.1,Bacteria,Desulfobacterota_F,Desulfuromonadia,Desulfuromonadales,Geopsychrobacteraceae,Malonomonas,Malonomonas rubra_A,0,0,1,0,0,0,0,0,0,1,0,2,0,1,3,0,0,1,0
GCA_003247345.1,Bacteria,Spirochaetota,Spirochaetia,Sphaerochaetales,Sphaerochaetaceae,Sphaerochaeta,Sphaerochaeta sp003247345,0,0,0,0,0,0,0,0,0,1,0,3,0,0,0,0,1,0,0
GCA_003249015.1,Bacteria,Cyanobacteriota,Cyanobacteriia,Pseudanabaenales,Pseudanabaenaceae,Pseudanabaena,Pseudanabaena sp003249015,0,0,0,1,1,1,0,0,0,2,0,0,0,1,1,0,0,1,0
GCA_003249225.1,Bacteria,Bacillota_A,Clostridia,Lachnospirales,Lachnospiraceae,SZUA-448,SZUA-448 sp003249225,0,0,0,0,0,0,0,0,0,1,0,4,0,0,0,0,1,1,0
GCA_003250275.1,Bacteria,Pseudomonadota,Alphaproteobacteria,Rhodospirillales,Rhodospirillaceae,Alpha-05,Alpha-05 sp003250275,0,0,0,1,1,0,0,0,0,1,0,1,0,1,3,0,0,2,0
GCA_003250355.1,Bacteria,Bacteroidota,Bacteroidia,Bacteroidales,SZUA-534,SZUA-534,SZUA-534 sp003250355,0,0,0,0,0,0,0,0,0,1,0,4,0,1,1,0,0,0,0
GCA_003251015.1,Bacteria,Bacteroidota,Bacteroidia,Bacteroidales,Marinilabiliaceae,SZUA-582,SZUA-582 sp003251015,0,0,0,0,0,0,0,0,0,1,0,3,0,2,2,0,0,0,0
GCA_003251535.1,Bacteria,Pseudomonadota,Gammaproteobacteria,Thiohalomonadales,Thiohalomonadaceae,SZUA-493,SZUA-493 sp003251535,0,0,1,0,2,0,0,0,0,2,0,3,0,2,2,0,0,4,0
GCA_003252075.1,Bacteria,Nitrospirota,Thermodesulfovibrionia,Thermodesulfovibrionales,UBA6898,UBA6898,UBA6898 sp003252075,0,0,0,0,0,0,0,0,0,2,0,2,0,2,2,0,0,2,0
GCA_003252105.1,Bacteria,Campylobacterota,Campylobacteria,Campylobacterales,Arcobacteraceae,Halarcobacter,Halarcobacter sp003252105,0,0,0,2,0,0,0,0,0,1,0,2,0,4,1,0,0,2,0
GCA_003252145.1,Bacteria,Pseudomonadota,Gammaproteobacteria,Burkholderiales,Rhodocyclaceae,Azovibrio,Azovibrio restrictus_A,0,0,0,0,0,0,0,0,0,2,0,1,0,0,0,0,0,1,0
GCA_003252225.1,Bacteria,Verrucomicrobiota,Kiritimatiellia,Kiritimatiellales,Pontiellaceae,Pontiella,Pontiella sp003252225,0,0,0,0,0,0,0,0,0,1,0,1,0,1,2,0,0,0,0
GCA_003252375.1,Bacteria,Desulfobacterota,Desulfovibrionia,Desulfovibrionales,Desulfovibrionaceae,Halodesulfovibrio,Halodesulfovibrio sp003252375,0,0,0,0,0,0,0,0,0,2,0,2,0,0,2,0,0,3,0
GCA_003252385.1,Bacteria,Bacteroidota,Bacteroidia,Bacteroidales,UBA10428,UBA10428,UBA10428 sp003252385,0,0,0,0,0,0,0,0,0,0,0,5,0,2,2,0,0,1,0
GCA_003252395.1,Bacteria,Spirochaetota,Spirochaetia,Treponematales,Treponemataceae,Spiro-10,Spiro-10 sp003252395,0,0,0,0,0,0,0,0,0,1,0,4,0,0,0,0,0,0,0
GCA_003314535.1,Bacteria,Desulfobacterota_F,Desulfuromonadia,Geobacterales,Geobacteraceae,RPRC01,RPRC01 sp003314535,0,0,0,0,0,0,0,0,0,1,0,5,0,2,2,0,0,1,0
GCA_003326195.1,Bacteria,Cyanobacteriota,Cyanobacteriia,Cyanobacteriales,Nostocaceae,Nostoc,Nostoc punctiforme_A,0,0,1,1,1,0,0,0,0,2,0,1,0,1,1,0,0,2,0
GCA_003326205.1,Bacteria,Cyanobacteriota,Cyanobacteriia,Cyanobacteriales,Nostocaceae,Nostoc,Nostoc sp003326205,0,0,0,1,1,0,0,0,0,2,0,2,0,1,2,0,0,2,0
GCA_003336485.1,Archaea,Halobacteriota,Syntropharchaeia,ANME-1,ANME-1,QENH01,QENH01 sp003336485,0,0,0,2,1,0,0,0,0,2,0,0,0,1,0,0,0,0,0
GCA_003445795.1,Bacteria,Pseudomonadota,Gammaproteobacteria,Burkholderiales,Gallionellaceae,Sideroxyarcus,Sideroxyarcus sp003445795,0,0,0,0,2,0,0,0,0,2,0,2,0,2,2,0,0,4,0
GCA_003448685.1,Bacteria,Cyanobacteriota,Cyanobacteriia,Cyanobacteriales,Microcystaceae_A,Rippkaea,Rippkaea sp003448685,0,0,0,1,1,0,0,0,0,1,0,2,0,0,1,0,0,2,0
GCA_003453735.1,Bacteria,Nitrospirota,Thermodesulfovibrionia,Thermodesulfovibrionales,UBA9159,UBA9159,UBA9159 sp003453735,0,0,0,0,0,0,0,0,0,2,0,2,0,2,2,1,0,3,0
GCA_003491285.1,Archaea,Methanobacteriota,Methanobacteria,Methanobacteriales,Methanobacteriaceae,UBA117,UBA117 sp002494785,0,0,0,3,0,0,0,0,0,1,0,3,0,0,0,0,0,0,0
GCA_003491305.1,Archaea,Methanobacteriota,Methanobacteria,Methanobacteriales,Methanobacteriaceae,Methanobacterium,Methanobacterium sp003491305,0,0,0,2,0,0,0,0,0,2,0,2,0,0,0,0,0,0,0
GCA_003508005.1,Bacteria,Desulfobacterota,Desulfobulbia,Desulfobulbales,Desulfobulbaceae,UBA10518,UBA10518 sp003508005,0,0,0,0,0,0,0,0,0,2,0,1,0,1,1,0,0,3,0
GCA_003511885.1,Bacteria,Cyanobacteriota,Cyanobacteriia,Cyanobacteriales,Coleofasciculaceae,UBA11153,UBA11153 sp003511885,0,0,0,1,1,0,0,0,0,1,0,1,0,3,1,1,0,2,0
GCA_003527485.1,Bacteria,Spirochaetota,Spirochaetia,Treponematales,Breznakiellaceae,UBA12037,UBA12037 sp003527485,0,0,0,0,0,0,0,0,0,1,0,1,0,1,1,0,1,0,0
GCA_003543235.1,Bacteria,Bacillota_A,Clostridia,Lachnospirales,Anaerotignaceae,UBA8514,UBA8514 sp003543235,0,0,0,0,0,0,0,0,0,1,0,2,0,1,0,0,0,0,0
GCA_003562815.1,Bacteria,Pseudomonadota,Gammaproteobacteria,Chromatiales,Chromatiaceae,Halochromatium,Halochromatium sp003562815,0,0,2,0,1,0,0,0,0,1,0,2,0,4,2,0,0,5,0
GCA_003564775.1,Bacteria,Spirochaetota,Spirochaetia,DSM-27196,SLAA01,SLAA01,SLAA01 sp003564775,0,0,0,1,0,0,0,0,0,1,0,0,0,1,0,0,1,0,0
GCA_003565035.1,Bacteria,Verrucomicrobiota,Kiritimatiellia,SS1-B-03-39,UBA6053,PXAS01,PXAS01 sp003565035,0,0,0,0,0,1,0,0,0,2,0,0,0,0,2,0,0,0,0
GCA_003566995.1,Bacteria,Desulfobacterota,Syntrophobacteria,Syntrophobacterales,Syntrophobacteraceae,SLCH01,SLCH01 sp003566995,0,0,0,0,0,0,0,0,0,1,0,2,0,0,1,0,0,3,0
GCA_003574895.1,Bacteria,Desulfobacterota_F,Desulfuromonadia,Geobacterales,Pseudopelobacteraceae,JACPFJ01,JACPFJ01 sp003574895,0,0,0,0,0,0,0,0,0,1,0,3,0,2,2,0,0,2,0
GCA_003583745.1,Bacteria,Pseudomonadota,Gammaproteobacteria,Burkholderiales,Rhodocyclaceae,Azonexus,Azonexus sp003583745,0,0,0,4,0,0,0,0,0,2,0,3,0,6,2,0,0,1,0
GCA_003584875.1,Bacteria,Pseudomonadota,Gammaproteobacteria,Methylococcales,Methylomonadaceae,KS41,KS41 sp003584875,0,0,0,3,0,0,0,0,0,2,0,1,0,2,2,0,0,2,0
GCA_003599025.1,Bacteria,Nitrospirota,Thermodesulfovibrionia,UBA6902,UBA6902,UBA6902,UBA6902 sp003599025,0,0,2,1,0,0,0,0,0,2,0,2,0,2,1,0,0,2,0
GCA_003599195.1,Bacteria,Desulfobacterota,Desulfobaccia,Desulfobaccales,0-14-0-80-60-11,SURF-52,SURF-52 sp003599195,0,0,1,0,0,0,0,0,0,1,0,2,0,1,1,0,0,4,0
GCA_003599425.1,Bacteria,Nitrospirota,Thermodesulfovibrionia,UBA6902,UBA6902,SURF-23,SURF-23 sp003599425,0,0,1,0,0,0,0,0,0,1,0,2,0,3,2,0,0,3,0
GCA_003599505.1,Bacteria,Nitrospirota,Thermodesulfovibrionia,UBA6902,UBA6902,SURF-23,SURF-23 sp003599505,0,0,1,0,0,0,0,0,0,2,0,0,0,3,1,0,0,3,0
GCA_003599855.1,Bacteria,Actinomycetota,Thermoleophilia,BMS3ABIN01,BMS3ABIN01,SURF-19,SURF-19 sp003599855,0,0,1,0,0,0,0,0,0,1,0,1,0,1,1,0,0,3,0
GCA_003599865.1,Bacteria,Desulfobacterota,Desulfobacteria,Desulfobacterales,SURF-7,QZKS01,QZKS01 sp003599865,0,0,0,0,0,0,0,0,0,2,0,1,0,4,2,0,1,3,0
GCA_003604995.1,Bacteria,Desulfobacterota,Desulfobulbia,Desulfobulbales,Desulfobulbaceae,UBA10518,UBA10518 sp003604995,0,0,2,1,0,0,0,0,0,2,0,0,0,2,1,0,0,5,0
GCA_003605115.1,Bacteria,Pseudomonadota,Gammaproteobacteria,Burkholderiales,Burkholderiaceae,QZKY01,QZKY01 sp003605115,0,0,0,0,0,0,0,0,0,1,0,0,0,0,0,0,0,0,0
GCA_003676145.1,Bacteria,Pseudomonadota,Gammaproteobacteria,Chromatiales,Sedimenticolaceae,Thiodiazotropha,Thiodiazotropha sp003676145,0,0,0,2,1,0,0,0,0,2,0,2,0,6,2,0,0,5,0
GCA_003712145.1,Bacteria,Desulfobacterota_F,Desulfuromonadia,Geobacterales,Geobacteraceae,Geobacter,Geobacter sp003712145,0,0,0,1,0,0,0,0,0,1,0,3,0,2,3,1,0,1,0
GCA_003857395.1,Bacteria,Desulfobacterota_F,Desulfuromonadia,Geobacterales,Geobacteraceae,RPRC01,RPRC01 sp003857395,0,0,0,0,0,0,0,0,0,1,0,4,0,1,1,0,0,2,0
GCA_003963125.1,Bacteria,Pseudomonadota,Alphaproteobacteria,Rhizobiales,Hyphomicrobiaceae,AWTP1-13,AWTP1-13 sp003963125,0,0,0,1,0,1,0,0,0,2,0,0,1,3,4,0,0,1,0
GCA_003963435.1,Bacteria,Pseudomonadota,Alphaproteobacteria,Rhizobiales,Xanthobacteraceae,Bradyrhizobium,Bradyrhizobium sp003963435,0,0,0,2,1,1,0,0,0,2,0,2,1,5,4,0,0,3,0
GCA_003989075.1,Bacteria,Pseudomonadota,Gammaproteobacteria,Competibacterales,Competibacteraceae,RXIX01,RXIX01 sp003989075,0,0,0,2,0,0,0,0,0,2,0,1,0,3,1,0,0,1,0
GCA_003989085.1,Bacteria,Pseudomonadota,Gammaproteobacteria,Competibacterales,Competibacteraceae,RXIV01,RXIV01 sp003989085,0,0,0,1,0,0,0,0,0,2,0,3,0,3,2,1,0,1,0
GCA_003990955.1,Bacteria,Bacillota_C,Negativicutes,DSM-1736,Dendrosporobacteraceae,BIFV01,BIFV01 sp003990955,0,0,0,0,0,0,0,0,0,1,0,7,0,2,1,0,1,1,0
GCA_004138175.2,Bacteria,Chloroflexota,Chloroflexia,Chloroflexales,Chloroflexaceae,Oscillochloris,Oscillochloris sp004138175,0,0,0,1,1,0,0,0,0,2,0,2,0,0,3,0,0,1,0
GCA_004168015.1,Bacteria,Pseudomonadota,Gammaproteobacteria,Methylococcales,Methylococcaceae,Methylotetracoccus,Methylotetracoccus sp004168015,0,0,0,3,0,0,0,0,0,1,0,0,0,3,1,0,0,3,0
GCA_004193545.1,Archaea,Halobacteriota,Methanosarcinia,Methanosarcinales,EX4572-44,Ethanoperedens,Ethanoperedens ethanivorans,0,0,0,2,0,0,0,0,0,1,0,0,0,1,0,0,0,0,0
GCA_004193595.1,Bacteria,Desulfobacterota,Desulfobacteria,Desulfobacterales,UBA11574,S5133MH16,S5133MH16 sp004193595,0,0,1,0,0,0,0,0,0,1,0,0,0,0,0,0,1,3,0
GCA_004195025.1,Bacteria,SZUA-79,SZUA-79,Acidulodesulfobacterales,Acidulodesulfobacteraceae,Acididesulfobacter,Acididesulfobacter diazotrophicus,0,0,0,0,0,0,0,0,0,2,0,2,0,1,1,0,0,3,0
GCA_004195035.1,Bacteria,SZUA-79,SZUA-79,Acidulodesulfobacterales,Acidulodesulfobacteraceae,Acidulodesulfobacterium,Acidulodesulfobacterium ferriphilum,0,0,0,0,0,0,0,0,0,2,0,1,0,1,2,0,0,2,0
GCA_004195045.1,Bacteria,SZUA-79,SZUA-79,Acidulodesulfobacterales,Acidulodesulfobacteraceae,Acididesulfobacter,Acididesulfobacter guangdongensis,0,0,0,0,0,0,0,0,0,2,0,1,0,0,1,0,0,3,0
GCA_004212085.1,Archaea,Halobacteriota,Methanoliparia,Methanoliparales,Methanoliparaceae,Methanolliviera,Methanolliviera hydrocarbonicum,0,0,0,3,0,0,0,0,0,2,0,0,0,0,0,0,0,1,0
GCA_004284765.1,Bacteria,Desulfobacterota,Desulfobulbia,Desulfobulbales,Desulfobulbaceae,Electronema,Electronema sp004284765,0,0,0,1,0,0,0,0,0,2,0,0,0,1,1,0,0,4,0
GCA_004292755.1,Bacteria,Pseudomonadota,Alphaproteobacteria,Elsterales,Elsteraceae,RDXE01,RDXE01 sp004292755,0,0,0,0,0,0,0,0,0,2,0,1,1,2,3,0,0,1,0
GCA_004297065.1,Bacteria,Pseudomonadota,Gammaproteobacteria,Burkholderiales,Gallionellaceae,PALSA-1006,PALSA-1006 sp004297065,0,0,0,0,2,0,0,0,0,2,0,1,0,2,1,0,0,0,0
GCA_004297345.1,Bacteria,Pseudomonadota,Gammaproteobacteria,Burkholderiales,Burkholderiaceae_B,Aquabacterium,Aquabacterium sp004297345,0,0,0,1,0,0,0,0,0,2,0,1,0,5,2,0,0,1,0
GCA_004298625.1,Bacteria,Nitrospirota,Thermodesulfovibrionia,Thermodesulfovibrionales,UBA1546,SCSY01,SCSY01 sp004298625,0,0,0,0,0,0,0,0,0,2,0,1,0,2,1,0,0,4,0
GCA_004299145.1,Bacteria,Pseudomonadota,Gammaproteobacteria,Methylococcales,Methylococcaceae,Methylogaea,Methylogaea sp004299145,0,0,0,3,1,0,0,0,0,2,0,2,0,2,1,1,0,3,0
GCA_004299305.1,Bacteria,Pseudomonadota,Gammaproteobacteria,Methylococcales,Methylomonadaceae,Methylobacter_A,Methylobacter_A sp004299305,0,0,0,4,0,0,0,0,0,2,0,2,0,4,2,1,0,3,0
GCA_004299845.1,Bacteria,Verrucomicrobiota,Kiritimatiellia,Kiritimatiellales,Pontiellaceae,Pontiella,Pontiella sp004299845,0,0,0,0,0,0,0,0,0,2,0,3,0,3,2,0,0,0,0
GCA_004321915.1,Bacteria,Nitrospirota,Thermodesulfovibrionia,Thermodesulfovibrionales,Dissulfurispiraceae,MYbin3,MYbin3 sp004321915,0,0,2,0,0,0,0,0,0,2,0,1,0,2,2,0,0,3,0
GCA_004321925.1,Bacteria,Nitrospirota,Thermodesulfovibrionia,Thermodesulfovibrionales,UBA6898,PALSA-1316,PALSA-1316 sp004321925,0,0,0,0,0,0,0,0,0,2,0,2,0,3,2,0,0,3,0
GCA_004322275.1,Bacteria,Desulfobacterota_C,Deferrisomatia,Deferrisomatales,BM512,SCTA01,SCTA01 sp004322275,0,0,0,0,0,0,0,0,0,2,0,1,0,2,0,0,0,1,0
GCA_004322345.1,Bacteria,Pseudomonadota,Gammaproteobacteria,Burkholderiales,Burkholderiaceae_B,Aquabacterium,Aquabacterium sp004322345,0,0,0,1,1,0,0,0,0,2,0,0,0,2,3,0,0,1,0
GCA_004322395.1,Bacteria,Pseudomonadota,Gammaproteobacteria,Methylococcales,Methylomonadaceae,Methylobacter_A,Methylobacter_A sp004322395,0,0,0,3,0,0,0,0,0,2,0,2,0,3,2,1,0,2,0
GCA_004379165.1,Bacteria,Pseudomonadota,Gammaproteobacteria,Burkholderiales,Rhodocyclaceae,Azonexus,Azonexus sp004379165,0,0,0,1,1,0,0,0,0,2,0,3,0,6,1,0,0,1,0
GCA_004564215.1,Bacteria,Pseudomonadota,Alphaproteobacteria,Rhizobiales,Beijerinckiaceae,Methylocella,Methylocella sp004564215,0,0,0,3,0,0,0,0,0,2,0,1,0,0,4,0,0,2,0
GCA_004791255.1,Bacteria,Pseudomonadota,Alphaproteobacteria,Rhizobiales,Rhizobiaceae,Mesorhizobium,Mesorhizobium sp004791255,0,0,0,1,0,0,0,0,0,2,0,0,1,5,3,0,0,1,0
GCA_004796465.1,Bacteria,Desulfobacterota,Desulfovibrionia,Desulfovibrionales,Desulfovibrionaceae,MADRE1,MADRE1 sp004796465,0,0,0,0,1,0,0,0,0,2,0,2,0,1,1,0,0,2,0
GCA_004962245.1,Bacteria,Pseudomonadota,Alphaproteobacteria,Rhizobiales,Rhizobiaceae,Mesorhizobium,Mesorhizobium sp004962245,0,0,1,3,1,0,0,0,0,2,0,0,1,4,3,0,0,2,0
GCA_004962925.1,Bacteria,Pseudomonadota,Alphaproteobacteria,Rhizobiales,Rhizobiaceae,Mesorhizobium,Mesorhizobium sp004962925,0,0,0,3,1,0,0,0,0,2,0,0,1,3,4,0,0,1,0
GCA_005063415.1,Bacteria,Pseudomonadota,Alphaproteobacteria,Rhizobiales,Rhizobiaceae,Mesorhizobium,Mesorhizobium sp005063415,0,0,0,2,1,0,0,0,0,2,0,0,1,3,4,0,0,1,0
GCA_005217455.1,Bacteria,Pseudomonadota,Gammaproteobacteria,Enterobacterales,Enterobacteriaceae,Acerihabitans,Acerihabitans sp005217455,0,0,0,1,0,0,0,0,0,2,0,2,1,3,2,0,0,1,0
GCA_005779525.1,Bacteria,Pseudomonadota,Gammaproteobacteria,Methylococcales,Methylomonadaceae,SXIZ01,SXIZ01 sp005779525,0,0,0,3,0,0,0,0,0,1,0,2,0,4,3,0,0,3,0
GCA_005843815.1,Bacteria,Bacteroidota,Chlorobia,Chlorobiales,Chlorobiaceae,Chlorobium,Chlorobium sp005843815,0,0,0,0,1,0,0,0,0,1,0,1,0,0,0,0,0,1,0
GCA_005843825.1,Bacteria,Bacteroidota,Chlorobia,Chlorobiales,Chlorobiaceae,Chlorobium,Chlorobium sp005843825,0,0,0,0,1,0,0,0,0,2,0,1,0,0,1,0,0,2,0
GCA_005843835.1,Bacteria,Bacteroidota,Chlorobia,Chlorobiales,Chlorobiaceae,Chlorobium,Chlorobium sp005843835,0,0,0,0,1,0,0,0,0,1,0,1,0,1,1,0,0,2,0
GCA_005862285.1,Bacteria,Bacteroidota,Chlorobia,Chlorobiales,Chlorobiaceae,Chlorobium,Chlorobium sp005862285,0,0,0,0,1,0,0,0,0,2,0,1,0,1,1,0,0,3,0
GCA_006844585.1,Bacteria,Pseudomonadota,Gammaproteobacteria,Methylococcales,Methylomonadaceae,Methylomarinum,Methylomarinum sp006844585,0,0,0,3,0,0,0,0,0,1,0,0,0,3,2,0,0,2,0
GCA_007115975.1,Bacteria,Fibrobacterota,Chitinivibrionia,Chitinivibrionales,Chitinispirillaceae,Chitinispirillum,Chitinispirillum sp007115975,0,0,0,0,0,0,0,0,0,2,0,4,0,0,0,0,1,0,0
GCA_007116145.1,Bacteria,Bacillota_G,Limnochordia,DTU010,DTU012,CSBR16-88,CSBR16-88 sp007116145,0,0,0,0,0,0,0,0,0,1,0,4,0,0,0,0,0,0,0
GCA_007117465.1,Bacteria,Bacillota_A,Clostridia,SK-Y3,SK-Y3,SKGK01,SKGK01 sp007117465,0,0,0,0,0,0,0,0,0,1,0,1,0,0,0,0,0,1,0
GCA_007121535.1,Bacteria,Planctomycetota,Planctomycetia,Pirellulales,Pirellulaceae,SKKK01,SKKK01 sp007121535,0,0,0,1,0,1,0,0,0,2,0,4,0,2,3,0,0,1,0
GCA_007123515.1,Bacteria,Bacillota_B,Peptococcia,Peptococcales,SKKY01,SKKY01,SKKY01 sp007123515,0,0,0,0,0,0,0,0,0,1,0,1,0,0,0,0,0,1,0
GCA_007125165.1,Bacteria,Desulfobacterota_F,Desulfuromonadia,Desulfuromonadales,Geopsychrobacteraceae,Pelovirga,Pelovirga sp007125165,0,0,1,0,0,0,0,0,0,1,0,2,0,2,3,0,0,2,0
GCA_007125455.1,Bacteria,Pseudomonadota,Gammaproteobacteria,Thiohalomonadales,Thiohalomonadaceae,SLDE01,SLDE01 sp007125455,0,0,2,0,2,0,0,0,0,2,0,0,0,0,1,0,0,4,0
GCA_007125735.1,Bacteria,Actinomycetota,Coriobacteriia,OPB41,SLCP01,SLCP01,SLCP01 sp007125735,0,0,0,0,0,0,0,0,0,2,0,1,0,1,0,0,0,1,0
GCA_007127235.1,Bacteria,Desulfobacterota,Desulfobacteria,Desulfobacterales,SKZT01,SKZT01,SKZT01 sp007127235,0,0,1,0,0,0,0,0,0,2,0,1,0,0,2,0,1,4,0
GCA_007131555.1,Bacteria,Planctomycetota,UBA11346,UBA11346,UBA11346,SLQH01,SLQH01 sp007131555,0,0,1,0,0,0,0,0,0,1,0,2,0,0,0,0,0,1,0
GCA_007134025.1,Bacteria,Desulfobacterota_F,Desulfuromonadia,Desulfuromonadales,Syntrophotaleaceae,SLLR01,SLLR01 sp007134025,0,0,0,1,0,0,0,0,0,1,0,1,0,0,0,0,0,1,0
GCA_007135385.1,Bacteria,Cyanobacteriota,Cyanobacteriia,Phormidesmiales,Phormidesmiaceae,Nodosilinea,Nodosilinea sp007135385,0,0,0,0,0,0,0,0,0,2,0,1,0,1,1,0,0,2,0
GCA_007135625.1,Bacteria,Pseudomonadota,Gammaproteobacteria,Chromatiales,Sedimenticolaceae,SLIM01,SLIM01 sp007135625,0,0,0,1,1,0,0,0,0,2,0,1,0,2,1,0,0,3,0
GCA_007280345.1,Bacteria,Desulfobacterota,QYQD01,QYQD01,QYQD01,QYQD01,QYQD01 sp007280345,0,0,1,1,0,0,0,0,0,2,0,1,0,0,0,0,0,3,0
GCA_007280895.1,Bacteria,Pseudomonadota,Gammaproteobacteria,Methylococcales,Methylomonadaceae,Methylovulum,Methylovulum sp007280895,0,0,0,3,0,0,0,0,0,2,0,1,0,4,0,1,0,2,0
GCA_007692755.1,Bacteria,Cyanobacteriota,Cyanobacteriia,Cyanobacteriales,Nostocaceae,Nodularia,Nodularia sp007692755,0,0,0,1,1,0,0,0,0,2,0,1,0,1,2,0,0,1,0
GCA_007693505.1,Bacteria,Desulfobacterota,Desulfovibrionia,Desulfovibrionales,Desulfonatronaceae,Desulfonatronum,Desulfonatronum sp007693505,0,0,2,0,0,0,0,0,0,2,0,2,0,1,1,0,1,4,0
GCA_007693535.1,Bacteria,Pseudomonadota,Gammaproteobacteria,Chromatiales,Chromatiaceae,Halochromatium,Halochromatium sp007693535,0,0,2,0,1,0,0,0,0,2,0,2,0,3,2,0,0,6,0
GCA_007693955.1,Bacteria,Cyanobacteriota,Cyanobacteriia,Cyanobacteriales,Gloeocapsaceae,Gloeocapsa,Gloeocapsa sp007693955,0,0,0,1,1,0,0,0,0,2,0,1,0,1,3,0,0,3,0
GCA_007694905.1,Bacteria,Pseudomonadota,Gammaproteobacteria,Pseudomonadales,HTCC2089,SLTB01,SLTB01 sp007694905,0,0,0,3,0,0,0,0,0,2,0,0,1,3,2,0,0,1,0
GCA_007694935.1,Bacteria,Pseudomonadota,Alphaproteobacteria,Rhodospirillales_A,UXAT02,REEP01,REEP01 sp007694935,0,0,2,1,0,0,0,0,0,2,0,1,0,1,3,0,0,1,0
GCA_007695055.1,Bacteria,Spirochaetota,Spirochaetia,DSM-27196,SLAA01,SLAA01,SLAA01 sp007695055,0,0,2,0,0,0,0,0,0,2,0,1,0,0,0,0,1,0,0
GCA_007695205.1,Bacteria,Planctomycetota,Planctomycetia,Pirellulales,Pirellulaceae,SKKK01,SKKK01 sp007695205,0,0,0,2,0,1,0,0,0,2,0,3,0,1,2,0,0,1,0
GCA_007695245.1,Bacteria,Pseudomonadota,Gammaproteobacteria,Competibacterales,Competibacteraceae,REEE01,REEE01 sp007695245,0,0,2,1,0,0,0,0,0,2,0,2,0,1,2,0,0,1,0
GCA_007695355.1,Bacteria,Planctomycetota,UBA11346,UBA11346,UBA11346,REDP01,REDP01 sp007695355,0,0,0,0,0,1,0,0,0,2,0,0,0,1,1,0,0,0,0
GCA_007827375.1,Bacteria,Pseudomonadota,Gammaproteobacteria,Pseudomonadales,Cellvibrionaceae,Teredinibacter,Teredinibacter sp007827375,0,0,0,1,0,0,0,0,0,2,0,2,0,3,3,0,0,2,0
GCA_007859835.1,Bacteria,Planctomycetota,Planctomycetia,Pirellulales,Pirellulaceae,Novipirellula,Novipirellula sp007859835,0,0,0,1,0,1,0,0,0,2,0,2,0,3,3,0,0,0,0
GCA_008080595.1,Bacteria,Pseudomonadota,Gammaproteobacteria,Burkholderiales,Burkholderiaceae_B,Rhodoferax,Rhodoferax sp008080595,0,0,1,3,1,0,0,0,0,2,0,4,0,4,2,0,0,3,0
GCA_008125075.1,Bacteria,Bacillota_A,Clostridia,Acetivibrionales,Acetivibrionaceae,Herbivorax,Herbivorax alkalicellulosi,0,0,0,0,0,0,0,0,0,1,0,3,0,0,0,0,0,1,0
GCA_008375315.1,Bacteria,Pseudomonadota,Gammaproteobacteria,BW-2,BW-2,BW-2,BW-2 sp008375315,0,0,0,0,1,0,0,0,0,2,0,2,0,4,1,1,0,4,0
GCA_008534395.1,Bacteria,SZUA-79,SZUA-79,Acidulodesulfobacterales,Acidulodesulfobacteraceae,Acidulodesulfobacterium_A,Acidulodesulfobacterium_A acidiphilum,0,0,0,0,0,0,0,0,0,2,0,1,0,0,1,0,0,3,0
GCA_008633435.1,Bacteria,Desulfobacterota,Desulfobulbia,Desulfobulbales,Desulfobulbaceae,Desulfobulbus_C,Desulfobulbus_C rimicarensis,0,0,0,0,0,0,0,0,0,2,0,2,0,2,1,0,1,4,0
GCA_008933675.1,Bacteria,Pseudomonadota,Gammaproteobacteria,Burkholderiales,Rhodocyclaceae,Azonexus,Azonexus sp008933675,0,0,0,3,1,0,0,0,0,2,0,3,0,7,3,0,0,1,0
GCA_009026145.1,Bacteria,Pseudomonadota,Alphaproteobacteria,Rhizobiales,Hyphomicrobiaceae,Hyphomicrobium_A,Hyphomicrobium_A sp009026145,0,0,0,2,0,0,0,0,0,2,0,3,0,5,3,1,0,1,0
GCA_009268125.1,Bacteria,Chloroflexota,Chloroflexia,Chloroflexales,Roseiflexaceae,SDU3-3,SDU3-3 sp009268125,0,0,0,0,0,1,0,0,0,2,0,0,0,2,2,0,0,1,0
GCA_009469685.1,Bacteria,Pseudomonadota,Gammaproteobacteria,Burkholderiales,Rhodocyclaceae,SSSZ01,SSSZ01 sp009469685,0,0,0,1,1,0,0,0,0,2,0,2,0,5,2,0,0,1,0
GCA_009649835.1,Archaea,Halobacteriota,Methanosarcinia,Methanosarcinales,Methanocomedenaceae,Methanocomedens,Methanocomedens sp009649835,0,0,0,2,0,0,0,0,0,2,0,0,0,0,0,0,0,0,0
GCA_009684515.1,Bacteria,Desulfobacterota_F,Desulfuromonadia,Geobacterales,Pseudopelobacteraceae,JACRCG01,JACRCG01 sp009684515,0,0,0,0,0,0,0,0,0,1,0,3,0,2,3,1,0,0,0
GCA_009684525.1,Bacteria,Desulfobacterota_F,Desulfuromonadia,Geobacterales,Geobacteraceae_A,Geoanaerobacter,Geoanaerobacter sp009684525,0,0,0,0,0,0,0,0,0,1,0,2,0,3,2,1,0,1,0
GCA_009711615.1,Bacteria,Bacillota_B,Desulfotomaculia,Desulfotomaculales,Desulfohalotomaculaceae,Desulforadius,Desulforadius sp009711615,0,0,0,0,0,0,0,0,0,2,0,4,0,1,0,0,1,3,0
GCA_009711705.1,Bacteria,Bacillota_B,Desulfotomaculia,Desulfotomaculales,VENG01,VENG01,VENG01 sp009711705,0,0,0,0,0,0,0,0,0,2,0,6,0,0,0,0,1,3,0
GCA_009712615.1,Archaea,Methanobacteriota,Methanobacteria,Methanobacteriales,Methanobacteriaceae,Methanobacterium_B,Methanobacterium_B sp009712615,0,0,0,1,0,0,0,0,0,2,0,2,0,0,0,0,0,0,0
GCA_009720755.1,Bacteria,Pseudomonadota,Alphaproteobacteria,Rhizobiales,Xanthobacteraceae,Rhodoplanes,Rhodoplanes serenus,0,0,0,1,1,1,0,0,0,2,0,0,0,4,3,1,1,2,0
GCA_009724975.1,Bacteria,Desulfobacterota_C,Deferrisomatia,Deferrisomatales,BM512,SCTA01,SCTA01 sp009724975,0,0,0,0,0,0,0,0,0,1,0,1,0,1,0,0,0,1,0
GCA_009773475.1,Bacteria,Desulfobacterota,Desulfobulbia,Desulfobulbales,Desulfocapsaceae,UBA2270,UBA2270 sp009773475,0,0,0,0,0,0,0,0,0,2,0,3,0,1,1,0,0,4,0
GCA_009773645.1,Bacteria,Desulfobacterota_F,Desulfuromonadia,Geobacterales,Geobacteraceae,WSYB01,WSYB01 sp009773645,0,0,2,0,0,0,0,0,0,1,0,3,0,1,3,0,0,2,0
GCA_009787645.1,Bacteria,Fibrobacterota,Fibrobacteria,Fibrobacterales,Fibrobacteraceae,Fibromonas,Fibromonas sp009787645,0,0,0,0,0,0,0,0,0,0,0,1,0,0,1,0,0,0,0
GCA_009886125.1,Bacteria,Desulfobacterota_F,Desulfuromonadia,Geobacterales,Geobacteraceae_A,VEOV01,VEOV01 sp009886125,0,0,0,0,0,0,0,0,0,1,0,2,0,3,2,0,0,0,0
GCA_009908425.1,Bacteria,Pseudomonadota,Alphaproteobacteria,Geminicoccales,Geminicoccaceae,JAAAPF01,JAAAPF01 sp009908425,0,0,0,1,0,0,0,0,0,1,0,0,0,3,3,0,0,1,0
GCA_009908845.1,Bacteria,Pseudomonadota,Gammaproteobacteria,Chromatiales,Chromatiaceae,Halochromatium,Halochromatium sp009908845,0,0,1,0,1,0,0,0,0,1,0,2,0,5,2,1,0,4,0
GCA_009909005.1,Bacteria,Pseudomonadota,Alphaproteobacteria,DSM-16000,Inquilinaceae,JAAAOG01,JAAAOG01 sp009909005,0,0,0,1,0,0,0,0,0,2,0,1,0,2,3,0,0,0,0
GCA_009925045.1,Bacteria,Pseudomonadota,Gammaproteobacteria,Methylococcales,Methylomonadaceae,Methylomonas,Methylomonas sp009925045,0,0,0,3,0,0,0,0,0,2,0,1,0,2,2,0,0,2,0
GCA_009929215.1,Bacteria,Desulfobacterota,Desulfovibrionia,Desulfovibrionales,Desulfovibrionaceae,Desulfovibrio,Desulfovibrio sp009929215,0,0,0,0,0,0,0,0,0,2,0,2,0,3,1,0,0,4,0
GCA_009929485.1,Bacteria,Bacillota_C,Negativicutes,Anaeromusales,Anaeromusaceae,Anaeromusa,Anaeromusa sp009929485,0,0,0,0,0,0,0,0,0,1,0,6,0,2,1,1,1,2,0
GCA_009929795.1,Bacteria,Desulfobacterota,Desulfovibrionia,Desulfovibrionales,RZZR01,RZZR01,RZZR01 sp009929795,0,0,1,0,0,0,0,0,0,2,0,2,0,2,1,0,0,4,0
GCA_010671905.1,Bacteria,Cyanobacteriota,Cyanobacteriia,Phormidesmiales,Phormidesmiaceae,Halomicronema,Halomicronema sp010671905,0,0,0,1,1,0,0,0,0,2,0,1,1,1,1,0,0,3,0
GCA_010672455.1,Bacteria,Cyanobacteriota,Cyanobacteriia,Cyanobacteriales,Microcoleaceae,Okeania,Okeania sp010672455,0,0,0,2,1,0,0,0,0,2,0,2,0,2,1,0,0,2,0
GCA_010672525.1,Bacteria,Cyanobacteriota,Cyanobacteriia,Cyanobacteriales,Microcoleaceae,Okeania,Okeania sp010672525,0,0,0,2,1,0,0,0,0,2,0,2,0,1,1,0,0,1,0
GCA_010672635.1,Bacteria,Cyanobacteriota,Cyanobacteriia,Cyanobacteriales,Desertifilaceae,Desertifilum,Desertifilum sp010672635,0,0,0,1,1,0,0,0,0,2,0,0,1,1,2,0,0,3,0
GCA_010692555.1,Bacteria,Cyanobacteriota,Cyanobacteriia,Cyanobacteriales,Microcoleaceae,Okeania,Okeania sp010692555,0,0,0,1,1,0,0,0,0,2,0,2,0,1,1,0,0,1,0
GCA_010912705.1,Bacteria,Pseudomonadota,Gammaproteobacteria,Chromatiales,Chromatiaceae,Halochromatium,Halochromatium sp010912705,0,0,0,0,2,0,0,0,0,1,0,2,0,2,2,0,0,4,0
GCA_011048515.1,Bacteria,Campylobacterota,Campylobacteria,Campylobacterales,Sulfurovaceae,Sulfurovum,Sulfurovum sp011048515,0,0,1,0,1,0,0,0,0,1,0,0,0,0,2,0,0,2,0
GCA_011051565.1,Bacteria,Nitrospirota,Thermodesulfovibrionia,Thermodesulfovibrionales,JdFR-85,BMS3Bbin07,BMS3Bbin07 sp011051565,0,0,0,0,0,0,0,0,0,2,0,1,0,1,1,0,0,3,0
GCA_011051875.1,Bacteria,Desulfobacterota,Desulfobulbia,Desulfobulbales,Desulfobulbaceae,DRKI01,DRKI01 sp011051875,0,0,0,1,0,0,0,0,0,2,0,1,0,2,2,0,0,3,0
GCA_011052165.1,Bacteria,Pseudomonadota,Gammaproteobacteria,UBA6429,UBA6429,JAADGZ01,JAADGZ01 sp011052165,0,0,0,0,0,0,0,0,0,1,0,3,0,3,1,0,0,3,0
GCA_011321725.1,Bacteria,Nitrospirota,Thermodesulfovibrionia,Thermodesulfovibrionales,JdFR-85,JAADHP01,JAADHP01 sp011321725,0,0,0,0,0,0,0,0,0,2,0,1,0,4,1,0,0,5,0
GCA_011330685.1,Bacteria,Desulfobacterota,Desulfobulbia,Desulfobulbales,Desulfurivibrionaceae,JAADIV01,JAADIV01 sp011330685,0,0,0,0,0,0,0,0,0,2,0,1,0,0,1,0,0,6,0
GCA_011389745.1,Bacteria,Desulfobacterota,Desulfobacteria,Desulfobacterales,SKZT01,SKZT01,SKZT01 sp011389745,0,0,1,0,0,1,0,0,0,2,0,1,0,3,2,1,1,4,0
GCA_011389885.1,Bacteria,Pseudomonadota,Gammaproteobacteria,Chromatiales,Sedimenticolaceae,JABBTK01,JABBTK01 sp011389885,0,0,0,0,1,0,0,0,0,2,0,3,0,4,1,0,0,6,0
GCA_011390075.1,Bacteria,Campylobacterota,Campylobacteria,Campylobacterales,SZUA-545,JAABTA01,JAABTA01 sp011390075,0,0,2,0,1,0,0,0,0,0,0,1,0,0,0,1,0,1,0
GCA_011390315.1,Bacteria,Desulfobacterota,Desulfobacteria,Desulfobacterales,Desulfococcaceae,JAABSQ01,JAABSQ01 sp011390315,0,0,1,0,0,0,0,0,0,2,0,3,0,2,1,0,0,4,0
GCA_011390345.1,Bacteria,Desulfobacterota,Desulfobacteria,Desulfobacterales,JAABSP01,JAABSP01,JAABSP01 sp011390345,0,0,2,0,0,0,0,0,0,2,0,3,0,3,2,1,1,3,0
GCA_011390755.1,Bacteria,Desulfobacterota,Desulfobacteria,Desulfobacterales,Desulfococcaceae,JAABRU01,JAABRU01 sp011390755,0,0,1,0,0,0,0,0,0,2,0,2,0,2,1,0,0,5,0
GCA_011391225.1,Bacteria,Desulfobacterota,Desulfobulbia,Desulfobulbales,Desulfocapsaceae,Desulforhopalus,Desulforhopalus sp011391225,0,0,1,0,0,0,0,0,0,1,0,4,0,1,2,0,0,4,0
GCA_011391255.1,Bacteria,Pseudomonadota,Gammaproteobacteria,Burkholderiales,Rhodocyclaceae,Azonexus,Azonexus sp011391255,0,0,0,0,1,0,0,0,0,2,0,2,0,4,1,0,0,4,0
GCA_011391865.1,Bacteria,Desulfobacterota,Desulfobulbia,Desulfobulbales,Desulfobulbaceae,Electronema,Electronema sp011391865,0,0,1,0,0,0,0,0,0,2,0,1,0,1,0,0,0,4,0
GCA_011392765.1,Bacteria,Pseudomonadota,Gammaproteobacteria,Chromatiales,Chromatiaceae,Thiosymbion,Thiosymbion ectosymbiont_A,0,0,0,0,1,0,0,0,0,1,0,0,0,5,1,0,0,3,0
GCA_011620135.1,Bacteria,Pseudomonadota,Gammaproteobacteria,UBA2770,WOZS01,WOZS01,WOZS01 sp011620135,0,0,0,1,0,0,0,0,0,2,0,1,0,1,2,0,0,2,0
GCA_011620345.1,Bacteria,UBA2233,UBA2233,UBA2233,UBA2233,UBA2233,UBA2233 sp011620345,0,0,0,1,0,0,0,0,0,2,0,1,0,1,1,0,0,2,0
GCA_011620645.1,Bacteria,Actinomycetota,Actinomycetia,Mycobacteriales,Mycobacteriaceae,Mycobacterium,Mycobacterium sp011620645,0,0,0,2,0,1,0,0,0,2,0,1,0,2,1,0,0,1,0
GCA_011620785.1,Archaea,Halobacteriota,Methanosarcinia,Methanotrichales,Methanotrichaceae,Methanothrix,Methanothrix sp011620785,0,0,0,3,1,0,0,0,0,1,0,0,0,0,0,0,0,1,0
GCA_011620845.1,Archaea,Methanobacteriota,Methanobacteria,Methanobacteriales,Methanobacteriaceae,Methanobacterium_A,Methanobacterium_A sp011620845,0,0,0,2,0,0,0,0,0,1,0,2,0,0,0,0,0,0,0
GCA_012026795.1,Archaea,Halobacteriota,Methanosarcinia,Methanosarcinales,Methanoperedenaceae,Methanoperedens,Methanoperedens sp012026795,0,0,0,2,0,0,0,0,0,2,0,1,0,3,1,0,0,1,0
GCA_012026835.1,Archaea,Halobacteriota,Methanosarcinia,Methanosarcinales,Methanoperedenaceae,Methanoperedens,Methanoperedens sp012026835,0,0,0,3,0,0,0,0,0,2,0,1,0,3,1,0,0,1,0
GCA_012026885.1,Bacteria,Pseudomonadota,Gammaproteobacteria,Burkholderiales,Rhodocyclaceae,Azonexus,Azonexus sp012026885,0,0,0,0,0,0,0,0,0,2,0,3,0,5,2,0,0,2,0
GCA_012026975.1,Bacteria,Desulfobacterota_F,Desulfuromonadia,Desulfuromonadales,BM103,VAUL01,VAUL01 sp012026975,0,0,0,0,0,0,0,0,0,1,0,3,0,3,2,1,0,1,0
GCA_012030715.1,Bacteria,Cyanobacteriota,Cyanobacteriia,Thermostichales,Thermostichaceae,JAAUUJ01,JAAUUJ01 sp012030715,0,0,0,1,0,0,0,0,0,2,0,0,0,1,1,0,1,3,0
GCA_012031965.1,Bacteria,Cyanobacteriota,Cyanobacteriia,Cyanobacteriales,Nostocaceae,Brasilonema,Brasilonema sp012031965,0,0,0,2,1,0,0,0,0,2,0,2,0,2,2,0,0,2,0
GCA_012032475.1,Bacteria,Chloroflexota,Chloroflexia,Chloroflexales,Chloroflexaceae,JAAUSY01,JAAUSY01 sp012032475,0,0,0,0,2,0,0,0,0,2,0,2,0,1,0,0,0,2,0
GCA_012033195.1,Bacteria,Chloroflexota,Chloroflexia,Chloroflexales,Chloroflexaceae,JAAUSQ01,JAAUSQ01 sp012033195,0,0,0,0,0,0,0,0,0,2,0,1,0,1,1,0,0,1,0
GCA_012033355.1,Bacteria,Cyanobacteriota,Cyanobacteriia,Elainellales,Elainellaceae,JAAUTN01,JAAUTN01 sp012033355,0,0,0,1,1,0,0,0,0,2,0,0,0,1,2,0,0,3,0
GCA_012033595.1,Bacteria,Bacteroidota,Bacteroidia,Cytophagales,Cyclobacteriaceae,JAAUQL01,JAAUQL01 sp012033595,0,0,0,1,0,0,0,0,0,2,0,1,0,4,2,0,0,2,0
GCA_012034575.1,Bacteria,Cyanobacteriota,Cyanobacteriia,Cyanobacteriales,Microcoleaceae,Microcoleus,Microcoleus sp012034575,0,0,1,1,1,0,0,0,0,2,0,1,0,2,1,0,0,2,0
GCA_012329085.1,Archaea,Halobacteriota,Methanosarcinia,Methanosarcinales,Methanosarcinaceae,JAAXQB01,JAAXQB01 sp012329085,0,0,0,3,0,0,0,0,0,2,0,0,0,0,0,0,0,0,0
GCA_012517145.1,Bacteria,Bacillota_C,Negativicutes,Acidaminococcales,Acidaminococcaceae,RZYP01,RZYP01 sp012517145,0,0,0,0,0,0,0,0,0,1,0,4,0,0,0,0,0,1,0
GCA_012517315.1,Bacteria,Desulfobacterota,Syntrophobacteria,Syntrophobacterales,Syntrophobacteraceae,JAAYUJ01,JAAYUJ01 sp012517315,0,0,1,0,0,0,0,0,0,2,0,4,0,1,2,0,1,4,0
GCA_012517475.1,Bacteria,Bacillota_B,Desulfitobacteriia,Desulfitobacteriales,Syntrophobotulaceae,Dichloromethanomonas,Dichloromethanomonas sp012517475,0,0,1,0,0,0,0,0,0,2,0,4,0,0,1,0,1,2,0
GCA_012517535.1,Bacteria,Desulfobacterota,Syntrophobacteria,Syntrophobacterales,Syntrophobacteraceae,Desulforhabdus,Desulforhabdus sp012517535,0,0,1,0,0,0,0,0,0,2,0,3,0,1,2,0,0,3,0
GCA_012517735.1,Bacteria,Nitrospirota,Thermodesulfovibrionia,Thermodesulfovibrionales,Dissulfurispiraceae,JAAYUK01,JAAYUK01 sp012517735,0,0,0,0,0,0,0,0,0,2,0,5,0,2,1,0,0,2,0
GCA_012519985.1,Bacteria,Fibrobacterota,Chitinivibrionia,Chitinivibrionales,Chitinispirillaceae,JAAYPC01,JAAYPC01 sp012519985,0,0,0,0,0,0,0,0,0,1,0,5,0,0,0,0,0,1,0
GCA_012719495.1,Bacteria,Bacteroidota,Bacteroidia,Bacteroidales,Prolixibacteraceae,SKHV01,SKHV01 sp012719495,0,0,0,0,0,0,0,0,0,1,0,3,0,1,1,0,0,0,0
GCA_012729595.1,Bacteria,Planctomycetota,Phycisphaerae,UBA1845,PWPN01,JAAYCU01,JAAYCU01 sp012729595,0,0,0,0,0,0,0,0,0,2,0,3,0,1,0,0,0,1,0
GCA_012797715.1,Bacteria,Desulfobacterota_F,Desulfuromonadia,Geobacterales,Geobacteraceae,RPRC01,RPRC01 sp012797715,0,0,0,0,0,0,0,0,0,1,0,4,0,0,1,0,0,1,0
GCA_012911965.1,Bacteria,Cyanobacteriota,Cyanobacteriia,Cyanobacteriales,Geitlerinemaceae,Sodalinema,Sodalinema sp007126595,0,0,0,2,1,0,0,0,0,2,0,1,0,2,2,0,0,2,0
GCA_012972825.1,Bacteria,Bacteroidota,Chlorobia,Chlorobiales,Chlorobiaceae,Chlorobium,Chlorobium sp012972825,0,0,0,0,1,0,0,0,0,2,0,1,0,1,1,0,0,3,0
GCA_012972835.1,Bacteria,Bacteroidota,Chlorobia,Chlorobiales,Chlorobiaceae,Chlorobium,Chlorobium sp012972835,0,0,0,0,1,0,0,0,0,1,0,1,0,1,1,0,0,3,0
GCA_012974425.1,Bacteria,Desulfobacterota_F,Desulfuromonadia,Desulfuromonadales,Geopsychrobacteraceae,Geopsychrobacter,Geopsychrobacter sp012974425,0,0,2,1,0,0,0,0,0,2,0,3,0,3,2,1,0,2,0
GCA_013036995.1,Bacteria,Bacillota_A,Clostridia,Lachnospirales,Lachnospiraceae,Lacrimispora,Lacrimispora xylanolytica_A,0,0,0,0,0,0,0,0,0,1,0,6,0,0,0,0,1,1,0
GCA_013041765.1,Bacteria,Actinomycetota,Actinomycetia,Mycobacteriales,Micromonosporaceae,JABDRL01,JABDRL01 sp013041765,0,0,0,0,0,0,0,0,0,1,0,3,0,0,1,0,0,0,0
GCA_013043915.1,Bacteria,Pseudomonadota,Gammaproteobacteria,Pseudomonadales,Moraxellaceae,JABEVH01,JABEVH01 sp013043915,0,0,0,0,0,0,0,0,0,2,0,0,0,1,2,0,0,1,0
GCA_013138705.1,Bacteria,Desulfobacterota,Dissulfuribacteria,Dissulfuribacterales,UBA3076,UBA3076,UBA3076 sp013138705,0,0,0,0,0,0,0,0,0,2,0,0,0,0,0,0,0,3,0
GCA_013140405.1,Bacteria,Pseudomonadota,Gammaproteobacteria,Methylococcales,Methylomonadaceae,Methyloglobulus,Methyloglobulus sp013140405,0,0,0,3,0,0,0,0,0,2,0,0,0,2,1,0,0,2,0
GCA_013140465.1,Bacteria,Pseudomonadota,Gammaproteobacteria,Methylococcales,Methylomonadaceae,KS41,KS41 sp013140465,0,0,0,4,0,0,0,0,0,2,0,1,0,2,1,0,0,1,0
GCA_013141125.1,Bacteria,Pseudomonadota,Gammaproteobacteria,Burkholderiales,Methylophilaceae,JABFRO01,JABFRO01 sp013141125,0,0,0,3,1,0,0,0,0,2,0,1,0,3,2,0,0,2,0
GCA_013141375.1,Bacteria,Pseudomonadota,Gammaproteobacteria,Methylococcales,Methylomonadaceae,JABFRC01,JABFRC01 sp013141375,0,0,0,4,0,0,0,0,0,2,0,1,0,3,2,0,0,2,0
GCA_013141505.1,Bacteria,Pseudomonadota,Gammaproteobacteria,Methylococcales,Methylomonadaceae,Methyloglobulus,Methyloglobulus sp013141505,0,0,0,3,0,0,0,0,0,2,0,0,0,2,3,0,0,2,0
GCA_013150915.1,Bacteria,Pseudomonadota,Gammaproteobacteria,Arenicellales,BMS3Bbin11,BMS3Bbin11,BMS3Bbin11 sp013150915,0,0,1,0,1,0,0,0,0,2,0,0,0,3,2,1,0,4,0
GCA_013151365.1,Bacteria,Desulfobacterota,Desulfobulbia,Desulfobulbales,Desulfobulbaceae,BMS3Abin13,BMS3Abin13 sp013151365,0,0,0,1,0,0,0,0,0,2,0,1,0,0,0,0,0,6,0
GCA_013151495.1,Bacteria,Nitrospirota,Thermodesulfovibrionia,Thermodesulfovibrionales,JdFR-85,JAADIE01,JAADIE01 sp013151495,0,0,0,0,0,0,0,0,0,1,0,1,0,2,1,0,0,3,0
GCA_013151555.1,Bacteria,NPL-UPA2,NPL-UPA2,NPL-UPA2,JAADIA01,JAADIA01,JAADIA01 sp013151555,0,0,1,0,0,0,0,0,0,1,0,0,0,1,0,0,1,3,0
GCA_013152045.1,Bacteria,Pseudomonadota,Gammaproteobacteria,UBA6429,UBA6429,JAADGZ01,JAADGZ01 sp013152045,0,0,0,0,1,0,0,0,0,0,0,0,0,5,2,0,0,3,0
GCA_013152145.1,Bacteria,Desulfobacterota_F,Desulfuromonadia,Desulfuromonadales,Geopsychrobacteraceae,Malonomonas,Malonomonas sp013152145,0,0,1,0,0,0,0,0,0,1,0,3,0,1,0,1,0,1,0
GCA_013152215.1,Bacteria,Desulfobacterota_C,Deferrisomatia,Deferrisomatales,Deferrisomataceae,Deferrisoma,Deferrisoma sp013152215,0,0,0,0,0,0,0,0,0,1,0,1,0,3,1,0,0,1,0
GCA_013152315.1,Bacteria,Marinisomatota,Marinisomatia,Marinisomatales,JAADGP01,JAADGP01,JAADGP01 sp013152315,0,0,0,0,0,0,0,0,0,2,0,1,0,1,1,0,1,1,0
GCA_013152355.1,Bacteria,Bacteroidota,Bacteroidia,Bacteroidales,Prolixibacteraceae,JABMQB01,JABMQB01 sp013152355,0,0,0,0,0,0,0,0,0,2,0,1,0,3,1,0,0,0,0
GCA_013152485.1,Bacteria,Nitrospirota,Thermodesulfovibrionia,Thermodesulfovibrionales,JdFR-85,BMS3Bbin07,BMS3Bbin07 sp013152485,0,0,0,0,0,0,0,0,0,2,0,0,0,1,1,0,0,3,0
GCA_013153525.1,Bacteria,Desulfobacterota,Thermodesulfobacteria,Thermodesulfobacteriales,Thermodesulfobacteriaceae,Thermodesulfobacterium,Thermodesulfobacterium sp013153525,0,0,0,0,0,0,0,0,0,2,0,2,0,1,1,0,0,3,1
GCA_013178225.1,Archaea,Halobacteriota,Methanosarcinia,Methanotrichales,Methanotrichaceae,JABLXE01,JABLXE01 sp013178225,0,0,0,2,1,0,0,0,0,1,0,0,0,0,0,0,0,1,0
GCA_013178275.1,Bacteria,Bacillota_B,Ch66,Ch66,Ch109,Ch109,Ch109 sp013178275,0,0,0,0,0,0,0,0,0,1,0,5,0,0,1,0,0,1,0
GCA_013180565.1,Archaea,Halobacteriota,Syntropharchaeia,ANME-1,ANME-1,QENH01,QENH01 sp013180565,0,0,0,2,1,0,0,0,0,2,0,0,0,1,0,0,1,0,0
GCA_013180585.1,Archaea,Halobacteriota,Syntropharchaeia,ANME-1,ANME-1,QENJ01,QENJ01 sp013180585,0,0,0,1,0,0,0,0,0,1,0,0,0,1,0,0,0,0,0
GCA_013180605.1,Archaea,Halobacteriota,Syntropharchaeia,ANME-1,ANME-1,QEXZ01,QEXZ01 sp013180605,0,0,0,2,0,0,0,0,0,2,0,0,0,1,0,0,0,0,0
GCA_013215815.1,Bacteria,Pseudomonadota,Alphaproteobacteria,Micavibrionales,Micavibrionaceae,GCA-2708415,GCA-2708415 sp013215815,0,0,0,0,0,0,0,0,0,0,0,0,0,0,1,0,0,0,0
GCA_013294065.1,Bacteria,Pseudomonadota,Gammaproteobacteria,Burkholderiales,Burkholderiaceae_B,Sphaerotilus,Sphaerotilus sp013294065,0,0,0,4,1,0,0,0,0,2,0,2,0,5,2,0,0,2,0
GCA_013329415.1,Archaea,Halobacteriota,Methanosarcinia,Methanosarcinales,Methanosarcinaceae,MTP4,MTP4 sp9310u,0,0,0,2,0,0,0,0,0,1,0,0,0,2,0,0,0,1,0
GCA_013329575.1,Archaea,Halobacteriota,Methanoliparia,Methanoliparales,Methanoliparaceae,Methanoliparum,Methanoliparum sp8915u,0,0,0,2,0,0,0,0,0,1,0,0,0,0,0,0,0,1,0
GCA_013334225.1,Bacteria,Bacteroidota,Chlorobia,Chlorobiales,Chlorobiaceae,Chlorobium,Chlorobium sp013334225,0,0,0,0,1,0,0,0,0,2,0,1,0,1,1,0,0,4,0
GCA_013334335.1,Bacteria,Bacteroidota,Chlorobia,Chlorobiales,Chlorobiaceae,Chlorobaculum,Chlorobaculum sp013334335,0,0,0,0,1,0,0,0,0,2,0,1,0,1,1,0,0,3,0
GCA_013334545.1,Bacteria,Nitrospirota,UBA9217,UBA9217,UBA9217,JAAXXJ01,JAAXXJ01 sp013334545,0,0,0,0,0,0,0,0,0,1,0,1,0,2,2,0,0,4,0
GCA_013334565.1,Bacteria,Bacteroidota,Chlorobia,Chlorobiales,Chlorobiaceae,Chlorobium,Chlorobium sp013334565,0,0,0,0,0,0,0,0,0,2,0,1,0,1,1,0,0,3,0
GCA_013334745.1,Bacteria,Actinomycetota,Coriobacteriia,OPB41,JAAXUF01,JAAXWY01,JAAXWY01 sp013334745,0,0,0,0,0,0,0,0,0,2,0,1,0,1,2,0,0,0,0
GCA_013334755.1,Bacteria,Bacteroidota,Chlorobia,Chlorobiales,Chlorobiaceae,Chlorobium,Chlorobium sp013334755,0,0,0,0,1,0,0,0,0,2,0,1,0,1,1,0,0,4,0
GCA_013334865.1,Bacteria,Bacteroidota,Chlorobia,Chlorobiales,Chlorobiaceae,Chlorobaculum,Chlorobaculum sp013334865,0,0,0,0,1,0,0,0,0,2,0,1,0,1,1,0,0,2,0
GCA_013334925.1,Bacteria,Bacteroidota,Chlorobia,Chlorobiales,Chlorobiaceae,Chlorobaculum,Chlorobaculum sp013334925,0,0,0,0,1,0,0,0,0,2,0,1,0,1,2,0,0,5,0
GCA_013335115.1,Bacteria,Bacteroidota,Chlorobia,Chlorobiales,Chlorobiaceae,Chlorobaculum,Chlorobaculum sp013335115,0,0,0,0,1,0,0,0,0,2,0,1,0,1,1,0,0,3,0
GCA_013335435.1,Bacteria,Pseudomonadota,Gammaproteobacteria,Burkholderiales,Thiobacillaceae,Parasulfuritortus,Parasulfuritortus sp013335435,0,0,0,0,2,0,0,0,0,2,0,2,0,3,3,0,0,5,0
GCA_013335535.1,Bacteria,Pseudomonadota,Gammaproteobacteria,Burkholderiales,Rhodocyclaceae,Azonexus,Azonexus sp013335535,0,0,0,4,1,0,0,0,0,1,0,3,0,6,2,0,0,1,0
GCA_013335935.1,Bacteria,Bacillota_A,Clostridia,Eubacteriales,Alkalibacteraceae,JAAXUP01,JAAXUP01 sp013335935,0,0,0,0,0,0,0,0,0,1,0,3,0,2,0,0,0,1,0
GCA_013336025.1,Bacteria,Bacteroidota,Chlorobia,Chlorobiales,Chlorobiaceae,Chlorobium,Chlorobium sp013336025,0,0,0,0,1,0,0,0,0,1,0,1,0,1,1,0,0,2,0
GCA_013336035.1,Bacteria,Chloroflexota,Chloroflexia,Chloroflexales,Chloroflexaceae,CAIWXH01,CAIWXH01 sp013336035,0,0,0,2,1,0,0,0,0,2,0,4,0,0,3,0,0,2,0
GCA_013336525.1,Bacteria,Desulfobacterota_F,Desulfuromonadia,Geobacterales,Pseudopelobacteraceae,JACRCG01,JACRCG01 sp013336525,0,0,2,0,0,0,0,0,0,1,0,2,0,3,1,1,0,2,0
GCA_013347225.1,Bacteria,Pseudomonadota,Gammaproteobacteria,Burkholderiales,Rhodocyclaceae,Accumulibacter,Accumulibacter similis,0,0,0,1,1,0,0,0,0,2,0,3,0,5,1,0,0,2,0
GCA_013349285.1,Bacteria,Desulfobacterota,Desulfobulbia,Desulfobulbales,Desulfurivibrionaceae,DUZU01,DUZU01 sp013349285,0,0,2,0,0,0,0,0,0,1,0,1,0,1,1,0,0,4,0
GCA_013349295.1,Bacteria,Desulfobacterota,Desulfobulbia,Desulfobulbales,Desulfurivibrionaceae,UBA2262,UBA2262 sp013349295,0,0,2,0,0,0,0,0,0,2,0,1,0,2,1,0,0,5,0
GCA_013349325.1,Bacteria,Desulfobacterota_F,Desulfuromonadia,Geobacterales,Pseudopelobacteraceae,JACRCG01,JACRCG01 sp013349325,0,0,0,0,0,0,0,0,0,1,0,2,0,2,2,0,0,2,0
GCA_013349405.1,Bacteria,Desulfobacterota_F,Desulfuromonadia,Geobacterales,Pseudopelobacteraceae,JACRCG01,JACRCG01 sp013349405,0,0,1,1,0,0,0,0,0,1,0,2,0,2,2,1,0,2,0
GCA_013349665.1,Bacteria,Pseudomonadota,Alphaproteobacteria,Rhodospirillales,Magnetospirillaceae,Telmatospirillum,Telmatospirillum sp013349665,0,0,0,2,0,0,0,0,0,2,0,1,0,1,3,0,0,0,0
GCA_013363835.1,Bacteria,Pseudomonadota,Gammaproteobacteria,Burkholderiales,Rhodocyclaceae,Azonexus,Azonexus sp013363835,0,0,0,0,0,0,0,0,0,2,0,1,0,6,2,0,0,2,0
GCA_013373265.1,Bacteria,Pseudomonadota,Alphaproteobacteria,Rhodospirillales_A,Terasakiellaceae,Terasakiella,Terasakiella sp013373265,0,0,0,1,0,0,0,0,0,1,0,2,0,2,3,0,0,1,0
GCA_013377015.1,Bacteria,Pseudomonadota,Alphaproteobacteria,Rhizobiales,Xanthobacteraceae,Rhodopseudomonas,Rhodopseudomonas sp013377015,0,0,0,3,2,1,0,0,0,2,0,3,1,2,3,0,0,3,0
GCA_013388805.1,Bacteria,Chloroflexota,Chloroflexia,Chloroflexales,Chloroflexaceae,JACAEO01,JACAEO01 sp013388805,0,0,0,1,0,0,0,0,0,2,0,3,0,0,2,0,0,2,0
GCA_013388985.1,Bacteria,Pseudomonadota,Gammaproteobacteria,Burkholderiales,Rhodocyclaceae,UBA2250,UBA2250 sp013388985,0,0,2,0,2,0,0,0,0,2,0,2,0,5,2,0,0,6,0
GCA_013390565.1,Bacteria,Chloroflexota,Chloroflexia,54-19,54-19,L227-S17,L227-S17 sp013390565,0,0,0,0,1,1,0,0,0,2,0,3,0,0,2,0,0,1,0
GCA_013390605.1,Bacteria,Bacteroidota,Bacteroidia,Bacteroidales,Cfx3-03,Cfx3-03,Cfx3-03 sp013390605,0,0,0,0,0,0,0,0,0,2,0,4,0,0,3,0,0,0,0
GCA_013390945.1,Bacteria,Chloroflexota,Chloroflexia,54-19,54-19,L227-5C,L227-5C sp013390945,0,0,0,1,1,1,0,0,0,2,0,2,0,0,1,0,0,1,0
GCA_013403005.1,Archaea,Methanobacteriota,Methanobacteria,Methanobacteriales,Methanobacteriaceae,Methanobacterium,Methanobacterium sp013403005,0,0,0,2,0,0,0,0,0,1,0,3,0,1,0,0,0,0,0
GCA_013414705.1,Bacteria,Pseudomonadota,Alphaproteobacteria,Rhodospirillales_A,UXAT02,SSA4,SSA4 sp013414705,0,0,0,2,0,0,0,0,0,2,0,1,1,2,4,0,0,0,0
GCA_013426785.1,Bacteria,Pseudomonadota,Gammaproteobacteria,Burkholderiales,Rhodocyclaceae,UBA2250,UBA2250 sp013426785,0,0,0,0,1,0,0,0,0,2,0,2,0,1,1,0,0,4,0
GCA_013426795.1,Bacteria,Desulfobacterota,Desulfobulbia,Desulfobulbales,Desulfocapsaceae,UBA2270,UBA2270 sp013426795,0,0,0,0,0,0,0,0,0,2,0,3,0,1,1,0,0,4,0
GCA_013426805.1,Bacteria,Pseudomonadota,Gammaproteobacteria,Chromatiales,Chromatiaceae,Lamprocystis,Lamprocystis sp013426805,0,0,0,2,2,0,0,0,0,2,0,3,0,2,2,0,0,5,0
GCA_013572355.1,Archaea,Halobacteriota,Methanosarcinia,Methanosarcinales,Methanogasteraceae,Methanogaster,Methanogaster sp013572355,0,0,0,2,0,0,0,0,0,1,0,0,0,0,0,0,0,0,0
GCA_013619105.1,Bacteria,Desulfobacterota_F,Desulfuromonadia,Desulfuromonadales,Syntrophotaleaceae,Syntrophotalea_A,Syntrophotalea_A sp013619105,0,0,0,0,0,0,0,0,0,1,0,2,0,1,2,0,0,1,0
GCA_013619155.1,Bacteria,Desulfobacterota,Desulfobacteria,Desulfobacterales,Desulfolunaceae,Desulfoluna,Desulfoluna sp013619155,0,0,2,0,0,0,0,0,0,1,0,3,0,2,2,0,0,3,0
GCA_013791855.1,Bacteria,Pseudomonadota,Gammaproteobacteria,Burkholderiales,Gallionellaceae,Sideroxyarcus,Sideroxyarcus sp013791855,0,0,0,0,1,0,0,0,0,2,0,2,0,2,1,0,0,5,0
GCA_013791955.1,Bacteria,Actinomycetota,Actinomycetia,Propionibacteriales,Propionibacteriaceae,Propionicimonas,Propionicimonas sp013791955,0,0,0,0,1,1,0,0,0,1,0,2,0,0,1,0,0,1,0
GCA_013791995.1,Bacteria,Desulfobacterota,Desulfobulbia,Desulfobulbales,Desulfurivibrionaceae,UBA2262,UBA2262 sp013791995,0,0,2,0,0,0,0,0,0,2,0,1,0,2,1,0,0,4,0
GCA_013792135.1,Bacteria,Desulfobacterota,Desulfobulbia,Desulfobulbales,Desulfocapsaceae,UBA2270,UBA2270 sp002347745,0,0,0,0,0,0,0,0,0,2,0,2,0,2,1,0,0,4,0
GCA_013823635.1,Bacteria,Pseudomonadota,Gammaproteobacteria,Burkholderiales,Burkholderiaceae_B,UBA2334,UBA2334 sp013823635,0,0,0,2,1,0,0,0,0,2,0,3,0,4,2,0,0,2,0
GCA_013911975.1,Bacteria,Pseudomonadota,Alphaproteobacteria,Rhizobiales,Xanthobacteraceae,Aquabacter,Aquabacter sp013911975,0,0,0,1,0,0,0,0,0,2,0,0,0,2,4,0,0,1,0
GCA_014189435.1,Bacteria,Pseudomonadota,Alphaproteobacteria,Rhizobiales,Rhizobiaceae,Mesorhizobium,Mesorhizobium loti_G,0,0,0,2,0,0,0,0,0,1,0,1,1,3,3,0,0,1,0
GCA_014237145.1,Archaea,Halobacteriota,Methanosarcinia,Methanosarcinales,Methanocomedenaceae,Methanocomedens,Methanocomedens sp014237145,0,0,0,2,0,0,0,0,0,2,0,0,0,1,0,0,0,0,0
GCA_014237395.1,Bacteria,Desulfobacterota,Desulfobacteria,Desulfobacterales,UBA5852,JABZFP01,JABZFP01 sp014237395,0,0,1,1,0,0,0,0,0,2,0,2,0,2,2,1,0,4,0
GCA_014359475.1,Bacteria,Pseudomonadota,Gammaproteobacteria,Pseudomonadales,Oleiphilaceae,Marinobacter,Marinobacter sp014359475,0,0,0,1,0,0,0,0,0,2,0,0,0,4,3,0,0,1,0
GCA_014359565.1,Bacteria,Pseudomonadota,Gammaproteobacteria,Immundisolibacterales,Immundisolibacteraceae,Immundisolibacter,Immundisolibacter sp014359565,0,0,0,2,0,0,0,0,0,2,0,0,0,2,3,0,0,1,0
GCA_014379395.1,Bacteria,Pseudomonadota,Gammaproteobacteria,Burkholderiales,Burkholderiaceae,Janthinobacterium,Janthinobacterium sp014379395,0,0,0,3,0,0,0,0,0,2,0,2,0,5,2,1,0,1,0
GCA_014380135.1,Bacteria,Desulfobacterota_F,Desulfuromonadia,Geobacterales,Pseudopelobacteraceae,JACRCG01,JACRCG01 sp014380135,0,0,0,1,0,0,0,0,0,1,0,3,0,0,3,0,0,0,0
GCA_014380625.1,Bacteria,Bacillota_A,Clostridia,Clostridiales,Clostridiaceae,JACMJL01,JACMJL01 sp014380625,0,0,0,0,0,0,0,0,0,1,0,6,0,0,1,0,0,2,0
GCA_014382295.1,Bacteria,Desulfobacterota,Desulfobulbia,Desulfobulbales,Desulfurivibrionaceae,Desulfobia,Desulfobia pelagia,0,0,2,0,0,0,0,0,0,2,0,0,0,3,1,0,0,4,0
GCA_014695255.1,Bacteria,Cyanobacteriota,Cyanobacteriia,Leptolyngbyales,Leptolyngbyaceae,Leptolyngbya,Leptolyngbya sp014695255,0,0,0,1,1,0,0,0,0,2,0,0,1,1,1,0,0,2,0
GCA_014850975.1,Bacteria,Pseudomonadota,Gammaproteobacteria,Methylococcales,Methylomonadaceae,Methylomonas,Methylomonas fluvii,0,0,0,4,0,0,0,0,0,2,0,2,0,3,2,0,0,2,0
GCA_014859565.1,Bacteria,Pseudomonadota,Gammaproteobacteria,Pseudomonadales,Halomonadaceae,Marinospirillum,Marinospirillum sp014859565,0,0,0,2,1,0,0,0,0,2,0,0,0,2,2,1,0,1,0
GCA_014859605.1,Bacteria,Desulfobacterota_F,Desulfuromonadia,Desulfuromonadales,UBA2197,UBA2197,UBA2197 sp014859605,0,0,2,0,0,0,0,0,0,1,0,2,0,1,1,0,0,1,0
GCA_014859725.1,Archaea,Halobacteriota,Methanosarcinia,Methanosarcinales,Methanocomedenaceae,Kmv04,Kmv04 sp014859725,0,0,0,2,0,0,0,0,0,2,0,1,0,1,0,0,0,2,0
GCA_014859785.1,Archaea,Halobacteriota,Methanosarcinia,Methanosarcinales,Methanoperedenaceae,Methanoperedens_A,Methanoperedens_A sp014859785,0,0,2,2,0,0,0,0,0,2,0,0,0,1,0,0,0,2,0
GCA_014860175.1,Bacteria,Desulfobacterota_F,Desulfuromonadia,Desulfuromonadales,JACZKF01,JACZKF01,JACZKF01 sp014860175,0,0,2,0,0,0,0,0,0,1,0,1,0,5,2,1,0,2,0
GCA_014860225.1,Bacteria,Desulfobacterota_F,Desulfuromonadia,Desulfuromonadales,BM103,M0040,M0040 sp014860225,0,0,0,0,0,0,0,0,0,1,0,2,0,3,3,1,0,1,0
GCA_014874265.1,Bacteria,Actinomycetota,Thermoleophilia,BMS3ABIN01,BMS3ABIN01,JACWAD01,JACWAD01 sp014874265,0,0,1,0,0,0,0,0,0,2,0,1,0,0,2,0,0,3,0
GCA_015057705.1,Bacteria,Bacillota_A,Clostridia,Lachnospirales,Lachnospiraceae,Lacrimispora,Lacrimispora sp015057705,0,0,0,0,0,0,0,0,0,1,0,6,0,0,0,0,1,1,0
GCA_015057775.1,Bacteria,Bacillota_A,Clostridia,Lachnospirales,Lachnospiraceae,Lacrimispora,Lacrimispora sp015057775,0,0,0,0,0,0,0,0,0,1,0,4,0,0,0,0,1,1,0
GCA_015206945.1,Bacteria,Cyanobacteriota,Cyanobacteriia,Cyanobacteriales,Nostocaceae,Nostoc,Nostoc sp015206945,0,0,0,2,1,0,0,0,0,2,0,1,0,1,1,0,0,1,0
GCA_015207585.1,Bacteria,Cyanobacteriota,Cyanobacteriia,Cyanobacteriales,Xenococcaceae,LEGE-06147,LEGE-06147 sp015207585,0,0,0,1,1,0,0,0,0,2,0,1,1,2,2,0,0,2,0
GCA_015228695.1,Bacteria,Pseudomonadota,Alphaproteobacteria,Rhodospirillales,Rhodospirillaceae,JADGDA01,JADGDA01 sp015228695,0,0,0,1,1,0,0,0,0,2,0,0,0,4,1,0,0,4,0
GCA_015228815.1,Bacteria,Pseudomonadota,Magnetococcia,Magnetococcales,UBA8363,UBA8363,UBA8363 sp015228815,0,0,0,0,0,0,0,0,0,2,0,0,0,4,2,0,0,3,0
GCA_015228925.1,Bacteria,Pseudomonadota,Magnetococcia,Magnetococcales,UBA8363,UBA8363,UBA8363 sp015228925,0,0,0,1,0,0,0,0,0,2,0,0,0,2,1,0,0,3,0
GCA_015231375.1,Bacteria,Pseudomonadota,Magnetococcia,Magnetococcales,Magnetaquicoccaceae,JAANAU01,JAANAU01 sp015231375,0,0,0,0,0,0,0,0,0,1,0,0,0,2,2,0,0,2,0
GCA_015231435.1,Bacteria,Pseudomonadota,Gammaproteobacteria,BW-2,BW-2,JADFYS01,JADFYS01 sp015231435,0,0,0,1,1,0,0,0,0,2,0,0,0,5,1,0,0,3,0
GCA_015231595.1,Bacteria,Desulfobacterota,Desulfobacteria,Desulfobacterales,JADGBH01,JADGBH01,JADGBH01 sp015231595,0,0,1,0,0,0,0,0,0,2,0,3,0,1,1,0,0,3,0
GCA_015231605.1,Bacteria,Pseudomonadota,Alphaproteobacteria,Rhodospirillales_A,Magnetovibrionaceae,JADGBG01,JADGBG01 sp015231605,0,0,0,0,1,0,0,0,0,1,0,1,0,4,1,0,0,3,0
GCA_015231615.1,Bacteria,Desulfobacterota,Desulfobacteria,Desulfobacterales,Desulfobacteraceae,Desulfamplus,Desulfamplus sp015231615,0,0,0,0,0,0,0,0,0,2,0,0,0,0,1,0,1,4,0
GCA_015231755.1,Bacteria,Pseudomonadota,Magnetococcia,Magnetococcales,Magnetaquicoccaceae,JAANAU01,JAANAU01 sp015231755,0,0,0,0,0,0,0,0,0,1,0,0,0,2,2,0,0,2,0
GCA_015231795.1,Bacteria,Pseudomonadota,Alphaproteobacteria,Rhodospirillales,WMHbin7,WMHbin7,WMHbin7 sp015231795,0,0,1,0,1,0,0,0,0,2,0,2,0,2,1,0,0,4,0
GCA_015231815.1,Bacteria,Nitrospinota,JADGAW01,JADGAW01,JADGAW01,JADGAW01,JADGAW01 sp015231815,0,0,0,0,0,1,0,0,0,1,0,1,0,1,1,0,0,1,0
GCA_015231915.1,Bacteria,Pseudomonadota,Magnetococcia,Magnetococcales,Magnetaquicoccaceae,WMHbin3,WMHbin3 sp015231915,0,0,0,0,0,0,0,0,0,1,0,0,0,2,1,0,0,2,0
GCA_015232405.1,Bacteria,Pseudomonadota,Magnetococcia,Magnetococcales,UBA8363,GCA-2753565,GCA-2753565 sp015232405,0,0,2,0,0,0,0,0,0,1,0,0,0,4,1,0,0,4,0
GCA_015232455.1,Bacteria,Desulfobacterota,Desulfobacteria,Desulfobacterales,Desulfobacteraceae,Desulfamplus,Desulfamplus sp015232455,0,0,0,0,0,0,0,0,0,2,0,1,0,2,2,0,0,4,0
GCA_015232485.1,Bacteria,Pseudomonadota,Alphaproteobacteria,Rhodospirillales,Magnetospirillaceae,JADFZP01,JADFZP01 sp015232485,0,0,0,0,1,0,0,0,0,2,0,1,0,4,2,0,0,4,0
GCA_015232645.1,Bacteria,Pseudomonadota,Magnetococcia,Magnetococcales,UBA8363,UBA8363,UBA8363 sp015232645,0,0,0,0,0,0,0,0,0,2,0,0,0,3,1,0,0,2,0
GCA_015232825.1,Bacteria,Pseudomonadota,Magnetococcia,Magnetococcales,Magnetaquicoccaceae,JAANAU01,JAANAU01 sp015232825,0,0,0,0,0,0,0,0,0,1,0,0,0,0,1,0,0,1,0
GCA_015232865.1,Bacteria,Pseudomonadota,Magnetococcia,Magnetococcales,UBA8363,GCA-2753565,GCA-2753565 sp015232865,0,0,0,0,0,0,0,0,0,1,0,0,0,2,1,0,0,4,0
GCA_015232955.1,Bacteria,Pseudomonadota,Gammaproteobacteria,BW-2,BW-2,JADFYS01,JADFYS01 sp015232955,0,0,0,0,0,0,0,0,0,2,0,2,0,1,1,0,0,4,0
GCA_015233015.1,Bacteria,Nitrospirota,Thermodesulfovibrionia,Thermodesulfovibrionales,Magnetobacteriaceae,Magnetominusculus,Magnetominusculus sp015233015,0,0,1,0,0,0,0,0,0,2,0,1,0,1,1,0,0,3,0
GCA_015233035.1,Bacteria,Pseudomonadota,Magnetococcia,Magnetococcales,Magnetaquicoccaceae,HCHbin5,HCHbin5 sp015233035,0,0,0,0,0,0,0,0,0,1,0,2,0,1,1,0,0,2,0
GCA_015233395.1,Bacteria,Desulfobacterota,Desulfovibrionia,Desulfovibrionales,Desulfovibrionaceae,JADFXV01,JADFXV01 sp015233395,0,0,0,0,0,0,0,0,0,2,0,2,0,2,2,0,0,3,0
GCA_015233485.1,Bacteria,Nitrospirota,Thermodesulfovibrionia,Thermodesulfovibrionales,Magnetobacteriaceae,Magnetominusculus,Magnetominusculus sp015233485,0,0,1,0,0,0,0,0,0,1,0,1,0,1,1,0,0,3,0
GCA_015233895.1,Bacteria,Nitrospirota,Thermodesulfovibrionia,Thermodesulfovibrionales,Magnetobacteriaceae,JADFXG01,JADFXG01 sp015233895,0,0,0,0,0,0,0,0,0,2,0,1,0,3,3,0,0,3,0
GCA_015233935.1,Bacteria,Pseudomonadota,Magnetococcia,Magnetococcales,JADFXB01,JADFXB01,JADFXB01 sp015233935,0,0,0,0,0,0,0,0,0,1,0,1,0,4,1,0,0,2,0
GCA_015234065.1,Bacteria,Omnitrophota,Koll11,Zapsychrales,Fredricksoniimonadaceae,JADFWS01,JADFWS01 sp015234065,0,0,0,0,0,0,0,0,0,1,0,3,0,1,1,0,0,1,0
GCA_015243575.1,Bacteria,Bacillota_A,Clostridia,Peptostreptococcales,Anaerovoracaceae,MT110,MT110 sp015243575,0,0,0,0,0,0,0,0,0,1,0,4,0,0,0,0,0,2,0
GCA_015272325.1,Bacteria,Cyanobacteriota,Cyanobacteriia,Elainellales,Elainellaceae,JACYLU01,JACYLU01 sp015272325,0,0,0,2,1,0,0,0,0,2,0,0,0,1,2,0,0,2,0
GCA_015272395.1,Bacteria,Cyanobacteriota,Cyanobacteriia,Cyanobacteriales,Nostocaceae,Calothrix,Calothrix sp015272395,0,0,0,1,1,0,0,0,0,2,0,2,0,1,2,0,0,2,0
GCA_015295885.1,Bacteria,Cyanobacteriota,Cyanobacteriia,Phormidesmiales,Phormidesmiaceae,Nodosilinea,Nodosilinea sp015295885,0,0,0,0,1,0,0,0,0,2,0,1,0,1,1,0,0,2,0
GCA_015295985.1,Bacteria,Cyanobacteriota,Cyanobacteriia,Thermostichales,Thermostichaceae,Thermostichus,Thermostichus sp015295985,0,0,0,0,1,0,0,0,0,2,0,0,0,1,2,0,1,2,0
GCA_015296075.1,Bacteria,Cyanobacteriota,Cyanobacteriia,Leptolyngbyales,Leptolyngbyaceae,DSRU01,DSRU01 sp015296075,0,0,0,1,1,0,0,0,0,2,0,0,1,1,1,0,0,2,0
GCA_015296085.1,Bacteria,Cyanobacteriota,Cyanobacteriia,Cyanobacteriales,Nostocaceae,Trichormus,Trichormus sp015296085,0,0,0,1,1,0,0,0,0,2,0,2,0,1,2,0,0,3,0
GCA_015482705.2,Bacteria,Bacteroidota,Chlorobia,Chlorobiales,Chlorobiaceae,Chlorobium_A,Chlorobium_A sp015482705,0,0,0,0,1,0,0,0,0,2,0,1,0,1,2,0,0,6,0
GCA_015484845.1,Bacteria,Desulfobacterota,Desulfobulbia,Desulfobulbales,Desulfobulbaceae,DRKI01,DRKI01 sp015484845,0,0,0,0,0,0,0,0,0,2,0,1,0,2,2,0,0,5,0
GCA_015488275.1,Bacteria,Desulfobacterota,Desulfobulbia,Desulfobulbales,S012-135,S012-135,S012-135 sp015488275,0,0,0,1,0,0,0,0,0,2,0,1,0,2,2,0,0,5,0
GCA_015489365.1,Bacteria,Desulfobacterota,Dissulfuribacteria,Dissulfuribacterales,QOAL01,S143-34,S143-34 sp015489365,0,0,0,0,0,0,0,0,0,2,0,0,0,1,1,0,0,4,0
GCA_015491705.1,Bacteria,Nitrospirota,Thermodesulfovibrionia,UBA6902,UBA6902,JAADFS01,JAADFS01 sp015491705,0,0,0,0,0,0,0,0,0,2,0,0,0,3,0,1,0,4,0
GCA_015492645.1,Bacteria,Nitrospirota,Thermodesulfovibrionia,Thermodesulfovibrionales,JdFR-85,JdFR-85,JdFR-85 sp015492645,0,0,1,0,0,0,0,0,0,2,0,3,0,2,2,0,0,5,1
GCA_015494395.1,Bacteria,Desulfobacterota,Dissulfuribacteria,Dissulfuribacterales,QOAL01,S144-17,S144-17 sp015494395,0,0,1,1,0,0,0,0,0,2,0,1,0,2,1,0,0,4,0
GCA_015520145.1,Archaea,Hydrothermarchaeota,Hydrothermarchaeia,Hydrothermarchaeales,WAQR01,WAQR01,WAQR01 sp015520145,0,0,1,1,0,0,0,0,0,1,0,0,0,0,0,0,0,1,0
GCA_015523155.1,Archaea,Methanobacteriota,Methanococci,Methanococcales,Methanococcaceae,Methanothermococcus_A,Methanothermococcus_A sp015523155,0,0,0,2,0,0,0,0,0,2,0,3,0,0,0,0,0,0,0
GCA_015548865.1,Bacteria,Pseudomonadota,Gammaproteobacteria,Enterobacterales,Enterobacteriaceae,Symbiopectobacterium,Symbiopectobacterium marcescens_A,0,0,0,1,0,0,0,0,0,2,0,2,0,2,2,0,1,0,0
GCA_015654525.1,Bacteria,Bacteroidota,Bacteroidia,Bacteroidales,Paludibacteraceae,Paludibacter,Paludibacter sp015654525,0,0,0,0,0,0,0,0,0,1,0,1,0,0,2,0,0,0,0
GCA_015654535.1,Bacteria,Bacteroidota,Bacteroidia,Bacteroidales,Bacteroidaceae,Bacteroides_G,Bacteroides_G sp015654535,0,0,0,0,0,0,0,0,0,1,0,0,0,0,1,0,0,0,0
GCA_015654615.1,Bacteria,Pseudomonadota,Alphaproteobacteria,Rhodospirillales,Magnetospirillaceae,Telmatospirillum,Telmatospirillum sp015654615,0,0,0,2,0,0,0,0,0,2,0,2,0,2,4,1,1,0,0
GCA_015654635.1,Bacteria,Pseudomonadota,Alphaproteobacteria,Micropepsales,Micropepsaceae,Rhizomicrobium,Rhizomicrobium sp015654635,0,0,0,1,0,0,0,0,0,2,0,1,0,0,3,0,0,0,0
GCA_015654745.1,Bacteria,Pseudomonadota,Gammaproteobacteria,Enterobacterales,Enterobacteriaceae,Acerihabitans,Acerihabitans sp015654745,0,0,0,1,0,0,0,0,0,2,0,2,0,3,1,0,0,0,0
GCA_015654925.1,Bacteria,Pseudomonadota,Gammaproteobacteria,Enterobacterales,Enterobacteriaceae,Acerihabitans,Acerihabitans sp015654925,0,0,0,1,0,0,0,0,0,2,0,2,0,3,2,0,0,0,0
GCA_015655365.1,Bacteria,Acidobacteriota,Terriglobia,Terriglobales,Acidobacteriaceae,Terracidiphilus,Terracidiphilus sp015655365,0,0,0,0,0,1,0,0,0,2,0,2,0,0,1,0,0,0,0
GCA_015661405.1,Archaea,Methanobacteriota,Methanobacteria,Methanobacteriales,Methanobacteriaceae,Methanobacterium_A,Methanobacterium_A sp015661405,0,0,0,2,0,0,0,0,0,2,0,2,0,0,0,0,0,0,0
GCA_015709205.1,Bacteria,Desulfobacterota,Desulfovibrionia,Desulfovibrionales,Desulfovibrionaceae,JACCQO01,JACCQO01 sp015709205,0,0,0,0,0,0,0,0,0,2,0,2,0,3,2,0,0,3,0
GCA_015709315.1,Bacteria,Desulfobacterota,Desulfovibrionia,Desulfovibrionales,Desulfovibrionaceae,Pseudodesulfovibrio,Pseudodesulfovibrio sp015709315,0,0,1,0,0,0,0,0,0,2,0,2,0,3,1,0,0,4,0
GCA_016000195.1,Bacteria,Pseudomonadota,Gammaproteobacteria,Burkholderiales,Burkholderiaceae_B,Polaromonas,Polaromonas sp016000195,0,0,0,3,0,0,0,0,0,2,0,0,0,2,3,0,0,3,0
GCA_016124535.1,Bacteria,Pseudomonadota,Alphaproteobacteria,Azospirillales,Azospirillaceae,RI-112,RI-112 sp016124535,0,0,0,2,1,0,0,0,0,2,0,1,0,2,2,0,0,1,0
GCA_016124745.1,Bacteria,Pseudomonadota,Gammaproteobacteria,Burkholderiales,Thiobacillaceae,Thiobacillus,Thiobacillus sp016124745,0,0,1,0,2,0,0,0,0,2,0,1,0,4,3,0,0,5,0
GCA_016125505.1,Bacteria,Pseudomonadota,Gammaproteobacteria,UBA6429,UBA6429,RI-92,RI-92 sp016125505,0,0,0,0,1,0,0,0,0,2,0,2,0,4,3,0,0,5,0
GCA_016178015.1,Bacteria,Pseudomonadota,Alphaproteobacteria,Rhizobiales,Beijerinckiaceae,Methylosinus,Methylosinus sp016178015,0,0,0,3,1,0,0,0,0,1,0,0,0,1,1,0,0,1,0
GCA_016182975.1,Bacteria,Desulfobacterota_F,Desulfuromonadia,Geobacterales,Pseudopelobacteraceae,JACPFJ01,JACPFJ01 sp016182975,0,0,2,0,0,0,0,0,0,1,0,2,0,1,2,0,0,1,0
GCA_016183615.1,Bacteria,Pseudomonadota,Gammaproteobacteria,Burkholderiales,UBA6910,JACPEG01,JACPEG01 sp016183615,0,0,1,0,1,0,0,0,0,2,0,3,0,5,3,0,0,4,0
GCA_016194325.1,Bacteria,Nitrospinota,UBA9942,UBA9942,UBA9942,UBA9942,UBA9942 sp016194325,0,0,0,0,1,0,0,0,0,2,0,2,0,2,2,1,0,2,0
GCA_016195125.1,Bacteria,Pseudomonadota,Alphaproteobacteria,Rhodospirillales,Magnetospirillaceae,Phaeospirillum,Phaeospirillum sp016195125,0,0,0,0,1,0,0,0,0,2,0,3,0,4,2,0,0,2,0
GCA_016195465.1,Bacteria,Nitrospirota,RBG-16-64-22,RBG-16-64-22,RBG-16-64-22,RBG-16-64-22,RBG-16-64-22 sp016195465,0,0,1,0,1,0,0,0,0,0,0,0,0,3,3,1,0,2,0
GCA_016199835.1,Bacteria,Pseudomonadota,Gammaproteobacteria,Burkholderiales,Gallionellaceae,JACQFX01,JACQFX01 sp016199835,0,0,1,0,1,0,0,0,0,2,0,1,0,1,1,0,0,3,0
GCA_016200345.1,Bacteria,Nitrospinota,UBA7883,JACRGQ01,JACRGQ01,JACQEX01,JACQEX01 sp016200345,0,0,0,0,1,0,0,0,0,2,0,2,0,1,0,0,0,2,0
GCA_016207885.1,Bacteria,Nitrospirota,Thermodesulfovibrionia,UBA6902,UBA6902,JACQZG01,JACQZG01 sp016207885,0,0,0,0,0,0,0,0,0,2,0,1,0,3,1,0,0,4,0
GCA_016207925.1,Bacteria,Nitrospinota,UBA7883,UBA7883,UBA7883,JACQZB01,JACQZB01 sp016207925,0,0,1,1,1,0,0,0,0,1,0,1,0,1,2,1,0,4,0
GCA_016208015.1,Bacteria,Pseudomonadota,Gammaproteobacteria,Burkholderiales,Gallionellaceae,Sideroxyarcus,Sideroxyarcus sp016208015,0,0,0,0,1,0,0,0,0,2,0,3,0,5,1,0,0,5,0
GCA_016208105.1,Bacteria,Desulfobacterota,Desulfovibrionia,Desulfovibrionales,Desulfovibrionaceae,Fundidesulfovibrio,Fundidesulfovibrio sp016208105,0,0,0,0,0,0,0,0,0,2,0,2,0,3,1,0,1,3,0
GCA_016208115.1,Bacteria,Desulfobacterota,Desulfarculia,Desulfarculales,Desulfarculaceae,JACRDC01,JACRDC01 sp016208115,0,0,0,0,0,0,0,0,0,2,0,2,0,2,2,0,1,4,0
GCA_016208225.1,Bacteria,Desulfobacterota,Desulfobulbia,Desulfobulbales,Desulfurivibrionaceae,SURF-16,SURF-16 sp016208225,0,0,1,0,0,0,0,0,0,0,0,1,0,1,1,0,0,3,0
GCA_016208305.1,Bacteria,Cyanobacteriota,Cyanobacteriia,Elainellales,Elainellaceae,Drouetiella,Drouetiella sp016208305,0,0,0,1,1,0,0,0,0,2,0,1,0,1,1,0,0,2,0
GCA_016208425.1,Bacteria,Pseudomonadota,Gammaproteobacteria,Burkholderiales,Rhodocyclaceae,JACQYA01,JACQYA01 sp016208425,0,0,1,0,1,0,0,0,0,2,0,3,0,5,3,1,0,5,0
GCA_016208975.1,Bacteria,Nitrospinota,UBA7883,UBA7883,JACRLM01,JACQXA01,JACQXA01 sp016208975,0,0,1,1,1,0,0,0,0,2,0,2,0,2,2,0,0,5,0
GCA_016212085.1,Bacteria,Nitrospirota_B,JACRHL01,JACRHL01,JACRHL01,JACRHL01,JACRHL01 sp016212085,0,0,0,0,0,0,0,0,0,1,0,0,0,2,1,0,0,3,0
GCA_016212095.1,Bacteria,Nitrospirota,Thermodesulfovibrionia,SZUA-242,SZUA-242,JACRHH01,JACRHH01 sp016212095,0,0,0,0,0,0,0,0,0,1,0,1,0,2,2,0,0,3,0
GCA_016212105.1,Bacteria,Nitrospirota,UBA9217,JACRHJ01,JACRHJ01,JACRHJ01,JACRHJ01 sp016212105,0,0,0,1,0,0,0,0,0,2,0,1,0,1,2,0,0,3,0
GCA_016212165.1,Bacteria,Nitrospirota,Thermodesulfovibrionia,Thermodesulfovibrionales,UBA1546,SCSY01,SCSY01 sp016212165,0,0,2,0,0,0,0,0,0,2,0,1,0,1,1,0,0,3,0
GCA_016212565.1,Bacteria,Pseudomonadota,Alphaproteobacteria,Rhodospirillales,Magnetospirillaceae,JACRFY01,JACRFY01 sp016212565,0,0,0,0,0,0,0,0,0,2,0,3,0,5,3,0,0,3,0
GCA_016212925.1,Bacteria,Desulfobacterota,Desulfomonilia,Desulfomonilales,Desulfomonilaceae,JACRDF01,JACRDF01 sp016212925,0,0,1,0,0,0,0,0,0,2,0,2,0,2,3,0,1,4,0
GCA_016212935.1,Bacteria,Desulfobacterota,Desulfomonilia,Desulfomonilales,Desulfomonilaceae,Desulfomonile,Desulfomonile tiedjei_A,0,0,1,0,0,0,0,0,0,2,0,1,0,3,1,0,0,4,0
GCA_016213825.1,Bacteria,Bacillota_A,Clostridia,Eubacteriales,Eubacteriaceae,Acetobacterium,Acetobacterium woodii_A,0,0,0,0,0,0,0,0,0,1,0,3,0,0,0,0,0,2,0
GCA_016213945.1,Bacteria,Nitrospirota,Thermodesulfovibrionia,UBA6902,UBA6902,SURF-23,SURF-23 sp016213945,0,0,1,0,0,0,0,0,0,2,0,1,0,2,2,0,0,3,0
GCA_016214385.1,Bacteria,Nitrospirota,Thermodesulfovibrionia,UBA6902,JACROP01,JACROP01,JACROP01 sp016214385,0,0,2,0,0,0,0,0,0,1,0,1,0,1,0,0,0,4,0
GCA_016214695.1,Bacteria,Pseudomonadota,Gammaproteobacteria,Burkholderiales,Gallionellaceae,Sideroxyarcus,Sideroxyarcus sp016214695,0,0,0,0,1,0,0,0,0,2,0,2,0,4,1,0,0,5,0
GCA_016214855.1,Bacteria,Nitrospirota,Thermodesulfovibrionia,Thermodesulfovibrionales,UBA6898,UBA6898,UBA6898 sp016214855,0,0,2,0,0,0,0,0,0,2,0,2,0,4,1,0,0,3,0
GCA_016214985.1,Bacteria,Desulfobacterota_C,Deferrisomatia,Deferrisomatales,JACRMM01,JACRMM01,JACRMM01 sp016214985,0,0,1,0,0,0,0,0,0,2,0,1,0,2,2,0,1,1,0
GCA_016215155.1,Bacteria,Nitrospirota,Thermodesulfovibrionia,Thermodesulfovibrionales,UBA6898,PALSA-1316,PALSA-1316 sp016215155,0,0,0,0,0,0,0,0,0,1,0,0,0,3,2,0,0,3,0
GCA_016215555.1,Bacteria,Pseudomonadota,Alphaproteobacteria,Rhodospirillales,WMHbin7,WMHbin7,WMHbin7 sp016215555,0,0,0,0,1,0,0,0,0,2,0,2,0,5,1,1,0,3,0
GCA_016217665.1,Bacteria,Nitrospirota,9FT-COMBO-42-15,HDB-SIOI813,HDB-SIOI813,JACRHF01,JACRHF01 sp016217665,0,0,0,0,1,0,0,0,0,2,0,0,0,2,3,0,0,3,0
GCA_016217695.1,Bacteria,Nitrospirota,Thermodesulfovibrionia,Thermodesulfovibrionales,UBA6898,JACRHE01,JACRHE01 sp016217695,0,0,0,0,0,0,0,0,0,2,0,3,0,2,2,0,0,3,0
GCA_016217785.1,Archaea,Methanobacteriota,Methanobacteria,Methanobacteriales,Methanobacteriaceae,Methanobacterium,Methanobacterium sp016217785,0,0,0,3,0,0,0,0,0,2,0,2,0,1,0,0,0,0,0
GCA_016218665.1,Bacteria,Desulfobacterota,Desulfovibrionia,Desulfovibrionales,Desulfovibrionaceae,Humidesulfovibrio,Humidesulfovibrio sp016218665,0,0,1,0,1,0,0,0,0,2,0,2,0,2,2,0,0,3,0
GCA_016218705.1,Bacteria,Desulfobacterota,Desulfarculia,Desulfarculales,Desulfarculaceae,JACRDC01,JACRDC01 sp016218705,0,0,0,0,0,0,0,0,0,2,0,2,0,3,2,0,1,4,0
GCA_016218715.1,Bacteria,Desulfobacterota,Desulfomonilia,Desulfomonilales,Desulfomonilaceae,JACRDG01,JACRDG01 sp016218715,0,0,1,0,0,0,0,0,0,2,0,2,0,1,2,0,1,4,0
GCA_016218975.1,Bacteria,Desulfobacterota_E,Deferrimicrobia,Deferrimicrobiales,Deferrimicrobiaceae,JAENIX01,JAENIX01 sp016218975,0,0,2,0,0,0,0,0,0,1,0,1,0,3,2,1,0,1,0
GCA_016219005.1,Bacteria,Desulfobacterota,Desulfobacteria,Desulfobacterales,UBA2174_A,SpSt-501,SpSt-501 sp016219005,0,0,2,1,0,0,0,0,0,2,0,2,0,4,1,1,0,4,0
GCA_016219175.1,Bacteria,Desulfobacterota,Desulfobulbia,Desulfobulbales,Desulfurivibrionaceae,SURF-16,SURF-16 sp016219175,0,0,0,0,0,0,0,0,0,2,0,1,0,1,1,0,0,5,0
GCA_016219185.1,Bacteria,Desulfobacterota,Desulfobacteria,Desulfobacterales,Desulfatirhabdiaceae,RAAP-1,RAAP-1 sp016219185,0,0,1,0,0,0,0,0,0,2,0,3,0,4,2,1,0,4,0
GCA_016219225.1,Bacteria,Desulfobacterota,RBG-13-43-22,RBG-13-43-22,RBG-13-43-22,RBG-13-43-22,RBG-13-43-22 sp016219225,0,0,1,1,0,0,0,0,0,2,0,3,0,1,2,0,0,4,0
GCA_016219375.1,Bacteria,Pseudomonadota,Gammaproteobacteria,Burkholderiales,Burkholderiaceae_B,Aquabacterium,Aquabacterium sp016219375,0,0,0,1,1,0,0,0,0,2,0,0,1,4,3,0,0,1,0
GCA_016222905.1,Bacteria,Nitrospirota,Thermodesulfovibrionia,UBA6902,UBA6902,JACRPZ01,JACRPZ01 sp016222905,0,0,0,0,0,0,0,0,0,2,0,1,0,3,1,0,0,3,0
GCA_016223015.1,Bacteria,Desulfobacterota_F,Desulfuromonadia,Geobacterales,Geobacteraceae_A,Geoanaerobacter,Geoanaerobacter sp016223015,0,0,0,0,0,0,0,0,0,1,0,3,0,1,1,0,0,1,0
GCA_016223165.1,Bacteria,Pseudomonadota,Gammaproteobacteria,Burkholderiales,Burkholderiaceae_B,Rubrivivax,Rubrivivax sp016223165,0,0,0,2,1,0,0,0,0,2,0,3,1,5,3,0,0,5,0
GCA_016234115.1,Bacteria,Nitrospirota,Thermodesulfovibrionia,UBA6902,UBA6902,SURF-23,SURF-23 sp016234115,0,0,2,0,0,0,0,0,0,2,0,1,0,2,2,0,0,4,0
GCA_016234205.1,Bacteria,Nitrospinota,UBA9942,UBA9942,UBA9942,UBA9942,UBA9942 sp016234205,0,0,0,0,1,0,0,0,0,2,0,1,0,2,2,0,0,1,0
GCA_016234655.1,Bacteria,Pseudomonadota,Gammaproteobacteria,Burkholderiales,Thiobacillaceae,Sulfuritortus,Sulfuritortus sp016234655,0,0,0,0,2,0,0,0,0,2,0,0,0,4,2,1,0,4,0
GCA_016235045.1,Bacteria,Pseudomonadota,Gammaproteobacteria,Burkholderiales,Gallionellaceae,Sideroxyarcus,Sideroxyarcus sp016235045,0,0,1,0,1,1,0,0,0,2,0,4,0,1,1,0,0,5,0
GCA_016235255.1,Bacteria,Nitrospinota,UBA7883,UBA7883,JACRLM01,JACRLM01,JACRLM01 sp016235255,0,0,1,0,1,0,0,0,0,2,0,2,0,3,2,0,0,4,0
GCA_016235775.1,Bacteria,Pseudomonadota,Gammaproteobacteria,Burkholderiales,RBG-16-58-11,RBG-16-58-11,RBG-16-58-11 sp016235775,0,0,0,0,0,0,0,0,0,2,0,1,0,3,2,0,0,4,0
GCA_016235805.1,Bacteria,Pseudomonadota,Gammaproteobacteria,Burkholderiales,Rhodocyclaceae,Sulfuritalea,Sulfuritalea sp016235805,0,0,2,1,1,0,0,0,0,2,0,3,0,3,1,0,0,3,0
GCA_016278365.1,Archaea,Halobacteriota,Methanosarcinia,Methanosarcinales,Methanosarcinaceae,Methanolobus,Methanolobus sp016278365,0,0,0,3,0,0,0,0,0,2,0,0,0,1,0,0,0,0,0
GCA_016278385.1,Archaea,Halobacteriota,Methanosarcinia,Methanosarcinales,Methanosarcinaceae,Methanolobus,Methanolobus sp016278385,0,0,0,2,0,0,0,0,0,2,0,0,0,1,1,0,0,1,0
GCA_016278415.1,Bacteria,Bacillota_F,Halanaerobiia,Halanaerobiales,DTU029,JADQBV01,JADQBV01 sp016278415,0,0,0,0,0,0,0,0,0,0,0,5,0,0,0,0,0,1,0
GCA_016278715.1,Bacteria,Bacteroidota,Bacteroidia,Bacteroidales,Marinilabiliaceae,Marinilabilia,Marinilabilia sp016278715,0,0,0,0,0,0,0,0,0,1,0,4,0,3,1,0,0,1,0
GCA_016342325.1,Bacteria,Desulfobacterota,Desulfobacteria,Desulfobacterales,Desulfobacteraceae,Desulforapulum,Desulforapulum sp016342325,0,0,1,0,0,0,0,0,0,2,0,2,0,2,2,0,1,3,0
GCA_016342385.1,Bacteria,Spirochaetota,Spirochaetia,Spirochaetales_E,Spirochaetaceae_B,Spirochaeta_F,Spirochaeta_F sp016342385,0,0,0,0,0,0,0,0,0,1,0,3,0,0,0,0,1,0,0
GCA_016471375.1,Bacteria,Cyanobacteriota,Cyanobacteriia,Cyanobacteriales,Microcystaceae_B,Synechocystis,Synechocystis sp016471375,0,0,0,1,1,0,0,0,0,2,0,1,0,1,2,0,0,2,0
GCA_016591975.1,Bacteria,Bacillota_A,Clostridia,Lachnospirales,Lachnospiraceae,TB5,TB5 sp016591975,0,0,0,0,0,0,0,0,0,1,0,2,0,0,0,0,0,1,0
GCA_016650295.1,Bacteria,Desulfobacterota_F,Desulfuromonadia,Geobacterales,Pseudopelobacteraceae,CAIPTY01,CAIPTY01 sp016650295,0,0,2,0,0,0,0,0,0,1,0,2,0,1,3,1,0,2,0
GCA_016699655.1,Bacteria,Fibrobacterota,Fibrobacteria,UBA5070,UBA5070,UBA5070,UBA5070 sp016699655,0,0,0,0,0,0,0,0,0,1,0,1,0,2,1,1,0,0,0
GCA_016699695.1,Bacteria,Bacteroidota,Bacteroidia,Bacteroidales,UBA10428,UBA10428,UBA10428 sp016699695,0,0,0,0,0,0,0,0,0,1,0,3,0,2,2,0,0,1,0
GCA_016699715.1,Bacteria,Pseudomonadota,Gammaproteobacteria,Competibacterales,Competibacteraceae,Competibacter,Competibacter sp016699715,0,0,0,1,0,0,0,0,0,2,0,2,0,2,2,1,0,3,0
GCA_016702605.1,Bacteria,Pseudomonadota,Gammaproteobacteria,Burkholderiales,Burkholderiaceae_B,JADJDQ01,JADJDQ01 sp016702605,0,0,0,3,1,0,0,0,0,2,0,3,1,4,2,1,0,4,0
GCA_016703155.1,Bacteria,Pseudomonadota,Gammaproteobacteria,Burkholderiales,Thiobacillaceae,JADJCP01,JADJCP01 sp016703155,0,0,0,0,1,0,0,0,0,2,0,2,0,5,2,1,0,4,0
GCA_016703645.1,Bacteria,Pseudomonadota,Gammaproteobacteria,Burkholderiales,Rhodocyclaceae,Zoogloea,Zoogloea sp008011925,0,0,0,3,0,0,0,0,0,2,0,1,0,5,3,0,0,2,0
GCA_016703665.1,Bacteria,Pseudomonadota,Gammaproteobacteria,Burkholderiales,Burkholderiaceae_B,JADJBS01,JADJBS01 sp016703665,0,0,0,1,1,0,0,0,0,2,0,0,0,5,2,0,0,4,0
GCA_016706565.1,Bacteria,Pseudomonadota,Gammaproteobacteria,Burkholderiales,Burkholderiaceae_B,Piscinibacter,Piscinibacter sp016706565,0,0,0,2,1,0,0,0,0,2,0,2,1,5,3,0,0,4,0
GCA_016708725.1,Bacteria,Pseudomonadota,Gammaproteobacteria,Burkholderiales,Burkholderiaceae_B,Rhodoferax_C,Rhodoferax_C sp016708725,0,0,0,0,1,0,0,0,0,2,0,1,0,3,2,0,0,0,0
GCA_016708905.1,Bacteria,Pseudomonadota,Gammaproteobacteria,Burkholderiales,Rhodocyclaceae,Methylophosphatis,Methylophosphatis roskildensis,0,0,0,2,1,0,0,0,0,2,0,2,0,3,2,0,0,3,0
GCA_016709675.1,Bacteria,Pseudomonadota,Gammaproteobacteria,Burkholderiales,Rhodocyclaceae,Accumulibacter,Accumulibacter proximus,0,0,0,1,1,0,0,0,0,2,0,3,0,4,2,0,0,1,0
GCA_016710335.1,Bacteria,Pseudomonadota,Alphaproteobacteria,Rhodospirillales_A,UXAT02,JADJXQ01,JADJXQ01 sp016710335,0,0,0,1,0,0,0,0,0,2,0,1,0,2,3,0,0,1,0
GCA_016712375.1,Bacteria,Pseudomonadota,Alphaproteobacteria,Rhodospirillales_A,UXAT02,SSA4,SSA4 sp016712375,0,0,0,2,0,0,0,0,0,1,0,1,1,3,3,0,0,0,0
GCA_016712985.1,Bacteria,Pseudomonadota,Gammaproteobacteria,Burkholderiales,Rhodocyclaceae,Sulfuritalea,Sulfuritalea sp016712985,0,0,0,1,0,1,0,0,0,2,0,3,0,4,2,1,0,4,0
GCA_016714935.1,Bacteria,Pseudomonadota,Gammaproteobacteria,Burkholderiales,Rhodocyclaceae,Accumulibacter,Accumulibacter propinquus,0,0,0,1,1,0,0,0,0,2,0,2,0,4,2,0,0,1,0
GCA_016715325.1,Bacteria,Pseudomonadota,Gammaproteobacteria,Methylococcales,Methylomonadaceae,Methyloglobulus,Methyloglobulus sp016715325,0,0,0,3,0,0,0,0,0,2,0,1,0,3,2,0,0,2,0
GCA_016716965.1,Bacteria,Pseudomonadota,Gammaproteobacteria,Burkholderiales,Rhodocyclaceae,Sulfuritalea,Sulfuritalea sp016716965,0,0,0,1,1,0,0,0,0,2,0,3,0,5,2,0,0,4,0
GCA_016719055.1,Bacteria,Pseudomonadota,Gammaproteobacteria,Burkholderiales,Burkholderiaceae_B,Rhodoferax,Rhodoferax sp016719055,0,0,0,0,1,0,0,0,0,2,0,1,0,3,2,0,1,3,0
GCA_016720065.1,Bacteria,Pseudomonadota,Gammaproteobacteria,Burkholderiales,Rhodocyclaceae,SSSZ01,SSSZ01 sp016720065,0,0,0,1,0,0,0,0,0,2,0,3,0,6,2,1,0,2,0
GCA_016720395.1,Bacteria,Desulfobacterota_F,Desulfuromonadia,Geobacterales,Pseudopelobacteraceae,CAIPTY01,CAIPTY01 sp016720395,0,0,1,1,0,0,0,0,0,1,0,2,0,2,2,1,0,2,0
GCA_016721945.1,Bacteria,Verrucomicrobiota,Verrucomicrobiae,Opitutales,Opitutaceae,JADKHC01,JADKHC01 sp016721945,0,0,0,0,0,0,0,0,0,1,0,0,0,3,2,0,0,0,0
GCA_016743235.1,Bacteria,Cyanobacteriota,Cyanobacteriia,Leptolyngbyales,Leptolyngbyaceae,Pantanalinema,Pantanalinema sp016743235,0,0,0,1,1,0,0,0,0,2,0,1,1,2,1,0,0,2,0
GCA_016744475.1,Bacteria,Pseudomonadota,Gammaproteobacteria,Beggiatoales,Beggiatoaceae,BB31,BB31 sp016744475,0,0,0,1,1,0,0,0,0,2,0,2,0,5,1,0,0,4,0
GCA_016744575.1,Bacteria,Campylobacterota,Campylobacteria,Campylobacterales,Sulfurimonadaceae,BB26,BB26 sp016744575,0,0,1,0,1,0,0,0,0,2,0,1,0,4,1,1,0,4,0
GCA_016744595.1,Bacteria,Desulfobacterota_F,Desulfuromonadia,Desulfuromonadales,Geopsychrobacteraceae,Desulfuromusa,Desulfuromusa sp016744595,0,0,0,0,0,0,0,0,0,1,0,0,0,3,2,0,0,1,0
GCA_016744675.1,Bacteria,Desulfobacterota_F,Desulfuromonadia,Desulfuromonadales,Geopsychrobacteraceae,Desulfuromusa,Desulfuromusa sp016744675,0,0,0,0,0,0,0,0,0,1,0,0,0,2,1,0,0,1,0
GCA_016744995.1,Bacteria,Pseudomonadota,Gammaproteobacteria,GRL18,GRL18,GRL18,GRL18 sp016744995,0,0,2,1,1,0,0,0,0,2,0,2,0,5,2,0,0,4,0
GCA_016760525.1,Bacteria,Bacteroidota,Bacteroidia,Bacteroidales,Marinifilaceae,Labilibaculum,Labilibaculum sp016760525,0,0,0,0,0,0,0,0,0,1,0,2,0,3,3,0,0,1,0
GCA_016765495.1,Bacteria,Desulfobacterota,Desulfobulbia,Desulfobulbales,Desulfocapsaceae,Desulfocapsa,Desulfocapsa sp016765495,0,0,0,0,0,0,0,0,0,2,0,3,0,3,1,0,1,4,0
GCA_016789955.1,Bacteria,Pseudomonadota,Gammaproteobacteria,Burkholderiales,Burkholderiaceae_B,Rubrivivax,Rubrivivax sp016789955,0,0,2,1,1,0,0,0,0,1,0,2,1,4,3,0,0,2,0
GCA_016790045.1,Bacteria,Pseudomonadota,Gammaproteobacteria,Competibacterales,Competibacteraceae,Competibacter_A,Competibacter_A sp016790045,0,0,0,1,0,0,0,0,0,2,0,1,0,3,0,0,0,0,0
GCA_016790395.1,Bacteria,Pseudomonadota,Gammaproteobacteria,Burkholderiales,Burkholderiaceae_B,Rubrivivax,Rubrivivax sp016790395,0,0,2,1,0,0,0,0,0,0,0,2,0,3,3,1,0,3,0
GCA_016793065.1,Bacteria,Pseudomonadota,Alphaproteobacteria,Rhizobiales,Ancalomicrobiaceae,JAEULV01,JAEULV01 sp016793065,0,0,0,2,0,0,0,0,0,2,0,2,0,6,2,0,0,0,0
GCA_016793635.1,Bacteria,Pseudomonadota,Alphaproteobacteria,Rhizobiales,Hyphomicrobiaceae,JAEUMD01,JAEUMD01 sp016793635,0,0,0,2,1,0,0,0,0,1,0,2,0,3,3,0,0,4,0
GCA_016793685.1,Bacteria,Pseudomonadota,Alphaproteobacteria,Rhizobiales,Xanthobacteraceae,Rhodoplanes,Rhodoplanes sp016793685,0,0,0,0,0,0,0,0,0,1,0,1,0,1,2,0,0,1,0
GCA_016793875.1,Bacteria,Pseudomonadota,Alphaproteobacteria,Rhodospirillales_A,UXAT02,SSA4,SSA4 sp016793875,0,0,0,2,0,0,0,0,0,2,0,0,0,3,3,0,0,1,0
GCA_016795425.1,Bacteria,Verrucomicrobiota,Verrucomicrobiae,Pedosphaerales,CAIMTB01,CAIMTB01,CAIMTB01 sp016795425,0,0,0,0,0,0,0,0,0,2,0,2,0,6,2,0,0,0,0
GCA_016841045.1,Bacteria,Bacillota_B,Thermincolia,Thermincolales,UBA2595,JAENZX01,JAENZX01 sp016841045,0,0,0,0,0,0,0,0,0,1,0,5,0,1,0,0,0,2,0
GCA_016841205.1,Bacteria,Bacillota_B,Desulfotomaculia,Desulfotomaculales,Desulfallaceae,Sporotomaculum,Sporotomaculum geothermicum_A,0,0,0,0,0,0,0,0,0,1,0,2,0,1,0,0,0,2,0
GCA_016841245.1,Bacteria,Bacillota_B,Syntrophomonadia,Syntrophomonadales,Syntrophomonadaceae,JAAYJK01,JAAYJK01 sp016841245,0,0,0,0,0,0,0,0,0,1,0,3,0,0,1,0,0,1,0
GCA_016841265.1,Archaea,Halobacteriota,Methanosarcinia,Methanosarcinales,Methanosarcinaceae,MTP4,MTP4 sp016841265,0,0,0,2,0,0,0,0,0,1,0,1,0,2,0,0,0,1,0
GCA_016842065.1,Bacteria,Pseudomonadota,Gammaproteobacteria,Chromatiales,Sedimenticolaceae,Thiodiazotropha,Thiodiazotropha sp016842065,0,0,0,3,1,0,0,0,0,2,0,2,0,6,2,0,0,5,0
GCA_016868665.1,Bacteria,Bacteroidota,Chlorobia,Chlorobiales,Chlorobiaceae,Chlorobium,Chlorobium sp016868665,0,0,1,0,1,0,0,0,0,2,0,1,0,1,1,0,0,3,0
GCA_016869555.1,Bacteria,Pseudomonadota,Alphaproteobacteria,Rhizobiales,Beijerinckiaceae,Methylocystis,Methylocystis sp016869555,0,0,0,3,0,0,0,0,0,2,0,1,1,2,2,0,0,2,0
GCA_016903655.1,Bacteria,Cyanobacteriota,Cyanobacteriia,Cyanobacteriales,Gomphosphaeriaceae,Gomphosphaeria,Gomphosphaeria aponina,0,0,0,0,1,0,0,0,0,1,0,0,0,1,0,0,0,2,0
GCA_016927055.1,Archaea,Halobacteriota,Methanosarcinia,Methanotrichales,Methanotrichaceae,Methanothrix,Methanothrix sp016927055,0,0,0,2,1,0,0,0,0,1,0,0,0,0,0,0,0,0,0
GCA_016927285.1,Bacteria,Bacteroidota,Chlorobia,Chlorobiales,Chlorobiaceae,Chlorobium,Chlorobium sp016927285,0,0,0,0,1,0,0,0,0,1,0,1,0,1,1,0,0,4,0
GCA_016928355.1,Archaea,Halobacteriota,Methanomicrobia,Methanomicrobiales,Methanomicrobiaceae,Methanolacinia,Methanolacinia sp016928355,0,0,0,0,0,0,0,0,0,2,0,3,0,0,0,0,0,1,0
GCA_016928815.1,Bacteria,Spirochaetota,UBA4802,UBA4802,JAFGJZ01,JAFGJZ01,JAFGJZ01 sp016928815,0,0,0,0,0,0,0,0,0,1,0,2,0,0,0,0,0,0,0
GCA_016929595.1,Bacteria,Fibrobacterota,Chitinivibrionia,Chitinivibrionales,Chitinispirillaceae,JAFGIN01,JAFGIN01 sp016929595,0,0,0,0,0,0,0,0,0,2,0,4,0,0,0,0,0,1,0
GCA_016929605.1,Bacteria,Spirochaetota,Spirochaetia,Treponematales,Treponemataceae,Spiro-10,Spiro-10 sp016929605,0,0,0,0,0,0,0,0,0,1,0,4,0,0,0,0,0,0,0
GCA_016931115.1,Bacteria,Desulfobacterota,DSM-4660,Desulfatiglandales,HGW-15,JAAZBV01,JAAZBV01 sp016931115,0,0,1,1,0,0,0,0,0,2,0,2,0,0,0,0,0,1,0
GCA_016931935.1,Bacteria,KSB1,UBA2214,AABM5-25-91,JAFGDW01,JAFGDW01,JAFGDW01 sp016931935,0,0,0,0,0,0,0,0,0,1,0,3,0,2,2,0,0,2,0
GCA_016932015.1,Bacteria,Spirochaetota,UBA4802,UBA4802,JAFGDQ01,JAFGDQ01,JAFGDQ01 sp016932015,0,0,1,0,0,0,0,0,0,2,0,1,0,1,0,0,1,1,0
GCA_016934935.1,Bacteria,Spirochaetota,UBA4802,UBA4802,JAFGJZ01,JAFGRW01,JAFGRW01 sp016934935,0,0,0,0,0,0,0,0,0,1,0,2,0,0,0,0,0,0,0
GCA_016935665.1,Bacteria,Myxococcota,Polyangia,JAAYKL01,JAAYKL01,JAFGXQ01,JAFGXQ01 sp016935665,0,0,0,0,0,0,0,0,0,2,0,4,0,1,0,0,0,2,0
GCA_016936255.1,Bacteria,Bacteroidota,Bacteroidia,Bacteroidales,Marinifilaceae,Labilibaculum,Labilibaculum sp016936255,0,0,0,0,0,0,0,0,0,1,0,4,0,1,3,0,0,2,0
GCA_016936295.1,Bacteria,Spirochaetota,Spirochaetia,Spirochaetales_E,DSM-19205,Thiospirochaeta,Thiospirochaeta sp016936295,0,0,0,0,0,0,0,0,0,1,0,2,0,0,0,0,0,0,0
GCA_016936455.1,Bacteria,Desulfobacterota_F,Desulfuromonadia,Desulfuromonadales,Desulfuromonadaceae,Pseudodesulfuromonas,Pseudodesulfuromonas sp016936455,0,0,0,0,0,0,0,0,0,1,0,1,0,1,1,0,0,0,0
GCA_016936495.1,Bacteria,Verrucomicrobiota,Lentisphaeria,Victivallales,SZUA-371,JAFGXT01,JAFGXT01 sp016936495,0,0,0,0,0,0,0,0,0,1,0,4,0,0,0,0,0,0,0
GCA_016936555.1,Bacteria,Spirochaetota,Spirochaetia,Spirochaetales_E,Spirochaetaceae_B,Spirochaeta_F,Spirochaeta_F sp016936555,0,0,0,0,0,0,0,0,0,1,0,4,0,0,0,0,1,0,0
GCA_016936575.1,Bacteria,Myxococcota,Polyangia,JAAYKL01,JAAYKL01,JAFGXQ01,JAFGXQ01 sp016936575,0,0,0,0,0,0,0,0,0,2,0,4,0,2,0,0,0,1,0
GCA_016937015.1,Bacteria,Myxococcota,Polyangia,JAAYKL01,JAAYKL01,JAFGXQ01,JAFGXQ01 sp016937015,0,0,0,0,0,0,0,0,0,2,0,3,0,2,0,0,0,1,0
GCA_016937035.1,Bacteria,Verrucomicrobiota,Kiritimatiellia,Kiritimatiellales,Pontiellaceae,Pontiella,Pontiella sp016937035,0,0,0,0,0,0,0,0,0,1,0,1,0,0,0,0,0,0,0
GCA_016937315.1,Bacteria,Pseudomonadota,Alphaproteobacteria,Rhodospirillales,Rhodospirillaceae,Alpha-05,Alpha-05 sp016937315,0,0,0,1,1,0,0,0,0,1,0,0,0,0,1,0,0,0,0
GCA_016937935.1,Bacteria,Myxococcota,Polyangia,JAAYKL01,JAAYKL01,JAFGVO01,JAFGVO01 sp016937935,0,0,0,0,0,0,0,0,0,2,0,3,0,0,1,0,0,0,0
GCA_016937945.1,Bacteria,Verrucomicrobiota,Kiritimatiellia,Kiritimatiellales,Pontiellaceae,Pontiella,Pontiella sp016937945,0,0,0,0,0,0,0,0,0,1,0,3,0,1,2,0,0,1,0
GCA_016938175.1,Bacteria,Campylobacterota,Campylobacteria,Campylobacterales,Sulfurimonadaceae,Sulfurimonas,Sulfurimonas sp016938175,0,0,0,0,1,0,0,0,0,2,0,0,0,0,1,0,0,2,0
GCA_016938735.1,Bacteria,Campylobacterota,Campylobacteria,Campylobacterales,Sulfurimonadaceae,JAFGUB01,JAFGUB01 sp016938735,0,0,1,0,1,0,0,0,0,2,0,1,0,4,2,1,0,3,0
GCA_016938875.1,Bacteria,Pseudomonadota,Alphaproteobacteria,Rhodobacterales,Rhodobacteraceae,Rhodovulum,Rhodovulum sp016938875,0,0,0,1,2,0,0,0,0,2,0,0,0,2,2,0,0,4,0
GCA_017084465.1,Bacteria,Bacillota_A,Clostridia,Lachnospirales,Lachnospiraceae,Lacrimispora,Lacrimispora xylanolytica_B,0,0,0,0,0,0,0,0,0,1,0,4,0,0,0,0,1,1,0
GCA_017114945.1,Bacteria,Cyanobacteriota,Cyanobacteriia,Cyanobacteriales,Nostocaceae,Nostoc,Nostoc sp017114945,0,0,0,1,1,0,0,0,0,2,0,1,0,1,2,0,0,2,0
GCA_017114995.1,Bacteria,Cyanobacteriota,Cyanobacteriia,Cyanobacteriales,Nostocaceae,Nostoc,Nostoc sp017114995,0,0,0,1,1,0,0,0,0,2,0,1,0,1,1,0,0,2,0
GCA_017115025.1,Bacteria,Cyanobacteriota,Cyanobacteriia,Cyanobacteriales,Nostocaceae,Nostoc,Nostoc sp017115025,0,0,0,1,1,0,0,0,0,2,0,1,0,1,1,0,0,2,0
GCA_017115045.1,Bacteria,Cyanobacteriota,Cyanobacteriia,Cyanobacteriales,Nostocaceae,Nostoc,Nostoc sp017115045,0,0,0,1,1,0,0,0,0,2,0,1,0,1,2,0,0,2,0
GCA_017115085.1,Bacteria,Cyanobacteriota,Cyanobacteriia,Cyanobacteriales,Nostocaceae,Nostoc,Nostoc sp017115085,0,0,0,1,1,0,0,0,0,2,0,1,0,1,1,0,0,2,0
GCA_017115105.1,Bacteria,Cyanobacteriota,Cyanobacteriia,Cyanobacteriales,Nostocaceae,Nostoc,Nostoc sp017115105,0,0,0,1,1,0,0,0,0,2,0,1,0,1,1,0,0,1,0
GCA_017302435.1,Bacteria,Pseudomonadota,Gammaproteobacteria,Burkholderiales,Rhodocyclaceae,Accumulibacter,Accumulibacter necessarius,0,0,0,2,1,0,0,0,0,2,0,2,0,3,2,0,0,2,0
GCA_017302455.1,Bacteria,Pseudomonadota,Gammaproteobacteria,Burkholderiales,Rhodocyclaceae,Accumulibacter,Accumulibacter sp017302455,0,0,0,1,1,0,0,0,0,2,0,3,0,6,2,0,0,1,0
GCA_017302485.1,Bacteria,Pseudomonadota,Gammaproteobacteria,Burkholderiales,Burkholderiaceae_B,Ideonella,Ideonella sp017302485,0,0,0,3,2,0,0,0,0,1,0,1,0,5,2,1,0,4,0
GCA_017302815.1,Bacteria,Planctomycetota,UBA11346,UBA11346,UBA11346,UBA11346,UBA11346 sp017302815,0,0,0,0,0,1,0,0,0,2,0,2,0,4,3,1,0,1,0
GCA_017305195.1,Bacteria,Verrucomicrobiota,Verrucomicrobiae,Chthoniobacterales,Terrimicrobiaceae,Terrimicrobium,Terrimicrobium sp001897195,0,0,0,0,0,0,0,0,0,2,0,0,0,1,3,0,0,0,0
GCA_017309145.1,Bacteria,Pseudomonadota,Gammaproteobacteria,Burkholderiales,Rhodocyclaceae,Zoogloea,Zoogloea sp017309145,0,0,0,4,0,0,0,0,0,1,0,1,0,5,3,0,0,1,0
GCA_017351175.1,Bacteria,Desulfobacterota,Desulfovibrionia,Desulfovibrionales,Desulfovibrionaceae,Pseudodesulfovibrio,Pseudodesulfovibrio sp017351175,0,0,1,1,0,0,0,0,0,2,0,2,0,2,2,0,0,4,0
GCA_017425245.1,Bacteria,Pseudomonadota,Gammaproteobacteria,Enterobacterales_A,Neiellaceae,RGIG665,RGIG665 sp017425245,0,0,0,0,0,0,0,0,0,2,0,0,0,0,2,0,0,0,0
GCA_017746715.1,Bacteria,Cyanobacteriota,Cyanobacteriia,Cyanobacteriales,Spirulinaceae,CCY15215,CCY15215 sp017746715,0,0,0,0,1,0,0,0,0,2,0,2,0,1,1,0,0,2,0
GCA_017792465.1,Bacteria,Pseudomonadota,Alphaproteobacteria,Rhizobiales,Hyphomicrobiaceae,Filomicrobium,Filomicrobium sp017792465,0,0,0,2,0,0,0,0,0,2,0,2,0,3,3,0,0,2,0
GCA_017848965.1,Bacteria,Pseudomonadota,Gammaproteobacteria,Burkholderiales,Rhodocyclaceae,Azonexus,Azonexus aromaticus_B,0,0,0,2,1,0,0,0,0,2,0,3,0,5,3,0,0,1,0
GCA_017849585.1,Bacteria,Verrucomicrobiota,Verrucomicrobiae,Methylacidiphilales,UBA1321,UBA1321,UBA1321 sp017849585,0,0,0,0,0,1,0,0,0,2,0,0,0,3,2,0,0,0,0
GCA_017860345.1,Bacteria,Bacteroidota,Bacteroidia,Bacteroidales,Paludibacteraceae,Paludibacter,Paludibacter sp017860345,0,0,0,0,0,0,0,0,0,1,0,0,0,0,1,0,0,1,0
GCA_017861285.1,Bacteria,Desulfobacterota_F,Desulfuromonadia,Geobacterales,Geobacteraceae,CAIWTU01,CAIWTU01 sp017861285,0,0,0,0,0,0,0,0,0,1,0,4,0,2,1,0,0,1,0
GCA_017880865.1,Bacteria,Pseudomonadota,Gammaproteobacteria,Burkholderiales,Gallionellaceae,Gallionella,Gallionella sp017880865,0,0,0,0,1,0,0,0,0,2,0,1,0,1,1,0,0,1,0
GCA_017881645.1,Bacteria,Bacillota_A,Clostridia,Saccharofermentanales,Saccharofermentanaceae,Firm-13,Firm-13 sp017881645,0,0,0,1,0,0,0,0,0,1,0,2,0,0,0,0,0,0,0
GCA_017881725.1,Bacteria,Fibrobacterota,Fibrobacteria,UBA11236,UBA11236,Chersky-265,Chersky-265 sp017881725,0,0,1,0,0,1,0,0,0,2,0,0,0,4,3,0,0,1,0
GCA_017883485.1,Archaea,Halobacteriota,Methanosarcinia,Methanosarcinales,Methanosarcinaceae,Methanosarcina,Methanosarcina sp017883485,0,0,0,2,0,0,0,0,0,1,0,2,0,1,0,0,0,0,0
GCA_017889545.1,Bacteria,Bacillota_C,Negativicutes,CTSoil-072,CTSoil-072,CTSoil-072,CTSoil-072 sp017889545,0,0,1,0,0,0,0,0,0,1,0,7,0,1,1,0,1,3,0
GCA_017889625.1,Bacteria,Bacillota_C,Negativicutes,Sporomusales_B,CTSoil-080,CTSoil-081,CTSoil-081 sp017889625,0,0,0,0,0,0,0,0,0,1,0,5,0,0,0,0,0,1,0
GCA_017889635.1,Bacteria,Bacillota_C,Negativicutes,Sporomusales_B,CTSoil-080,CTSoil-080,CTSoil-080 sp017889635,0,0,0,0,0,0,0,0,0,1,0,7,0,0,0,0,0,1,0
GCA_017889705.1,Bacteria,Bacillota_C,Negativicutes,Sporomusales,Sporomusaceae,Sporomusa,Sporomusa sp017889705,0,0,0,0,0,0,0,0,0,1,0,7,0,1,1,0,1,3,0
GCA_017889725.1,Bacteria,Bacillota_C,Negativicutes,Sporomusales_B,CTSoil-080,CTSoil-081,CTSoil-081 sp017889725,0,0,0,0,0,0,0,0,0,0,0,4,0,0,1,0,0,0,0
GCA_017996735.1,Bacteria,Pseudomonadota,Alphaproteobacteria,Azospirillales,Azospirillaceae,Niveispirillum,Niveispirillum sp017996735,0,0,0,3,0,0,0,0,0,2,0,1,0,2,3,0,0,1,0
GCA_018054715.1,Bacteria,Bacteroidota,Bacteroidia,Bacteroidales,Bacteroidaceae,UBA1794,UBA1794 sp018054715,0,0,0,0,0,0,0,0,0,1,0,0,0,0,1,0,0,0,0
GCA_018224315.1,Bacteria,Desulfobacterota,Desulfobacteria,Desulfobacterales,Desulfosalsimonadaceae,Desulfosalsimonas,Desulfosalsimonas sp018224315,0,0,2,0,0,0,0,0,0,1,0,1,0,1,1,0,0,4,0
GCA_018224385.1,Bacteria,Pseudomonadota,Gammaproteobacteria,HK1,JABDQX01,JAGTVB01,JAGTVB01 sp018224385,0,0,0,0,1,0,0,0,0,2,0,2,0,3,3,1,0,4,0
GCA_018240295.1,Bacteria,Pseudomonadota,Gammaproteobacteria,Competibacterales,Competibacteraceae,Plasticicumulans,Plasticicumulans sp003962905,0,0,0,2,0,0,0,0,0,2,0,2,0,5,3,1,0,1,0
GCA_018240405.1,Bacteria,Pseudomonadota,Alphaproteobacteria,Acetobacterales,Acetobacteraceae,Rhodopila,Rhodopila sp018240405,0,0,0,2,1,0,0,0,0,2,0,1,1,4,4,0,0,2,0
GCA_018241665.1,Bacteria,Pseudomonadota,Gammaproteobacteria,Burkholderiales,Rhodocyclaceae,Zoogloea,Zoogloea sp018241665,0,0,0,3,0,0,0,0,0,2,0,3,0,5,2,0,0,2,0
GCA_018241685.1,Bacteria,Pseudomonadota,Gammaproteobacteria,Burkholderiales,Rhodocyclaceae,Zoogloea,Zoogloea sp018241685,0,0,0,3,0,0,0,0,0,2,0,3,0,5,3,1,0,3,0
GCA_018261755.1,Bacteria,Pseudomonadota,Gammaproteobacteria,Burkholderiales,Burkholderiaceae,QZKY01,QZKY01 sp018261755,0,0,0,0,0,0,0,0,0,2,0,1,0,0,1,0,0,0,0
GCA_018262235.1,Bacteria,Pseudomonadota,Gammaproteobacteria,Burkholderiales,Rhodocyclaceae,Dactylopiibacterium,Dactylopiibacterium sp018262235,0,0,0,0,0,0,0,0,0,2,0,1,0,4,2,0,0,2,0
GCA_018262575.1,Bacteria,Pseudomonadota,Alphaproteobacteria,Rhizobiales,Pleomorphomonadaceae,Pleomorphomonas,Pleomorphomonas sp018262575,0,0,0,0,0,0,0,0,0,2,0,3,0,3,2,0,0,1,0
GCA_018333515.1,Bacteria,Actinomycetota,Aquicultoria,Aquicultorales,Aquicultoraceae,Aquicultor,Aquicultor sp018333515,0,0,0,1,0,0,0,0,0,1,0,2,0,1,0,0,0,3,0
GCA_018333785.1,Bacteria,Pseudomonadota,Gammaproteobacteria,Methylococcales,Methylomonadaceae,Methylicorpusculum,Methylicorpusculum sp018333785,0,0,0,3,0,0,0,0,0,2,0,1,0,3,1,0,0,2,0
GCA_018336195.1,Bacteria,Pseudomonadota,Gammaproteobacteria,Burkholderiales,Sulfuricellaceae,JAGXQV01,JAGXQV01 sp018336195,0,0,0,0,1,1,0,0,0,2,0,3,0,5,2,1,0,5,0
GCA_018399135.1,Bacteria,Desulfobacterota_F,Desulfuromonadia,Desulfuromonadales,Geopsychrobacteraceae,Pelovirga,Pelovirga sp018399135,0,0,2,0,0,0,0,0,0,1,0,2,0,1,3,0,0,2,0
GCA_018399655.1,Bacteria,Campylobacterota,Campylobacteria,Campylobacterales,Arcobacteraceae,JAIOSF01,JAIOSF01 sp018399655,0,0,0,0,1,0,0,0,0,1,0,2,0,1,0,0,0,1,0
GCA_018432235.1,Bacteria,Bacillota_A,Clostridia,Peptostreptococcales,Natronincolaceae,M1-B18,M1-B18 sp018432235,0,0,0,0,0,0,0,0,0,1,0,2,0,1,0,0,1,1,0
GCA_018433835.1,Archaea,Halobacteriota,Methanomicrobia,Methanomicrobiales,Methanoculleaceae,Methanoculleus,Methanoculleus sp018433835,0,0,0,2,0,0,0,0,0,2,0,2,0,0,0,0,0,0,0
GCA_018434355.1,Bacteria,Bacillota_C,Negativicutes,UBA1444,UBA1444,UBA1444,UBA1444 sp018434355,0,0,1,0,0,0,0,0,0,1,0,6,0,1,1,0,1,3,0
GCA_018457135.1,Bacteria,Cyanobacteriota,Cyanobacteriia,Cyanobacteriales,Microcoleaceae,Trichodesmium,Trichodesmium erythraeum,0,0,0,1,1,0,0,0,0,1,0,1,0,1,1,0,0,1,0
GCA_018606805.1,Bacteria,Nitrospirota,Thermodesulfovibrionia,Thermodesulfovibrionales,Magnetobacteriaceae,XYC,XYC sp018606805,0,0,0,0,0,0,0,0,0,2,0,0,0,1,3,0,0,2,0
GCA_018729455.1,Bacteria,Pseudomonadota,Alphaproteobacteria,Rhizobiales,Ancalomicrobiaceae,Prosthecomicrobium_A,Prosthecomicrobium_A sp018729455,0,0,0,4,0,0,0,0,0,2,0,2,1,3,3,0,0,2,0
GCA_018780075.1,Bacteria,Pseudomonadota,Gammaproteobacteria,Burkholderiales,Burkholderiaceae_B,Hydrogenophaga,Hydrogenophaga sp018780075,0,0,0,3,1,0,0,0,0,1,0,3,0,5,3,0,0,3,0
GCA_018814405.1,Bacteria,Pseudomonadota,Gammaproteobacteria,Burkholderiales,Gallionellaceae,Sideroxyarcus,Sideroxyarcus sp018814405,0,0,0,0,1,0,0,0,0,2,0,2,0,3,1,0,0,4,0
GCA_018816105.1,Bacteria,Campylobacterota,Campylobacteria,Campylobacterales,Arcobacteraceae,Aliarcobacter,Aliarcobacter sp018816105,0,0,0,1,0,0,0,0,0,1,0,1,0,6,1,0,0,1,0
GCA_018816555.1,Bacteria,Desulfobacterota,Desulfobulbia,Desulfobulbales,Desulfurivibrionaceae,SURF-16,SURF-16 sp018816555,0,0,0,0,0,0,0,0,0,2,0,3,0,2,1,0,0,4,0
GCA_018816735.1,Bacteria,Desulfobacterota,Desulfobacteria,Desulfobacterales,JAHIVH01,JAHIVH01,JAHIVH01 sp018816735,0,0,1,0,0,0,0,0,0,2,0,2,0,3,1,1,1,3,0
GCA_018817165.1,Bacteria,Omnitrophota,Koll11,B26-G9,B26-G9,JAHITE01,JAHITE01 sp018817165,0,0,0,0,0,0,0,0,0,1,0,4,0,0,0,0,0,0,0
GCA_018817385.1,Bacteria,Desulfobacterota,Desulfobulbia,Desulfobulbales,Desulfocapsaceae,Desulfocapsa,Desulfocapsa sp018817385,0,0,0,0,0,0,0,0,0,2,0,1,0,3,1,0,0,5,0
GCA_018817425.1,Bacteria,Desulfobacterota,Desulfobacteria,Desulfobacterales,RPRI01,RPRI01,RPRI01 sp018817425,0,0,1,0,0,0,0,0,0,2,0,1,0,1,1,0,1,3,0
GCA_018818835.1,Bacteria,Desulfobacterota,Desulfobacteria,Desulfobacterales,Desulfolunaceae,JAHIRD01,JAHIRD01 sp018818835,0,0,1,0,0,0,0,0,0,2,0,2,0,3,2,1,0,3,0
GCA_018820765.1,Bacteria,Pseudomonadota,Gammaproteobacteria,Burkholderiales,Thiobacillaceae,Thiobacillus,Thiobacillus sp018820765,0,0,0,0,2,1,0,0,0,2,0,1,0,4,3,0,0,5,0
GCA_018820855.1,Bacteria,Desulfobacterota,Desulfobulbia,Desulfobulbales,Desulfocapsaceae,Desulfocapsa,Desulfocapsa sp018820855,0,0,0,0,0,0,0,0,0,2,0,2,0,3,1,0,0,5,0
GCA_018822105.1,Bacteria,Desulfobacterota,Desulfovibrionia,Desulfovibrionales,Desulfovibrionaceae,Humidesulfovibrio,Humidesulfovibrio sp018822105,0,0,1,0,1,0,0,0,0,2,0,2,0,1,1,0,0,4,0
GCA_018822545.1,Bacteria,Desulfobacterota,Desulfobulbia,Desulfobulbales,Desulfurivibrionaceae,BM506,BM506 sp018822545,0,0,0,0,0,0,0,0,0,2,0,1,0,3,1,0,0,4,0
GCA_018822805.1,Bacteria,Campylobacterota,Campylobacteria,Campylobacterales,Sulfurovaceae,UBA1140,UBA1140 sp018822805,0,0,0,0,1,0,0,0,0,1,0,1,0,4,2,0,0,1,0
GCA_018822845.1,Bacteria,Pseudomonadota,Gammaproteobacteria,Thiotrichales,Thiotrichaceae,Thiothrix,Thiothrix sp018822845,0,0,1,2,2,0,0,0,0,2,0,2,0,5,3,1,0,5,0
GCA_018823175.1,Bacteria,Desulfobacterota,Desulfobulbia,Desulfobulbales,Desulfurivibrionaceae,JAHJIY01,JAHJIY01 sp018823175,0,0,2,0,0,0,0,0,0,2,0,2,0,0,1,0,0,4,0
GCA_018823285.1,Bacteria,Desulfobacterota,Desulfobulbia,Desulfobulbales,Desulfurivibrionaceae,JAHJIQ01,JAHJIQ01 sp018823285,0,0,2,0,0,0,0,0,0,2,0,1,0,0,2,0,0,4,0
GCA_018824085.1,Bacteria,Pseudomonadota,Gammaproteobacteria,Burkholderiales,Rhodocyclaceae,Methyloversatilis,Methyloversatilis sp018824085,0,0,0,3,1,0,0,0,0,2,0,3,0,4,3,0,0,2,0
GCA_018830485.1,Bacteria,Desulfobacterota,Desulfobulbia,Desulfobulbales,Desulfurivibrionaceae,UBA2262,UBA2262 sp018830485,0,0,1,0,0,0,0,0,0,2,0,1,0,2,1,0,0,4,0
GCA_018853935.1,Bacteria,Pseudomonadota,Gammaproteobacteria,Acidithiobacillales,Acidithiobacillaceae,Acidithiobacillus,Acidithiobacillus ferrivorans,0,0,0,1,2,0,0,0,0,2,0,1,0,2,1,0,0,5,0
GCA_018896025.1,Bacteria,Desulfobacterota,Desulfarculia,Desulfarculales,Desulfarculaceae,SURF-10,SURF-10 sp018896025,0,0,1,0,0,0,0,0,0,1,0,1,0,1,1,0,1,4,0
GCA_018897105.1,Bacteria,Desulfobacterota,Desulfobulbia,Desulfobulbales,Desulfurivibrionaceae,SURF-16,SURF-16 sp018897105,0,0,0,0,0,0,0,0,0,2,0,3,0,1,1,0,0,4,0
GCA_018902545.1,Bacteria,Desulfobacterota,Desulfovibrionia,Desulfovibrionales,Desulfomicrobiaceae,Desulfomicrobium,Desulfomicrobium sp018902545,0,0,1,0,0,0,0,0,0,2,0,2,0,1,1,0,0,5,0
GCA_018902765.1,Bacteria,Actinomycetota,Coriobacteriia,OPB41,JAHIQC01,JAHIQC01,JAHIQC01 sp018902765,0,0,0,0,0,0,0,0,0,1,0,0,0,1,1,0,0,0,0
GCA_018903255.1,Bacteria,Bacillota_A,Clostridia,Eubacteriales,Eubacteriaceae,Acetobacterium,Acetobacterium sp018903255,0,0,0,0,0,0,0,0,0,1,0,2,0,0,0,0,0,1,0
GCA_018993265.1,Bacteria,Cyanobacteriota,Cyanobacteriia,Cyanobacteriales,Nostocaceae,Nostoc_B,Nostoc_B sp018993265,0,0,0,1,1,0,0,0,0,2,0,1,0,1,2,0,0,3,0
GCA_019056595.1,Bacteria,Pseudomonadota,Gammaproteobacteria,Enterobacterales,Enterobacteriaceae,Pectobacterium,Pectobacterium atrosepticum,0,0,0,1,0,0,0,0,0,2,0,2,0,2,2,1,0,0,0
GCA_019084405.1,Archaea,Methanobacteriota,Methanobacteria,Methanobacteriales,Methanobacteriaceae,UBA588,UBA588 sp019084405,0,0,0,2,0,0,0,0,0,1,0,2,0,0,0,0,0,0,0
GCA_019100305.1,Bacteria,Pseudomonadota,Gammaproteobacteria,Chromatiales,Sedimenticolaceae,Thiodiazotropha,Thiodiazotropha sp019100305,0,0,0,1,1,0,0,0,0,2,0,2,0,6,2,0,0,5,0
GCA_019136515.1,Bacteria,Verrucomicrobiota,Verrucomicrobiae,Opitutales,Opitutaceae,CAJCBL01,CAJCBL01 sp019136515,0,0,0,0,0,0,0,0,0,2,0,1,0,2,2,0,0,0,0
GCA_019162745.1,Bacteria,Desulfobacterota_F,Desulfuromonadia,Geobacterales,Pseudopelobacteraceae,JACRCG01,JACRCG01 sp019162745,0,0,0,0,0,0,0,0,0,1,0,1,0,2,1,0,0,1,0
GCA_019163135.1,Bacteria,Desulfobacterota,Desulfobulbia,Desulfobulbales,Desulfobulbaceae,Desulfobulbus,Desulfobulbus sp019163135,0,0,0,0,0,0,0,0,0,2,0,4,0,1,1,0,0,4,0
GCA_019163335.1,Bacteria,Desulfobacterota,Desulfobulbia,Desulfobulbales,Desulfocapsaceae,UBA2270,UBA2270 sp019163335,0,0,0,0,0,0,0,0,0,2,0,2,0,1,1,0,0,4,0
GCA_019163375.1,Bacteria,Bacteroidota,Bacteroidia,Bacteroidales,Paludibacteraceae,Paludibacter,Paludibacter sp019163375,0,0,0,0,0,0,0,0,0,1,0,2,0,1,2,0,0,1,0
GCA_019262145.1,Archaea,Thermoplasmatota,Thermoplasmata,Methanomassiliicoccales,Methanomethylophilaceae,Methanogranum,Methanogranum sp019262145,0,0,0,1,0,0,0,0,0,1,0,2,0,0,0,0,0,0,0
GCA_019313185.1,Bacteria,Desulfobacterota_F,Desulfuromonadia,Desulfuromonadales,BM103,JAFDBS01,JAFDBS01 sp019313185,0,0,0,1,0,0,0,0,0,1,0,2,0,1,2,0,0,1,0
GCA_019352135.1,Bacteria,Desulfobacterota_F,Desulfuromonadia,Geobacterales,Pseudopelobacteraceae,JACRCG01,JACRCG01 sp019352135,0,0,0,0,0,0,0,0,0,1,0,3,0,3,2,0,0,3,0
GCA_019359015.1,Bacteria,Cyanobacteriota,Cyanobacteriia,Cyanobacteriales,Nostocaceae,Spirirestis,Spirirestis rafaelensis,0,0,0,1,1,0,0,0,0,2,0,1,0,1,2,0,0,1,0
GCA_019359035.1,Bacteria,Cyanobacteriota,Cyanobacteriia,Cyanobacteriales,Nostocaceae,Scytonematopsis,Scytonematopsis contorta,0,0,0,1,1,0,0,0,0,2,0,1,0,2,1,0,0,2,0
GCA_019359045.1,Bacteria,Cyanobacteriota,Cyanobacteriia,Leptolyngbyales,Leptolyngbyaceae,Scytolyngbya,Scytolyngbya sp019359045,0,0,0,1,1,0,0,0,0,2,0,0,0,1,1,0,0,2,0
GCA_019359075.1,Bacteria,Cyanobacteriota,Cyanobacteriia,Cyanobacteriales,Nostocaceae,Tolypothrix_B,Tolypothrix_B hyalinum,0,0,0,1,1,0,0,0,0,2,0,1,0,1,3,0,0,2,0
GCA_019359115.1,Bacteria,Cyanobacteriota,Cyanobacteriia,Cyanobacteriales,Nostocaceae,Pelatocladus,Pelatocladus maniniholoensis,0,0,0,1,1,0,0,0,0,2,0,1,0,2,2,0,0,1,0
GCA_019359215.1,Bacteria,Cyanobacteriota,Cyanobacteriia,Cyanobacteriales,Nostocaceae,Nostoc,Nostoc indistinguendum,0,0,0,1,1,0,0,0,0,2,0,1,0,1,1,0,0,2,0
GCA_019359245.1,Bacteria,Cyanobacteriota,Cyanobacteriia,Cyanobacteriales,Nostocaceae,Nostoc,Nostoc desertorum,0,0,0,1,1,0,0,0,0,2,0,0,0,1,1,0,0,1,0
GCA_019359325.1,Bacteria,Cyanobacteriota,Cyanobacteriia,Cyanobacteriales,Nostocaceae,Mojavia,Mojavia pulchra,0,0,0,2,1,0,0,0,0,2,0,1,0,1,1,0,1,2,0
GCA_019359395.1,Bacteria,Cyanobacteriota,Cyanobacteriia,Cyanobacteriales,Nostocaceae,Komarekiella,Komarekiella atlantica,0,0,0,1,1,0,0,0,0,2,0,1,0,1,2,0,0,2,0
GCA_019359415.1,Bacteria,Cyanobacteriota,Cyanobacteriia,Cyanobacteriales,Nostocaceae,Brasilonema,Brasilonema sp019359415,0,0,0,1,1,0,0,0,0,2,0,1,0,1,1,0,0,1,0
GCA_019359675.1,Bacteria,Cyanobacteriota,Cyanobacteriia,Cyanobacteriales,Nostocaceae,Calothrix,Calothrix sp019359675,0,0,0,1,1,0,0,0,0,2,0,1,0,1,1,0,0,2,0
GCA_019359695.1,Bacteria,Cyanobacteriota,Cyanobacteriia,Cyanobacteriales,Nostocaceae,Brasilonema,Brasilonema angustatum,0,0,0,1,1,0,0,0,0,1,0,1,0,1,2,0,0,2,0
GCA_019421365.1,Bacteria,Bacillota_A,Clostridia,Lachnospirales,Lachnospiraceae,Anaerosporobacter,Anaerosporobacter sp019421365,0,0,0,0,0,0,0,0,0,1,0,2,0,0,0,0,0,0,0
GCA_019422935.1,Bacteria,Desulfobacterota,Desulfovibrionia,Desulfovibrionales,Desulfovibrionaceae,Desulfovibrio,Desulfovibrio sp019422935,0,0,0,0,0,0,0,0,0,2,0,2,0,3,1,0,0,4,0
GCA_019449565.1,Bacteria,Pseudomonadota,Alphaproteobacteria,Rhizobiales,Beijerinckiaceae,Rhodoblastus,Rhodoblastus sp019449565,0,0,0,2,2,0,0,0,0,2,0,3,0,4,3,0,0,2,0
GCA_019459325.1,Bacteria,Pseudomonadota,Gammaproteobacteria,Burkholderiales,Thiobacillaceae,Thiobacillus,Thiobacillus sp019459325,0,0,0,1,2,0,0,0,0,2,0,1,0,4,2,0,0,5,0
GCA_019459525.1,Bacteria,Bacteroidota,Bacteroidia,Bacteroidales,Prolixibacteraceae,UBA6024,UBA6024 sp019459525,0,0,0,0,0,0,0,0,0,1,0,3,0,4,3,0,0,2,0
GCA_019635485.1,Bacteria,Pseudomonadota,Gammaproteobacteria,Burkholderiales,Burkholderiaceae_B,Piscinibacter,Piscinibacter sp019635485,0,0,0,2,1,0,0,0,0,2,0,3,1,2,3,0,0,3,0
GCA_019689615.1,Bacteria,Actinomycetota,Actinomycetia,Mycobacteriales,Frankiaceae,Frankia,Frankia sp019689615,0,0,0,1,0,1,0,0,0,2,0,2,0,2,2,0,0,0,0
GCA_019752775.1,Bacteria,Campylobacterota,Campylobacteria,Campylobacterales,Arcobacteraceae,Aliarcobacter,Aliarcobacter sp019752775,0,0,0,0,0,0,0,0,0,0,0,1,0,4,1,0,0,2,0
GCA_019911985.1,Bacteria,Pseudomonadota,Gammaproteobacteria,Burkholderiales,UBA9220,JAIOJO01,JAIOJO01 sp019911985,0,0,0,0,2,0,0,0,0,2,0,3,0,5,2,0,0,5,0
GCA_020048335.1,Bacteria,Pseudomonadota,Gammaproteobacteria,Methylococcales,Methylomonadaceae,CAIQWF01,CAIQWF01 sp020048335,0,0,0,3,0,0,0,0,0,2,0,2,0,0,3,0,0,3,0
GCA_020048915.1,Bacteria,Bacteroidota,Bacteroidia,Bacteroidales,JAAUTT01,JAAUTT01,JAAUTT01 sp020048915,0,0,0,0,0,0,0,0,0,1,0,4,0,2,2,0,0,1,0
GCA_020049015.1,Bacteria,Bacteroidota,Bacteroidia,Bacteroidales,DTGW01,JAIFLP01,JAIFLP01 sp020049015,0,0,0,0,0,0,0,0,0,1,0,0,0,1,2,0,0,0,0
GCA_020049335.1,Bacteria,Bacteroidota,Bacteroidia,Bacteroidales,Paludibacteraceae,Paludibacter,Paludibacter sp020049335,0,0,0,0,0,0,0,0,0,2,0,0,0,0,2,0,0,0,0
GCA_020052235.1,Bacteria,JAAXVQ01,JAAXVQ01,JAAXVQ01,JAAXVQ01,JAAXVQ01,JAAXVQ01 sp020052235,0,0,0,0,0,0,0,0,0,1,0,2,0,0,0,0,0,1,0
GCA_020052615.1,Bacteria,Nitrospirota,UBA9217,UBA9217,UBA9217,JAAXXJ01,JAAXXJ01 sp020052615,0,0,0,0,0,0,0,0,0,1,0,1,0,3,3,0,0,4,0
GCA_020054675.1,Bacteria,Bacillota_A,Clostridia,Oscillospirales,Ruminococcaceae,JAIHAL01,JAIHAL01 sp020054675,0,0,0,0,0,0,0,0,0,1,0,3,0,1,0,0,0,0,0
GCA_020054815.1,Bacteria,Bacillota_B,Peptococcia,DRI-13,DRI-13,Thermanaerosceptrum,Thermanaerosceptrum sp020054815,0,0,0,0,0,0,0,0,0,1,0,7,0,1,0,0,1,2,0
GCA_020054945.1,Bacteria,Bacillota_A,Clostridia,Mahellales,Mahellaceae,Mahella,Mahella sp020054945,0,0,0,1,0,0,0,0,0,1,0,2,0,0,0,0,0,1,0
GCA_020055655.1,Archaea,Halobacteriota,Methanosarcinia,Methanosarcinales,Methanosarcinaceae,Methanolobus,Methanolobus sp020055655,0,0,0,2,0,0,0,0,0,2,0,1,0,0,0,0,0,1,0
GCA_020055845.1,Bacteria,Pseudomonadota,Gammaproteobacteria,Burkholderiales,Gallionellaceae,PALSA-1006,PALSA-1006 sp020055845,0,0,0,0,1,1,0,0,0,2,0,1,0,1,1,0,0,1,0
GCA_020056455.1,Bacteria,Nitrospirota,Thermodesulfovibrionia,Thermodesulfovibrionales,UBA6898,UBA6898,UBA6898 sp020056455,0,0,2,0,0,0,0,0,0,1,0,0,0,2,1,0,1,2,0
GCA_020057245.1,Bacteria,Pseudomonadota,Gammaproteobacteria,Burkholderiales,Thiobacillaceae,Thiobacillus,Thiobacillus sp020057245,0,0,0,1,2,0,0,0,0,2,0,0,0,2,3,0,0,5,0
GCA_020061285.1,Bacteria,Pseudomonadota,Gammaproteobacteria,Burkholderiales,UBA9220,UBA2239,UBA2239 sp020061285,0,0,0,0,2,0,0,0,0,0,0,0,0,2,1,0,0,4,0
GCA_020061585.1,Bacteria,Pseudomonadota,Gammaproteobacteria,Burkholderiales,Thiobacillaceae,PFJX01,PFJX01 sp020061585,0,0,2,1,1,0,0,0,0,2,0,3,0,5,3,1,0,5,0
GCA_020062545.1,Bacteria,Nitrospirota,Thermodesulfovibrionia,Thermodesulfovibrionales,Dissulfurispiraceae,JAGUWD01,JAGUWD01 sp020062545,0,0,2,0,0,0,0,0,0,2,0,1,0,4,1,0,0,5,0
GCA_020062665.1,Bacteria,Pseudomonadota,Gammaproteobacteria,Pseudomonadales,Ketobacteraceae,Ch67,Ch67 sp020062665,0,0,0,1,0,0,0,0,0,2,0,1,0,5,3,1,0,3,0
GCA_020062745.1,Bacteria,Bacillota_B,Desulfotomaculia,Desulfotomaculales,JAGUVT01,JAGUVT01,JAGUVT01 sp020062745,0,0,0,0,0,0,0,0,0,0,0,1,0,0,0,0,1,3,0
GCA_020217165.1,Bacteria,Desulfobacterota,Desulfovibrionia,Desulfovibrionales,Desulfovibrionaceae,Megalodesulfovibrio,Megalodesulfovibrio sp020217165,0,0,0,0,0,0,0,0,0,2,0,2,0,2,1,0,0,2,0
GCA_020386575.1,Bacteria,Cyanobacteriota,Cyanobacteriia,Cyanobacteriales,Geitlerinemaceae,Sodalinema,Sodalinema sp007693465,0,0,0,1,1,0,0,0,0,2,0,1,0,2,2,0,0,2,0
GCA_020425485.1,Bacteria,Pseudomonadota,Alphaproteobacteria,DSM-16000,Inquilinaceae,JACKIH01,JACKIH01 sp020425485,0,0,0,1,0,0,0,0,0,0,0,0,0,2,3,0,0,1,0
GCA_020441225.1,Bacteria,Pseudomonadota,Alphaproteobacteria,Rhodobacterales,Rhodobacteraceae,Muriiphilus,Muriiphilus sp020441225,0,0,0,1,1,0,0,0,0,2,0,3,0,5,3,0,0,4,0
GCA_020444175.1,Bacteria,Desulfobacterota,Desulfobulbia,Desulfobulbales,Desulfurivibrionaceae,JAHLLM01,JAHLLM01 sp020444175,0,0,2,0,0,0,0,0,0,2,0,1,0,3,1,0,0,4,0
GCA_020444545.1,Bacteria,Desulfobacterota,Desulfarculia,Desulfarculales,Desulfarculaceae,SURF-10,SURF-10 sp020444545,0,0,1,0,0,0,0,0,0,2,0,1,0,2,1,0,1,4,0
GCA_020444905.1,Bacteria,Pseudomonadota,Gammaproteobacteria,Competibacterales,Competibacteraceae,UBA2383,UBA2383 sp020444905,0,0,0,2,0,0,0,0,0,1,0,2,0,3,3,0,0,2,0
GCA_020445045.1,Bacteria,Pseudomonadota,Gammaproteobacteria,Competibacterales,Competibacteraceae,Competibacter,Competibacter sp020445045,0,0,0,2,0,0,0,0,0,2,0,2,0,4,3,1,0,3,0
GCA_020445205.1,Bacteria,Pseudomonadota,Gammaproteobacteria,Chromatiales,Sedimenticolaceae,41T-STBD-0c-01a,41T-STBD-0c-01a sp020445205,0,0,0,2,1,0,0,0,0,2,0,2,0,5,2,0,0,6,0
GCA_020445765.1,Bacteria,Pseudomonadota,Gammaproteobacteria,Burkholderiales,Rhodocyclaceae,Cognatazoarcus,Cognatazoarcus sp020445765,0,0,0,2,1,0,0,0,0,2,0,2,0,5,3,0,0,2,0
GCA_020446425.1,Bacteria,Pseudomonadota,Alphaproteobacteria,Sphingomonadales,Sphingomonadaceae,Sphingobium,Sphingobium sp020446425,0,0,0,2,0,0,0,0,0,1,0,0,1,2,3,1,0,1,0
GCA_020446745.1,Bacteria,Pseudomonadota,Alphaproteobacteria,Rhodospirillales_A,JACKKN01,JAGREA01,JAGREA01 sp020446745,0,0,0,2,0,0,0,0,0,2,0,0,0,4,3,0,0,5,0
GCA_020621905.1,Bacteria,Pseudomonadota,Alphaproteobacteria,Rhizobiales,Rhizobiaceae,Allorhizobium,Allorhizobium sp020621905,0,0,0,3,1,0,0,0,0,1,0,1,1,5,3,1,0,2,0
GCA_020633955.1,Bacteria,Desulfobacterota,Desulfobacteria,Desulfobacterales,Desulforegulaceae,JACKCP01,JACKCP01 sp020633955,0,0,0,0,0,0,0,0,0,1,0,0,0,2,1,0,0,2,0
GCA_020638195.1,Bacteria,Pseudomonadota,Alphaproteobacteria,Rhizobiales,Beijerinckiaceae,JAJXWB01,JAJXWB01 sp020638195,0,0,0,3,1,0,0,0,0,2,0,1,1,5,3,0,0,4,0
GCA_020638595.1,Bacteria,Pseudomonadota,Alphaproteobacteria,DSM-16000,Inquilinaceae,JACKIG01,JACKIG01 sp020638595,0,0,1,1,0,0,0,0,0,2,0,1,1,2,1,0,0,0,0
GCA_020692325.1,Bacteria,Desulfobacterota,Desulfovibrionia,Desulfovibrionales,Desulfovibrionaceae,Humidesulfovibrio,Humidesulfovibrio sp020692325,0,0,0,1,0,0,0,0,0,2,0,2,0,1,1,0,0,3,0
GCA_020692355.1,Bacteria,Bacillota_B,Desulfitobacteriia,Desulfitobacteriales,Desulfitobacteriaceae,JAJZPA01,JAJZPA01 sp020692355,0,0,1,0,0,0,0,0,0,2,0,4,0,0,1,0,1,4,0
GCA_020717925.1,Bacteria,Desulfobacterota,Desulfobulbia,Desulfobulbales,Desulfurivibrionaceae,CG2-30-60-27,CG2-30-60-27 sp020717925,0,0,0,1,0,0,0,0,0,2,0,2,0,1,1,0,0,4,0
GCA_020721005.1,Bacteria,Pseudomonadota,Gammaproteobacteria,Beggiatoales,Beggiatoaceae,DYNP01,DYNP01 sp020721005,0,0,0,0,1,0,0,0,0,2,0,2,0,1,1,0,0,4,0
GCA_020721045.1,Bacteria,Pseudomonadota,Gammaproteobacteria,Beggiatoales,Beggiatoaceae,DYNN01,DYNN01 sp020721045,0,0,0,0,1,0,0,0,0,2,0,2,0,4,1,0,0,4,0
GCA_020721065.1,Bacteria,Pseudomonadota,Gammaproteobacteria,Chromatiales,Chromatiaceae,Chromatium,Chromatium violascens_A,0,0,0,0,1,0,0,0,0,2,0,1,0,1,1,0,0,4,0
GCA_020721225.1,Bacteria,Bacteroidota,Chlorobia,Chlorobiales,Chlorobiaceae,Chlorobium,Chlorobium luteolum_C,0,0,1,0,1,0,0,0,0,2,0,1,0,1,2,0,0,5,0
GCA_020721255.1,Bacteria,Bacteroidota,Chlorobia,Chlorobiales,Chlorobiaceae,Chlorobium,Chlorobium chlorochromatii,0,0,0,0,0,0,0,0,0,1,0,0,0,0,1,0,0,2,0
GCA_020723185.1,Bacteria,Pseudomonadota,Gammaproteobacteria,Burkholderiales,Gallionellaceae,Sideroxyarcus,Sideroxyarcus lithotrophicus_A,0,0,0,0,1,0,0,0,0,2,0,3,0,3,1,0,0,5,0
GCA_020723405.1,Bacteria,Pseudomonadota,Gammaproteobacteria,Burkholderiales,Thiobacillaceae,PFJX01,PFJX01 sp020723405,0,0,2,1,2,0,0,0,0,2,0,4,0,5,2,1,0,5,0
GCA_020723925.1,Bacteria,Nitrospirota,Thermodesulfovibrionia,Thermodesulfovibrionales,UBA1546,DYHX01,DYHX01 sp020723925,0,0,2,0,0,0,0,0,0,0,0,0,0,2,1,0,0,4,0
GCA_020724545.1,Archaea,Halobacteriota,Methanosarcinia,Methanosarcinales,Methanoperedenaceae,Methanoperedens,Methanoperedens nitroreducens_B,0,0,2,2,0,0,0,0,0,2,0,0,0,3,0,0,0,1,0
GCA_020725005.1,Bacteria,Pseudomonadota,Gammaproteobacteria,Burkholderiales,Thiobacillaceae,Thiobacillus,Thiobacillus denitrificans_G,0,0,0,0,1,0,0,0,0,2,0,1,0,4,3,1,0,5,0
GCA_020725265.1,Bacteria,Pseudomonadota,Gammaproteobacteria,Burkholderiales,Thiobacillaceae,PFJX01,PFJX01 sp020725265,0,0,0,0,1,0,0,0,0,2,0,2,0,5,2,0,0,2,0
GCA_020725335.1,Bacteria,Nitrospirota,Thermodesulfovibrionia,Thermodesulfovibrionales,Thermodesulfovibrionaceae,Thermodesulfovibrio,Thermodesulfovibrio sp020725335,0,0,1,0,0,0,0,0,0,2,0,2,0,1,0,0,0,4,0
GCA_020725545.1,Bacteria,Desulfobacterota,Desulfobaccia,Desulfobaccales,Desulfobaccaceae,Desulfobacca,Desulfobacca sp020725545,0,0,1,0,0,0,0,0,0,1,0,3,0,1,0,0,1,4,0
GCA_020846135.1,Bacteria,Pseudomonadota,Gammaproteobacteria,Competibacterales,Competibacteraceae,RXIV01,RXIV01 sp020846135,0,0,0,1,0,0,0,0,0,2,0,2,0,4,1,1,0,1,0
GCA_020848655.1,Bacteria,Pseudomonadota,Alphaproteobacteria,Sphingomonadales,Sphingomonadaceae,Novosphingobium,Novosphingobium sp020848655,0,0,0,2,0,0,0,0,0,1,0,0,0,2,4,0,0,1,0
GCA_020890855.1,Bacteria,Pseudomonadota,Gammaproteobacteria,Competibacterales,Competibacteraceae,RXIV01,RXIV01 sp020890855,0,0,0,2,0,0,0,0,0,2,0,1,0,4,1,0,0,1,0
GCA_021107755.1,Bacteria,Campylobacterota,Campylobacteria,Campylobacterales,Arcobacteraceae,JAIOSF01,JAIOSF01 sp021107755,0,0,1,0,1,0,0,0,0,2,0,2,0,3,2,0,0,3,0
GCA_021108075.1,Bacteria,Omnitrophota,Koll11,Zapsychrales,Zapsychraceae,JAIORP01,JAIORP01 sp021108075,0,0,0,0,0,0,0,0,0,1,0,3,0,0,0,0,0,1,0
GCA_021163845.1,Bacteria,Campylobacterota,Campylobacteria,Campylobacterales,Sulfurimonadaceae,Sulfurimonas,Sulfurimonas sp021163845,0,0,0,0,1,0,0,0,0,2,0,2,0,1,1,1,0,2,0
GCA_021209385.1,Bacteria,Deferribacterota,Deferribacteres,Deferribacterales,Denitrovibrionaceae,Seleniivibrio,Seleniivibrio sp021209385,0,0,1,0,0,0,0,0,0,1,0,1,0,2,3,0,0,1,0
GCA_021286855.1,Bacteria,Pseudomonadota,Alphaproteobacteria,Rhizobiales,Ancalomicrobiaceae,Pinisolibacter,Pinisolibacter sp021286855,0,0,0,2,1,0,0,0,0,2,0,4,0,6,3,0,0,3,0
GCA_021286935.1,Bacteria,Desulfobacterota_F,Desulfuromonadia,Geobacterales,Pseudopelobacteraceae,Trichlorobacter,Trichlorobacter sp021286935,0,0,0,0,0,0,0,0,0,1,0,3,0,2,1,0,0,1,0
GCA_021324415.1,Bacteria,Cyanobacteriota,Cyanobacteriia,Cyanobacteriales,Nostocaceae,JAJPJF01,JAJPJF01 sp021324415,0,0,0,1,1,0,0,0,0,2,0,2,0,1,2,0,0,2,0
GCA_021372375.1,Bacteria,Bacillota_C,Negativicutes,Propionisporales,Propionisporaceae,JAJFUN01,JAJFUN01 sp021372375,0,0,0,0,0,0,0,0,0,1,0,3,0,1,1,0,0,2,0
GCA_021372415.1,Bacteria,Desulfobacterota,Syntrophia,Syntrophales,UBA5619,JAKAFS01,JAKAFS01 sp021372415,0,0,0,0,0,0,0,0,0,1,0,5,0,0,1,0,1,2,0
GCA_021372645.1,Bacteria,Bacillota_A,Clostridia,Clostridiales,Clostridiaceae,Clostridium,Clostridium sp021372645,0,0,0,0,0,0,0,0,0,1,0,4,0,0,0,0,0,1,0
GCA_021373185.1,Bacteria,Pseudomonadota,Gammaproteobacteria,Burkholderiales,Sulfuricellaceae,Sulfuricella,Sulfuricella sp021373185,0,0,0,0,1,0,0,0,0,2,0,3,0,5,1,1,0,4,0
GCA_021409285.1,Archaea,Halobacteriota,Methanosarcinia,Methanosarcinales,Methanoperedenaceae,Methanoperedens,Methanoperedens sp021409285,0,0,0,2,0,0,0,0,0,2,0,2,0,2,0,0,0,1,0
GCA_021730285.1,Bacteria,Desulfobacterota,Desulfovibrionia,Desulfovibrionales,Desulfovibrionaceae,Solidesulfovibrio,Solidesulfovibrio sp021730285,0,0,0,0,0,0,0,0,0,2,0,4,0,2,2,0,0,4,0
GCA_021731215.1,Bacteria,Pseudomonadota,Gammaproteobacteria,Burkholderiales,Burkholderiaceae_B,Rhodoferax,Rhodoferax sp021731215,0,0,0,1,1,0,0,0,0,1,0,2,0,4,2,0,0,4,0
GCA_021736785.1,Bacteria,Pseudomonadota,Gammaproteobacteria,Chromatiales,Chromatiaceae,Thiohalocapsa,Thiohalocapsa sp021736785,0,0,1,1,1,0,0,0,0,2,0,3,0,4,2,0,0,5,0
GCA_021737145.1,Bacteria,Desulfobacterota,Desulfarculia,Desulfarculales,Desulfarculaceae,SURF-10,SURF-10 sp021737145,0,0,1,0,0,0,0,0,0,2,0,1,0,2,1,0,1,4,0
GCA_021737265.1,Bacteria,Desulfobacterota,Desulfobulbia,Desulfobulbales,Desulfocapsaceae,Desulfocapsa,Desulfocapsa sp021737265,0,0,0,0,0,0,0,0,0,2,0,1,0,1,1,0,0,4,0
GCA_021737645.1,Bacteria,Desulfobacterota,Desulfarculia,Desulfarculales,Desulfarculaceae,SURF-10,SURF-10 sp021737645,0,0,1,0,0,0,0,0,0,1,0,1,0,2,1,0,1,4,0
GCA_021740465.1,Bacteria,Bacteroidota,Chlorobia,Chlorobiales,Chlorobiaceae,Chlorobium,Chlorobium sp021740465,0,0,1,0,1,0,0,0,0,1,0,1,0,1,2,0,0,4,0
GCA_021741145.1,Bacteria,Pseudomonadota,Alphaproteobacteria,Rhodospirillales,Rhodospirillaceae,Rhodospirillum,Rhodospirillum sp021741145,0,0,0,3,1,0,0,0,0,2,0,3,1,4,3,0,0,3,0
GCA_021768455.1,Bacteria,Pseudomonadota,Gammaproteobacteria,Burkholderiales,Burkholderiaceae_B,Aquabacterium,Aquabacterium sp021768455,0,0,0,2,0,0,0,0,0,2,0,0,0,2,3,0,0,1,0
GCA_021768485.1,Bacteria,Pseudomonadota,Gammaproteobacteria,Burkholderiales,Burkholderiaceae,JAIZVZ01,JAIZVZ01 sp021768485,0,0,0,1,0,0,0,0,0,2,0,1,0,4,3,0,0,1,0
GCA_021777135.1,Bacteria,SZUA-79,SZUA-79,Acidulodesulfobacterales,Acidulodesulfobacteraceae,Acidulodesulfobacterium_A,Acidulodesulfobacterium_A sp021777135,0,0,0,0,0,0,0,0,0,2,0,2,0,1,1,0,0,3,0
GCA_021778935.1,Bacteria,Pseudomonadota,Gammaproteobacteria,Burkholderiales,Burkholderiaceae_A,GJ-E10,GJ-E10 sp021778935,0,0,0,0,2,0,0,0,0,2,0,1,0,0,2,0,0,1,0
GCA_021779095.1,Bacteria,Desulfobacterota_F,Desulfuromonadia,Geobacterales,JAJYBI01,JAJYBI01,JAJYBI01 sp021779095,0,0,0,0,0,0,0,0,0,1,0,3,0,2,2,0,0,1,0
GCA_021779335.1,Bacteria,Myxococcota,Myxococcia,Myxococcales,Anaeromyxobacteraceae,JADKCZ01,JADKCZ01 sp021779335,0,0,0,0,0,0,0,0,0,2,0,3,0,3,3,0,0,1,0
GCA_021779415.1,Bacteria,Bacillota_B,Desulfitobacteriia,Desulfitobacteriales,Desulfitobacteriaceae,Desulfosporosinus,Desulfosporosinus sp021779415,0,0,1,0,0,0,0,0,0,2,0,5,0,1,1,0,1,5,0
GCA_021780495.1,Bacteria,Desulfobacterota_F,Desulfuromonadia,Geobacterales,Pseudopelobacteraceae,CAIPTY01,CAIPTY01 sp021780495,0,0,0,0,0,0,0,0,0,1,0,3,0,1,3,0,0,3,0
GCA_021780695.1,Bacteria,Desulfobacterota,Syntrophobacteria,Syntrophobacterales,Syntrophobacteraceae,SbD1,SbD1 sp021780695,0,0,0,1,0,0,0,0,0,2,0,2,0,2,2,1,1,3,0
GCA_021780975.1,Bacteria,Pseudomonadota,Gammaproteobacteria,Burkholderiales,Thiobacillaceae,JAJXXS01,JAJXXS01 sp021780975,0,0,0,0,0,0,0,0,0,2,0,1,0,2,4,0,0,4,0
GCA_021781285.1,Bacteria,SZUA-79,SZUA-79,Acidulodesulfobacterales,Acidulodesulfobacteraceae,Acidulodesulfobacterium_A,Acidulodesulfobacterium_A sp021781285,0,0,0,0,0,0,0,0,0,1,0,1,0,1,1,0,0,4,0
GCA_021781535.1,Bacteria,Desulfobacterota_F,Desulfuromonadia,Geobacterales,Pseudopelobacteraceae,JACRCG01,JACRCG01 sp021781535,0,0,0,0,0,0,0,0,0,1,0,3,0,3,2,0,0,1,0
GCA_021781575.1,Bacteria,Pseudomonadota,Alphaproteobacteria,Rhodospirillales,Magnetospirillaceae,Telmatospirillum,Telmatospirillum sp021781575,0,0,0,2,2,0,0,0,0,2,0,2,0,3,4,1,0,3,0
GCA_021781655.1,Bacteria,Bacillota_A,Clostridia,Clostridiales,Clostridiaceae,JAJXWJ01,JAJXWJ01 sp021781655,0,0,0,0,0,0,0,0,0,1,0,2,0,0,1,0,0,2,0
GCA_021781835.1,Bacteria,Pseudomonadota,Alphaproteobacteria,Acetobacterales,Acetobacteraceae,Acidocella,Acidocella sp021781835,0,0,0,2,0,0,0,0,0,2,0,1,0,0,2,0,0,2,0
GCA_021782105.1,Bacteria,Verrucomicrobiota,Verrucomicrobiae,Opitutales,Opitutaceae,MWDT01,MWDT01 sp021782105,0,0,1,0,0,0,0,0,0,2,0,3,0,3,3,0,0,1,0
GCA_021782135.1,Bacteria,Myxococcota,Myxococcia,Myxococcales,Anaeromyxobacteraceae,JAJXVM01,JAJXVM01 sp021782135,0,0,0,0,0,0,0,0,0,2,0,1,0,4,2,0,0,0,0
GCA_021782655.1,Bacteria,Desulfobacterota,Desulfobulbia,Desulfobulbales,Desulfurivibrionaceae,VMSU01,VMSU01 sp021782655,0,0,1,0,0,0,0,0,0,2,0,1,0,0,1,0,0,5,0
GCA_021782795.1,Bacteria,Pseudomonadota,Gammaproteobacteria,Burkholderiales,Sulfuriferulaceae,UBA2487,UBA2487 sp021782795,0,0,0,0,2,0,0,0,0,2,0,1,0,1,3,0,0,4,0
GCA_021782815.1,Bacteria,Pseudomonadota,Alphaproteobacteria,Rhodospirillales,Magnetospirillaceae,JAJZGK01,JAJZGK01 sp021782815,0,0,0,1,1,0,0,0,0,2,0,3,0,4,2,1,0,1,0
GCA_021783135.1,Bacteria,Bacillota_B,Desulfitobacteriia,Desulfitobacteriales,JAJXUE01,JAJXUE01,JAJXUE01 sp021783135,0,0,1,0,0,0,0,0,0,2,0,2,0,2,0,0,1,3,0
GCA_021783515.1,Bacteria,Nitrospirota,Thermodesulfovibrionia,Thermodesulfovibrionales,UBA6898,Sulfobium,Sulfobium sp021783515,0,0,0,0,0,0,0,0,0,2,0,1,0,2,2,0,0,4,0
GCA_021784755.1,Bacteria,Pseudomonadota,Gammaproteobacteria,Acidiferrobacterales,Acidiferrobacteraceae,Acidiferrobacter,Acidiferrobacter sp021784755,0,0,0,1,2,0,0,0,0,2,0,0,0,2,0,0,0,3,0
GCA_021784835.1,Bacteria,SZUA-79,SZUA-79,Acidulodesulfobacterales,Acidulodesulfobacteraceae,Acidulodesulfobacterium_A,Acidulodesulfobacterium_A sp021784835,0,0,0,0,0,0,0,0,0,2,0,2,0,3,2,1,0,1,0
GCA_021784995.1,Bacteria,Myxococcota,Myxococcia,Myxococcales,Anaeromyxobacteraceae,R267,R267 sp021784995,0,0,0,0,0,0,0,0,0,2,0,0,0,5,3,1,0,1,0
GCA_021785935.1,Bacteria,Actinomycetota,Thermoleophilia,BMS3ABIN01,BMS3ABIN01,JACRMB01,JACRMB01 sp021785935,0,0,1,2,0,0,0,0,0,2,0,1,0,0,2,0,0,2,0
GCA_021786845.1,Bacteria,Pseudomonadota,Gammaproteobacteria,Burkholderiales,Sulfuriferulaceae,UBA2487,UBA2487 sp021786845,0,0,0,1,2,0,0,0,0,2,0,1,0,4,2,1,0,4,0
GCA_021789455.1,Bacteria,SZUA-79,SZUA-79,Acidulodesulfobacterales,Acidulodesulfobacteraceae,Acidulodesulfobacterium_A,Acidulodesulfobacterium_A sp021789455,0,0,0,0,0,0,0,0,0,2,0,0,0,1,1,0,0,3,0
GCA_021789495.1,Bacteria,Nitrospirota,UBA9217,JACRHJ01,JACRHJ01,JAKAHE01,JAKAHE01 sp021789495,0,0,0,0,0,0,0,0,0,2,0,0,0,1,1,0,0,4,0
GCA_021789595.1,Bacteria,Nitrospirota,Thermodesulfovibrionia,UBA6902,JAJYJJ01,JAJYJJ01,JAJYJJ01 sp021789595,0,0,1,0,0,0,0,0,0,2,0,2,0,1,2,0,0,6,0
GCA_021789795.1,Bacteria,Desulfobacterota,Desulfobulbia,Desulfobulbales,Desulfurivibrionaceae,VMSU01,VMSU01 sp021789795,0,0,0,0,0,0,0,0,0,1,0,1,0,0,1,0,0,5,0
GCA_021790625.1,Bacteria,Pseudomonadota,Gammaproteobacteria,Burkholderiales,Sulfuriferulaceae,UBA2487,UBA2487 sp021790625,0,0,0,0,2,0,0,0,0,2,0,1,0,2,2,0,0,2,0
GCA_021790695.1,Bacteria,Nitrospirota,Thermodesulfovibrionia,Thermodesulfovibrionales,JdFR-88,JAJYGJ01,JAJYGJ01 sp021790695,0,0,0,0,0,0,0,0,0,2,0,0,0,0,2,0,0,3,0
GCA_021791055.1,Bacteria,Nitrospirota,Thermodesulfovibrionia,Thermodesulfovibrionales,Dissulfurispiraceae,JAJYXI01,JAJYXI01 sp021791055,0,0,2,0,0,0,0,0,0,2,0,1,0,3,1,0,0,5,0
GCA_021791195.1,Bacteria,Actinomycetota,Thermoleophilia,BMS3ABIN01,BMS3ABIN01,JACWAD01,JACWAD01 sp021791195,0,0,0,0,0,0,0,0,0,2,0,1,0,0,1,0,0,3,0
GCA_021792185.1,Bacteria,Nitrospirota,Thermodesulfovibrionia,Thermodesulfovibrionales,Dissulfurispiraceae,GWB2-47-37,GWB2-47-37 sp021792185,0,0,2,0,0,0,0,0,0,2,0,1,0,4,1,0,0,5,0
GCA_021793155.1,Bacteria,Pseudomonadota,Alphaproteobacteria,Rhodospirillales,Magnetospirillaceae,Telmatospirillum,Telmatospirillum sp021793155,0,0,0,2,2,0,0,0,0,2,0,3,0,2,4,1,0,3,0
GCA_021794275.1,Bacteria,Pseudomonadota,Gammaproteobacteria,Acidiferrobacterales,Acidiferrobacteraceae,Acidiferrobacter,Acidiferrobacter sp021794275,0,0,0,1,1,0,0,0,0,0,0,0,0,4,1,1,0,3,0
GCA_021795395.1,Bacteria,Pseudomonadota,Gammaproteobacteria,Burkholderiales,Sulfuriferulaceae,JAJYPN01,JAJYPN01 sp021795395,0,0,0,0,1,0,0,0,0,1,0,0,0,3,3,0,0,4,0
GCA_021795715.1,Bacteria,Pseudomonadota,Gammaproteobacteria,Acidiferrobacterales,Acidiferrobacteraceae,JAJYDN01,JAJYDN01 sp021795715,0,0,0,0,2,0,0,0,0,2,0,1,0,0,2,0,0,3,0
GCA_021795795.1,Bacteria,Pseudomonadota,Gammaproteobacteria,Halothiobacillales,Halothiobacillaceae,Halothiobacillus,Halothiobacillus sp021795795,0,0,0,0,2,0,0,0,0,1,0,3,0,3,3,0,0,3,0
GCA_021796835.1,Bacteria,Pseudomonadota,Gammaproteobacteria,Burkholderiales,Ferrovaceae,Ferrovum,Ferrovum sp021796835,0,0,0,0,1,0,0,0,0,2,0,1,0,1,2,0,0,0,0
GCA_021798485.1,Bacteria,Pseudomonadota,Alphaproteobacteria,Rhodospirillales,Magnetospirillaceae,JAJZGK01,JAJZGK01 sp021798485,0,0,0,1,1,0,0,0,0,2,0,2,0,4,2,0,0,1,0
GCA_021798855.1,Bacteria,Bacillota_E,JAJZIM01,JAJZIM01,JAJZBP01,JAJZBP01,JAJZBP01 sp021798855,0,0,1,0,0,0,0,0,0,2,0,2,0,2,1,0,0,2,0
GCA_021798875.1,Bacteria,SZUA-79,SZUA-79,Acidulodesulfobacterales,Acidulodesulfobacteraceae,Acidulodesulfobacterium_A,Acidulodesulfobacterium_A sp021798875,0,0,0,0,0,0,0,0,0,2,0,1,0,0,1,0,0,3,0
GCA_021799935.1,Bacteria,SZUA-79,SZUA-79,Acidulodesulfobacterales,Acidulodesulfobacteraceae,Acidulodesulfobacterium_A,Acidulodesulfobacterium_A sp021799935,0,0,0,0,0,0,0,0,0,0,0,0,0,1,1,0,0,3,0
GCA_021800745.1,Bacteria,SZUA-79,SZUA-79,Acidulodesulfobacterales,Acidulodesulfobacteraceae,Acidulodesulfobacterium_A,Acidulodesulfobacterium_A sp021800745,0,0,0,0,0,0,0,0,0,2,0,2,0,2,1,0,0,3,0
GCA_021801025.1,Bacteria,Pseudomonadota,Gammaproteobacteria,Burkholderiales,Sulfuriferulaceae,UBA2487,UBA2487 sp021801025,0,0,0,1,2,0,0,0,0,2,0,1,0,4,2,1,0,4,0
GCA_021801265.1,Bacteria,Pseudomonadota,Gammaproteobacteria,Halothiobacillales,Halothiobacillaceae,Halothiobacillus,Halothiobacillus sp021801265,0,0,0,1,2,0,0,0,0,2,0,0,0,2,2,0,0,3,0
GCA_021801345.1,Bacteria,Nitrospirota_A,Leptospirillia,Leptospirillales,Leptospirillaceae,UBA4572,UBA4572 sp021801345,0,0,0,0,0,1,0,0,0,2,0,1,0,1,2,0,0,1,0
GCA_021801705.1,Bacteria,Pseudomonadota,Gammaproteobacteria,Burkholderiales,Sulfuricellaceae,Sulfuricella,Sulfuricella sp021801705,0,0,2,0,1,0,0,0,0,2,0,1,0,4,2,1,0,4,0
GCA_021802555.1,Bacteria,Pseudomonadota,Gammaproteobacteria,Burkholderiales,Thiobacillaceae,JAJXXS01,JAJXXS01 sp021802555,0,0,0,0,2,0,0,0,0,2,0,0,0,5,3,1,0,5,0
GCA_021802655.1,Bacteria,Pseudomonadota,Gammaproteobacteria,Burkholderiales,JABEVD01,JABEVD01,JABEVD01 sp021802655,0,0,0,0,2,0,0,0,0,2,0,1,0,2,0,0,0,5,0
GCA_021802775.1,Bacteria,Desulfobacterota,Desulfobulbia,Desulfobulbales,Desulfurivibrionaceae,JAJZRJ01,JAJZRJ01 sp021802775,0,0,2,0,0,0,0,0,0,2,0,1,0,2,1,0,0,4,0
GCA_021802945.1,Bacteria,Pseudomonadota,Gammaproteobacteria,Burkholderiales,Thiobacillaceae,Thiobacillus,Thiobacillus sp021802945,0,0,0,1,1,0,0,0,0,2,0,1,0,3,2,0,0,5,0
GCA_021804355.1,Bacteria,Pseudomonadota,Gammaproteobacteria,Pseudomonadales,Moraxellaceae,JABEVH01,JABEVH01 sp021804355,0,0,0,0,0,0,0,0,0,2,0,0,0,4,2,1,0,1,0
GCA_021805445.1,Bacteria,Pseudomonadota,Gammaproteobacteria,Burkholderiales,Ferrovaceae,Ferrovum,Ferrovum sp021805445,0,0,0,0,1,0,0,0,0,2,0,0,0,1,2,0,0,0,0
GCA_021809845.1,Bacteria,SZUA-79,SZUA-79,Acidulodesulfobacterales,Acidulodesulfobacteraceae,Acididesulfobacter,Acididesulfobacter sp021809845,0,0,0,0,0,0,0,0,0,2,0,1,0,0,1,0,0,2,0
GCA_021810565.1,Bacteria,Bacillota_E,JAJZIM01,JAJZIM01,JAJZIM01,JAJZIM01,JAJZIM01 sp021810565,0,0,0,0,0,0,0,0,0,2,0,1,0,1,1,1,0,1,0
GCA_021811105.1,Bacteria,Nitrospirota,Thermodesulfovibrionia,Thermodesulfovibrionales,UBA6898,Sulfobium,Sulfobium sp021811105,0,0,1,0,0,0,0,0,0,2,0,1,0,3,3,0,0,5,0
GCA_021811225.1,Bacteria,Pseudomonadota,Gammaproteobacteria,Burkholderiales,Rhodocyclaceae,CAIYYX01,CAIYYX01 sp021811225,0,0,0,0,1,0,0,0,0,2,0,3,0,2,1,0,0,2,0
GCA_021811385.1,Bacteria,Desulfobacterota,Desulfobulbia,Desulfobulbales,Desulfurivibrionaceae,UBA2262,UBA2262 sp021811385,0,0,2,0,0,0,0,0,0,2,0,1,0,2,1,0,0,5,0
GCA_021812245.1,Bacteria,SZUA-79,SZUA-79,Acidulodesulfobacterales,Acidulodesulfobacteraceae,Acidulodesulfobacterium_A,Acidulodesulfobacterium_A sp021812245,0,0,0,0,0,0,0,0,0,2,0,1,0,0,1,0,0,4,0
GCA_021812385.1,Bacteria,Pseudomonadota,Gammaproteobacteria,Burkholderiales,RBG-16-58-11,RBG-16-58-11,RBG-16-58-11 sp021812385,0,0,0,0,2,0,0,0,0,2,0,2,0,3,2,1,0,5,0
GCA_021813405.1,Bacteria,Nitrospirota,Thermodesulfovibrionia,Thermodesulfovibrionales,JdFR-88,JAKAKS01,JAKAKS01 sp021813405,0,0,0,0,0,0,0,0,0,2,0,1,0,0,2,0,0,2,0
GCA_021813445.1,Bacteria,Desulfobacterota,Desulfobaccia,Desulfobaccales,0-14-0-80-60-11,SURF-52,SURF-52 sp021813445,0,0,1,0,0,0,0,0,0,1,0,3,0,1,2,0,0,4,0
GCA_021813525.1,Bacteria,SZUA-79,SZUA-79,Acidulodesulfobacterales,Acidulodesulfobacteraceae,Acidulodesulfobacterium_A,Acidulodesulfobacterium_A sp021813525,0,0,0,0,0,0,0,0,0,1,0,0,0,0,0,0,0,2,0
GCA_021813595.1,Bacteria,SZUA-79,SZUA-79,Acidulodesulfobacterales,Acidulodesulfobacteraceae,Acidulodesulfobacterium_A,Acidulodesulfobacterium_A sp021813595,0,0,0,0,0,0,0,0,0,2,0,1,0,1,1,0,0,3,0
GCA_021813805.1,Bacteria,Pseudomonadota,Alphaproteobacteria,Rhizobiales,Beijerinckiaceae,Rhodoblastus,Rhodoblastus sp021813805,0,0,0,2,2,0,0,0,0,2,0,3,0,5,3,1,0,5,0
GCA_021814475.1,Bacteria,Nitrospirota,Thermodesulfovibrionia,Thermodesulfovibrionales,UBA6898,PALSA-1316,PALSA-1316 sp021814475,0,0,1,0,0,0,0,0,0,2,0,2,0,2,3,0,0,3,0
GCA_021814615.1,Bacteria,Nitrospirota,UBA9217,UBA9217,UBA9217,JAKAHZ01,JAKAHZ01 sp021814615,0,0,0,0,0,0,0,0,0,2,0,1,0,2,3,0,0,4,0
GCA_021816425.1,Bacteria,Pseudomonadota,Gammaproteobacteria,Acidiferrobacterales,Acidiferrobacteraceae,Acidiferrobacter,Acidiferrobacter sp021816425,0,0,0,0,2,0,0,0,0,1,0,0,0,1,1,0,0,4,0
GCA_021816465.1,Bacteria,Nitrospirota_A,Leptospirillia,Leptospirillales,Leptospirillaceae,Leptospirillum,Leptospirillum sp021816465,0,0,0,0,0,0,0,0,0,1,0,0,0,2,2,0,0,1,0
GCA_021818185.1,Bacteria,Pseudomonadota,Alphaproteobacteria,Rhodospirillales,Magnetospirillaceae,JAKAFA01,JAKAFA01 sp021818185,0,0,0,2,1,0,0,0,0,2,0,1,0,3,4,0,0,5,0
GCA_021818985.1,Bacteria,SZUA-79,SZUA-79,Acidulodesulfobacterales,Acidulodesulfobacteraceae,JAKASO01,JAKASO01 sp021818985,0,0,0,0,0,0,0,0,0,2,0,0,0,0,1,0,0,3,0
GCA_021819245.1,Bacteria,Pseudomonadota,Gammaproteobacteria,Acidiferrobacterales,Acidiferrobacteraceae,Acidiferrobacter,Acidiferrobacter sp021819245,0,0,0,0,2,0,0,0,0,2,0,1,0,0,1,0,0,1,0
GCA_021819435.1,Bacteria,Pseudomonadota,Gammaproteobacteria,Burkholderiales,Burkholderiaceae_B,Aquabacterium,Aquabacterium sp021819435,0,0,0,1,0,0,0,0,0,2,0,0,0,2,4,0,0,1,0
GCA_021821185.1,Bacteria,Bacillota,Bacilli,Alicyclobacillales,Acidibacillaceae,JAKACU01,JAKACU01 sp021821185,0,0,0,0,0,1,0,0,0,1,0,1,0,1,1,1,0,2,0
GCA_021822005.1,Bacteria,Desulfobacterota,Desulfobulbia,Desulfobulbales,Desulfurivibrionaceae,UBA2262,UBA2262 sp021822005,0,0,2,0,0,0,0,0,0,1,0,1,0,2,1,0,0,4,0
GCA_021822485.1,Bacteria,SZUA-79,SZUA-79,Acidulodesulfobacterales,Acidulodesulfobacteraceae,Acidulodesulfobacterium_A,Acidulodesulfobacterium_A sp021822485,0,0,0,0,0,0,0,0,0,1,0,1,0,0,1,0,0,2,0
GCA_021822625.1,Bacteria,SZUA-79,SZUA-79,Acidulodesulfobacterales,Acidulodesulfobacteraceae,Acididesulfobacter,Acididesulfobacter sp021822625,0,0,0,0,0,0,0,0,0,2,0,1,0,0,1,0,0,3,0
GCA_021824175.1,Bacteria,Desulfobacterota,Desulfobacteria,Desulfobacterales,Desulfosarcinaceae,Desulfatitalea,Desulfatitalea sp021824175,0,0,1,0,0,0,0,0,0,2,0,3,0,3,3,1,0,3,0
GCA_021825295.1,Bacteria,Nitrospirota,Thermodesulfovibrionia,Thermodesulfovibrionales,JdFR-88,JAJYGJ01,JAJYGJ01 sp021825295,0,0,0,0,0,0,0,0,0,2,0,1,0,1,3,1,0,3,0
GCA_021825865.1,Bacteria,SZUA-79,SZUA-79,Acidulodesulfobacterales,Acidulodesulfobacteraceae,Acididesulfobacter,Acididesulfobacter sp021825865,0,0,0,0,0,0,0,0,0,2,0,0,0,0,1,0,0,3,0
GCA_021827365.1,Bacteria,Nitrospirota_A,Leptospirillia,Leptospirillales,Leptospirillaceae,UBA4572,UBA4572 sp021827365,0,0,0,0,0,1,0,0,0,1,0,1,0,0,1,0,0,2,0
GCA_021828255.1,Bacteria,SZUA-79,SZUA-79,Acidulodesulfobacterales,Acidulodesulfobacteraceae,Acidulodesulfobacterium_A,Acidulodesulfobacterium_A sp021828255,0,0,0,0,0,0,0,0,0,2,0,0,0,1,1,0,0,1,0
GCA_021828375.1,Bacteria,Nitrospirota_A,Leptospirillia,Leptospirillales,Leptospirillaceae,UBA4572,UBA4572 sp021828375,0,0,0,0,0,1,0,0,0,1,0,1,0,1,2,0,0,3,0
GCA_021828445.1,Bacteria,SZUA-79,SZUA-79,Acidulodesulfobacterales,Acidulodesulfobacteraceae,Acidulodesulfobacterium_A,Acidulodesulfobacterium_A sp021828445,0,0,0,0,0,0,0,0,0,1,0,1,0,1,1,0,0,3,0
GCA_021835845.1,Bacteria,Pseudomonadota,Gammaproteobacteria,Burkholderiales,JABEVD01,JABEVD01,JABEVD01 sp021835845,0,0,0,0,2,0,0,0,0,2,0,1,0,0,1,0,0,3,0
GCA_021840555.1,Bacteria,Nitrospirota_A,Leptospirillia,Leptospirillales,Leptospirillaceae,UBA4572,UBA4572 sp021840555,0,0,0,0,0,1,0,0,0,1,0,1,0,1,2,0,0,3,0
GCA_021842465.1,Bacteria,Pseudomonadota,Gammaproteobacteria,Burkholderiales,Burkholderiaceae_A,GJ-E10,GJ-E10 sp021842465,0,0,0,0,2,0,0,0,0,2,0,2,0,0,3,0,0,2,0
GCA_021845685.1,Bacteria,SZUA-79,SZUA-79,Acidulodesulfobacterales,Acidulodesulfobacteraceae,Acididesulfobacter,Acididesulfobacter sp021845685,0,0,0,0,0,0,0,0,0,2,0,1,0,0,1,0,0,2,0
GCA_021845885.1,Bacteria,Pseudomonadota,Gammaproteobacteria,Burkholderiales,JABEVD01,JABEVD01,JABEVD01 sp021845885,0,0,0,0,1,0,0,0,0,2,0,1,0,2,0,0,0,4,0
GCA_021847015.1,Bacteria,Pseudomonadota,Alphaproteobacteria,Rhodospirillales,Magnetospirillaceae,JAJZVW01,JAJZVW01 sp021847015,0,0,0,0,2,0,0,0,0,2,0,3,0,4,3,0,0,6,0
GCA_021847425.1,Bacteria,Desulfobacterota,Desulfobulbia,Desulfobulbales,Desulfurivibrionaceae,UBA2262,UBA2262 sp021847425,0,0,0,0,0,0,0,0,0,2,0,1,0,2,1,0,0,4,0
GCA_021848385.1,Bacteria,Desulfobacterota_F,Desulfuromonadia,Geobacterales,Geobacteraceae,Geomobilimonas,Geomobilimonas sp021848385,0,0,0,0,0,0,0,0,0,1,0,3,0,3,2,0,0,1,0
GCA_021848465.1,Bacteria,Pseudomonadota,Gammaproteobacteria,Burkholderiales,Gallionellaceae,JAJZUP01,JAJZUP01 sp021848465,0,0,0,0,1,0,0,0,0,1,0,0,0,1,2,0,0,2,0
GCA_021848705.1,Bacteria,Pseudomonadota,Gammaproteobacteria,Burkholderiales,JABEVD01,JABEVD01,JABEVD01 sp021848705,0,0,0,0,1,0,0,0,0,1,0,2,0,1,3,0,0,3,0
GCA_021849745.1,Bacteria,Bacillota_B,GCA-003054495,Carboxydocellales,JAJZSN01,JAJZSN01,JAJZSN01 sp021849745,0,0,1,0,0,0,0,0,0,2,0,3,0,3,0,0,0,2,0
GCA_021849995.1,Bacteria,Bacillota_B,Desulfitobacteriia,Desulfitobacteriales,Desulfitobacteriaceae,JAJZSC01,JAJZSC01 sp021849995,0,0,1,0,0,0,0,0,0,1,0,6,0,3,0,0,0,3,0
GCA_022072095.1,Bacteria,Pseudomonadota,Gammaproteobacteria,Burkholderiales,Rhodocyclaceae,JAJVIJ01,JAJVIJ01 sp022072095,0,0,0,0,0,0,0,0,0,2,0,0,0,4,1,1,0,1,0
GCA_022241785.1,Bacteria,Cyanobacteriota,Cyanobacteriia,Cyanobacteriales,Nostocaceae,Nodularia,Nodularia sp022241785,0,0,0,2,1,0,0,0,0,2,0,1,0,1,2,0,0,2,0
GCA_022340425.1,Bacteria,Desulfobacterota,Desulfobacteria,Desulfobacterales,JAABRJ01,JAABRJ01,JAABRJ01 sp022340425,0,0,1,0,0,0,0,0,0,2,0,2,0,1,2,0,0,4,0
GCA_022340605.1,Bacteria,Pseudomonadota,Gammaproteobacteria,Chromatiales,Chromatiaceae,Thiohalocapsa,Thiohalocapsa sp022340605,0,0,0,2,2,0,0,0,0,2,0,2,0,2,3,0,0,4,0
GCA_022360135.1,Bacteria,Cyanobacteriota,Cyanobacteriia,Phormidesmiales,Phormidesmiaceae,JAKSDM01,JAKSDM01 sp022360135,0,0,0,1,1,0,0,0,0,2,0,1,1,2,2,0,1,3,0
GCA_022360275.1,Bacteria,Bacteroidota,Chlorobia,Chlorobiales,Chlorobiaceae,Chlorobium_A,Chlorobium_A sp022360275,0,0,0,0,1,0,0,0,0,1,0,1,0,0,1,0,0,3,0
GCA_022360955.1,Bacteria,Bacillota_A,Clostridia,SK-Y3,SK-Y3,JAKSBV01,JAKSBV01 sp022360955,0,0,0,0,0,0,0,0,0,1,0,3,0,1,0,0,0,1,0
GCA_022361075.1,Bacteria,Verrucomicrobiota,Verrucomicrobiae,Opitutales,JAFGAQ01,JAKSBQ01,JAKSBQ01 sp022361075,0,0,0,0,0,0,0,0,0,2,0,1,0,2,2,0,0,0,0
GCA_022361535.1,Bacteria,Desulfobacterota,Desulfobacteria,Desulfobacterales,Desulfobacteraceae,Desulfobacter,Desulfobacter sp022361535,0,0,0,1,0,0,0,0,0,2,0,3,0,2,3,0,0,3,0
GCA_022482905.1,Bacteria,Bacillota_A,Clostridia,Clostridiales,Clostridiaceae,Clostridium_B,Clostridium_B sp022482905,0,0,0,1,0,0,0,0,0,1,0,1,0,0,0,0,0,1,0
GCA_022565335.1,Bacteria,Verrucomicrobiota,Verrucomicrobiae,Opitutales,T3Sed10-336,JAIUMY01,JAIUMY01 sp022565335,0,0,0,0,0,0,0,0,0,2,0,1,0,0,1,0,0,0,0
GCA_022640795.1,Bacteria,Spirochaetota,Spirochaetia,Treponematales,Treponemataceae,Treponema_D,Treponema_D sp022640795,0,0,0,0,0,0,0,0,0,1,0,3,0,0,0,0,1,0,0
GCA_022702935.2,Bacteria,Bacillota_A,Clostridia,Acetivibrionales_A,DSM-8532,DTU059,DTU059 sp002376415,0,0,0,0,0,0,0,0,0,1,0,4,0,0,0,0,1,1,0
GCA_022703965.1,Bacteria,Verrucomicrobiota,Lentisphaeria,Victivallales,UBA1829,JAKJHH01,JAKJHH01 sp022703965,0,0,0,0,0,0,0,0,0,1,0,3,0,0,0,0,0,0,0
GCA_022704645.1,Bacteria,Spirochaetota,UBA4802,UBA4802,JAFGJZ01,JAKJGA01,JAKJGA01 sp022704645,0,0,0,0,0,0,0,0,0,1,0,3,0,0,0,0,0,0,0
GCA_022709365.1,Bacteria,Pseudomonadota,Gammaproteobacteria,Competibacterales,Competibacteraceae,UBA2383,UBA2383 sp022709365,0,0,0,1,0,0,0,0,0,2,0,1,0,5,2,1,0,2,0
GCA_022712835.1,Bacteria,Desulfobacterota,Desulfobacteria,Desulfobacterales,Desulfobacteraceae,NBML01,NBML01 sp022712835,0,0,2,0,0,0,0,0,0,2,0,1,0,2,2,0,0,4,0
GCA_022712975.1,Bacteria,Desulfobacterota,Desulfobulbia,Desulfobulbales,Desulfocapsaceae,Desulfocapsa,Desulfocapsa sp022712975,0,0,0,0,0,0,0,0,0,2,0,1,0,1,1,0,0,4,0
GCA_022729735.1,Bacteria,Campylobacterota,Campylobacteria,Campylobacterales,DZAY01,DZAY01,DZAY01 sp022729735,0,0,0,1,1,0,0,0,0,1,0,1,0,0,1,0,0,2,0
GCA_022729755.1,Bacteria,Campylobacterota,Campylobacteria,Campylobacterales,BB28,BB28,BB28 sp022729755,0,0,0,0,1,0,0,0,0,1,0,0,0,0,1,1,0,0,0
GCA_022735835.1,Bacteria,Bacillota_B,Thermincolia,Thermincolales,UBA2595,UBA2595,UBA2595 sp022735835,0,0,0,0,0,0,0,0,0,1,0,4,0,1,0,0,0,0,0
GCA_022766165.1,Bacteria,Desulfobacterota,Desulfobulbia,Desulfobulbales,Desulfobulbaceae,Electrothrix,Electrothrix sp022766165,0,0,0,0,0,0,0,0,0,2,0,0,0,1,1,0,0,4,0
GCA_022837185.1,Bacteria,Desulfobacterota,Desulfobulbia,Desulfobulbales,Desulfobulbaceae,UBA10518,UBA10518 sp022837185,0,0,2,0,0,0,0,0,0,2,0,1,0,3,1,0,0,5,0
GCA_022837365.1,Bacteria,Desulfobacterota,Desulfovibrionia,Desulfovibrionales,Desulfovibrionaceae,Cupidesulfovibrio,Cupidesulfovibrio sp022837365,0,0,0,0,0,0,0,0,0,2,0,1,0,3,2,0,0,3,0
GCA_022839045.1,Bacteria,Bacillota_C,Negativicutes,Sporomusales_B,UBA7701,SL1-B47,SL1-B47 sp022839045,0,0,1,0,0,0,0,0,0,2,0,5,0,0,1,0,1,3,0
GCA_022839785.1,Bacteria,Desulfobacterota,Desulfovibrionia,Desulfovibrionales,Desulfovibrionaceae,Desulfohalovibrio,Desulfohalovibrio sp022839785,0,0,1,0,0,0,0,0,0,2,0,2,0,2,2,0,0,3,0
GCA_022842305.1,Bacteria,Pseudomonadota,Gammaproteobacteria,Burkholderiales,Burkholderiaceae_B,Rubrivivax,Rubrivivax sp022842305,0,0,2,2,1,0,0,0,0,2,0,1,0,3,2,0,0,6,0
GCA_022870705.1,Bacteria,Bacillota_A,Clostridia,Oscillospirales,Oscillospiraceae,Sporobacter,Sporobacter sp022870705,0,0,0,0,0,0,0,0,0,1,0,2,0,0,1,0,0,1,0
GCA_023139575.1,Bacteria,Omnitrophota,Koll11,Zapsychrales,JANLHA01,JAGLNJ01,JAGLNJ01 sp023139575,0,0,0,1,0,0,0,0,0,1,0,1,0,0,0,0,0,1,0
GCA_023143455.1,Bacteria,Desulfobacterota,Desulfobacteria,Desulfobacterales,Desulfobacteraceae,JAIOSM01,JAIOSM01 sp023143455,0,0,1,0,0,0,0,0,0,1,0,1,0,1,1,0,1,3,0
GCA_023150065.1,Bacteria,Pseudomonadota,Gammaproteobacteria,Burkholderiales,Rhodocyclaceae,Zoogloea,Zoogloea sp023150065,0,0,0,4,0,0,0,0,0,2,0,1,0,5,3,0,0,2,0
GCA_023150095.1,Bacteria,Pseudomonadota,Gammaproteobacteria,Burkholderiales,Rhodocyclaceae,Zoogloea,Zoogloea sp023150095,0,0,0,4,0,0,0,0,0,2,0,3,0,5,3,0,0,2,0
GCA_023228165.1,Bacteria,Pseudomonadota,Gammaproteobacteria,Methylococcales,Methylomonadaceae,Methylomonas,Methylomonas sp023228165,0,0,0,3,0,0,0,0,0,1,0,3,0,4,3,1,0,3,0
GCA_023228295.1,Archaea,Halobacteriota,Methanomicrobia,Methanomicrobiales,Methanoregulaceae,Methanoregula,Methanoregula sp023228295,0,0,0,2,0,0,0,0,0,2,0,1,0,0,0,0,0,0,0
GCA_023229165.1,Archaea,Halobacteriota,Methanosarcinia,Methanotrichales,Methanotrichaceae,Methanothrix,Methanothrix sp023229165,0,0,0,2,1,0,0,0,0,1,0,0,0,1,0,0,0,0,0
GCA_023229545.1,Bacteria,Pseudomonadota,Gammaproteobacteria,Burkholderiales,Rhodocyclaceae,Sulfuritalea,Sulfuritalea sp023229545,0,0,2,0,1,0,0,0,0,2,0,3,0,4,2,0,0,3,0
GCA_023229605.1,Bacteria,Pseudomonadota,Gammaproteobacteria,Methylococcales,Methylomonadaceae,Methylobacter_A,Methylobacter_A sp023229605,0,0,0,4,0,0,0,0,0,2,0,3,0,3,2,0,0,3,0
GCA_023229795.1,Bacteria,Desulfobacterota,Desulfobaccia,Desulfobaccales,0-14-0-80-60-11,0-14-0-80-60-11,0-14-0-80-60-11 sp023229795,0,0,1,0,0,0,0,0,0,1,0,2,0,2,3,0,0,4,0
GCA_023229845.1,Bacteria,Pseudomonadota,Gammaproteobacteria,Burkholderiales,Gallionellaceae,Gallionella,Gallionella sp023229845,0,0,0,0,1,0,0,0,0,2,0,3,0,4,1,0,0,5,0
GCA_023229925.1,Bacteria,Pseudomonadota,Gammaproteobacteria,Acidithiobacillales,Acidithiobacillaceae,Acidithiobacillus,Acidithiobacillus sp023229925,0,0,0,1,2,0,0,0,0,2,0,1,0,1,1,0,0,4,0
GCA_023231425.1,Bacteria,Desulfobacterota,Desulfobulbia,Desulfobulbales,Desulfocapsaceae,Desulforhopalus,Desulforhopalus sp023231425,0,0,0,0,0,0,0,0,0,2,0,1,0,1,1,0,0,4,0
GCA_023231445.1,Bacteria,Spirochaetota,Spirochaetia,Treponematales,Treponemataceae,Treponema_D,Treponema_D sp023231445,0,0,0,0,0,0,0,0,0,1,0,3,0,0,0,0,0,0,0
GCA_023249105.1,Archaea,Halobacteriota,Methanosarcinia,Methanosarcinales,Methanoperedenaceae,Methanoperedens,Methanoperedens sp023249105,0,0,2,2,0,0,0,0,0,2,0,2,0,0,0,0,0,1,0
GCA_023249725.1,Archaea,Methanobacteriota,Methanobacteria,Methanobacteriales,Methanobacteriaceae,UBA349,UBA349 sp023249725,0,0,0,2,0,0,0,0,0,1,0,2,0,1,0,0,0,0,0
GCA_023250475.1,Bacteria,Campylobacterota,Campylobacteria,Campylobacterales,Sulfurimonadaceae,Sulfuricurvum,Sulfuricurvum sp023250475,0,0,1,0,1,0,0,0,0,1,0,1,0,3,1,1,0,2,0
GCA_023251455.1,Bacteria,Bacteroidota,Bacteroidia,Bacteroidales,Prolixibacteraceae,UBA6024,UBA6024 sp023251455,0,0,0,0,0,0,0,0,0,2,0,3,0,2,3,0,0,1,0
GCA_023266195.1,Bacteria,Pseudomonadota,Gammaproteobacteria,Burkholderiales,Sulfuricellaceae,Sulfuricella,Sulfuricella sp023266195,0,0,0,1,1,0,0,0,0,2,0,3,0,5,2,0,0,4,0
GCA_023269675.1,Bacteria,Verrucomicrobiota,Kiritimatiellia,RFP12,UBA1067,JAHFSX01,JAHFSX01 sp023269675,0,0,0,0,0,0,0,0,0,1,0,5,0,1,1,0,0,0,0
GCA_023356605.1,Bacteria,Cyanobacteriota,Cyanobacteriia,Cyanobacteriales,Microcoleaceae,Trichodesmium,Trichodesmium sp023356605,0,0,0,1,1,0,0,0,0,1,0,1,0,1,1,0,0,1,0
GCA_023381645.1,Bacteria,Pseudomonadota,Gammaproteobacteria,Acidithiobacillales,Acidithiobacillaceae,Acidithiobacillus,Acidithiobacillus sp023381645,0,0,0,0,2,0,0,0,0,2,0,2,0,0,1,0,0,3,0
GCA_023381945.1,Bacteria,Desulfobacterota,Desulfobaccia,Desulfobaccales,0-14-0-80-60-11,0-14-0-80-60-11,0-14-0-80-60-11 sp023381945,0,0,1,0,0,0,0,0,0,1,0,2,0,1,2,0,0,4,0
GCA_023386315.1,Bacteria,Bacillota_A,Clostridia,Lachnospirales,Lachnospiraceae,Lacrimispora,Lacrimispora sp023386315,0,0,0,0,0,0,0,0,0,1,0,6,0,0,0,0,1,2,0
GCA_023386815.1,Bacteria,Bacillota_A,Clostridia,Lachnospirales,Lachnospiraceae,Mobilitalea,Mobilitalea sp023386815,0,0,0,0,0,0,0,0,0,1,0,5,0,0,0,0,1,2,0
GCA_023388055.1,Bacteria,Bacillota,Bacilli,Paenibacillales,NBRC-103111,YN15,YN15 sp023388055,0,0,0,0,0,1,0,0,0,1,0,3,0,3,3,1,0,0,0
GCA_023388195.1,Bacteria,Bacillota_C,Negativicutes,Sporomusales,Sporomusaceae,Sporomusa,Sporomusa sp023388195,0,0,0,0,0,0,0,0,0,2,0,8,0,2,1,0,1,1,0
GCA_023388635.1,Bacteria,Bacillota,Bacilli,Desulfuribacillales,Desulfuribacillaceae,JAEWFW01,JAEWFW01 sp023388635,0,0,2,0,0,0,0,0,0,1,0,2,0,2,1,0,0,2,0
GCA_023390115.1,Bacteria,Bacillota_A,Clostridia,Acetivibrionales,QPJT01,Anaerobacterium,Anaerobacterium sp023390115,0,0,0,0,0,0,0,0,0,1,0,4,0,0,0,0,0,1,0
GCA_023390335.1,Bacteria,Bacillota_A,Clostridia,Acetivibrionales,DSM-27016,Ruminiclostridium,Ruminiclostridium sp023390335,0,0,0,0,0,0,0,0,0,1,0,4,0,0,0,0,0,1,0
GCA_023390395.1,Bacteria,Desulfobacterota,Desulfovibrionia,Desulfovibrionales,Desulfovibrionaceae,Solidesulfovibrio,Solidesulfovibrio sp023390395,0,0,0,0,0,0,0,0,0,2,0,4,0,3,2,0,0,3,0
GCA_023390635.1,Bacteria,Bacillota_B,Desulfitobacteriia,Desulfitobacteriales,Desulfitobacteriaceae,JAEWCM01,JAEWCM01 sp023390635,0,0,0,0,0,0,0,0,0,2,0,3,0,0,1,0,0,1,0
GCA_023391425.1,Bacteria,Bacillota_A,Clostridia,Acetivibrionales,DSM-27016,Ruminiclostridium,Ruminiclostridium sp023391425,0,0,0,0,0,0,0,0,0,1,0,5,0,0,0,0,0,0,0
GCA_023391695.1,Bacteria,Bacillota_A,Clostridia,Lachnospirales,Lachnospiraceae,Anaerocolumna,Anaerocolumna sp023391695,0,0,0,0,0,0,0,0,0,1,0,6,0,1,0,0,0,2,0
GCA_023392075.1,Bacteria,Bacillota_A,Clostridia,Acetivibrionales,DSM-27016,Ruminiclostridium,Ruminiclostridium sp023392075,0,0,0,0,0,0,0,0,0,1,0,4,0,1,0,0,0,0,0
GCA_023392535.1,Bacteria,Bacillota_A,Clostridia,Lachnospirales,Lachnospiraceae,SZUA-378,SZUA-378 sp023392535,0,0,0,0,0,0,0,0,0,1,0,1,0,0,0,0,0,0,0
GCA_023392595.1,Bacteria,Bacillota_G,UBA4882,UBA8346,UBA8346,UBA8346,UBA8346 sp023392595,0,0,0,0,0,0,0,0,0,1,0,4,0,0,0,0,1,1,0
GCA_023393015.1,Bacteria,Spirochaetota,Spirochaetia,Treponematales,Treponemataceae,Spiro-10,Spiro-10 sp023393015,0,0,0,0,0,0,0,0,0,1,0,5,0,0,0,0,0,0,0
GCA_023393115.1,Bacteria,Bacillota_A,Clostridia,Acetivibrionales,DSM-27016,Ruminiclostridium,Ruminiclostridium sp023393115,0,0,0,0,0,0,0,0,0,1,0,5,0,1,0,0,0,0,0
GCA_023393125.1,Bacteria,Bacillota_A,Clostridia,Lachnospirales,Cellulosilyticaceae,Cellulosilyticum,Cellulosilyticum sp023393125,0,0,0,0,0,0,0,0,0,1,0,3,0,1,0,0,1,2,0
GCA_023393165.1,Bacteria,Bacillota_A,Clostridia,Christensenellales,Christensenellaceae,JAEYKI01,JAEYKI01 sp023393165,0,0,0,0,0,0,0,0,0,1,0,6,0,0,0,0,1,0,0
GCA_023395255.1,Bacteria,Deferribacterota,Deferribacteres,Deferribacterales,Denitrovibrionaceae,Geovibrio,Geovibrio sp023395255,0,0,2,0,0,0,0,0,0,1,0,1,0,2,2,1,0,2,0
GCA_023396065.1,Archaea,Halobacteriota,Methanomicrobia,Methanomicrobiales,Methanocorpusculaceae,Methanocorpusculum,Methanocorpusculum sp023396065,0,0,0,2,0,0,0,0,0,1,0,2,0,0,0,0,0,0,0
GCA_023396465.1,Bacteria,Pseudomonadota,Alphaproteobacteria,Rhodospirillales,Rhodospirillaceae,Caenispirillum,Caenispirillum sp023396465,0,0,0,0,0,0,0,0,0,1,0,1,1,4,3,0,0,0,0
GCA_023396665.1,Bacteria,Spirochaetota,UBA4802,UBA4802,JAFGJZ01,JAEWVL01,JAEWVL01 sp023396665,0,0,0,0,0,0,0,0,0,1,0,2,0,0,0,0,1,0,0
GCA_023397655.1,Bacteria,Bacillota_A,Clostridia,Christensenellales,SZUA-584,SZUA-584,SZUA-584 sp023397655,0,0,0,0,0,0,0,0,0,1,0,3,0,0,0,0,1,0,0
GCA_023398105.1,Bacteria,Bacillota_A,Clostridia,Acetivibrionales,DSM-27016,Ruminiclostridium,Ruminiclostridium sp023398105,0,0,0,0,0,0,0,0,0,1,0,4,0,0,0,0,0,1,0
GCA_023398375.1,Bacteria,Bacillota_A,Clostridia,Lachnospirales,Lachnospiraceae,SZUA-378,SZUA-378 sp023398375,0,0,0,0,0,0,0,0,0,1,0,2,0,0,0,0,0,0,0
GCA_023398495.1,Bacteria,Bacillota_A,Clostridia,Acetivibrionales,Acetivibrionaceae,Acetivibrio,Acetivibrio sp023398495,0,0,0,0,0,0,0,0,0,1,0,5,0,0,0,0,1,2,0
GCA_023399055.1,Bacteria,Bacillota_A,Clostridia,Lachnospirales,Lachnospiraceae,Mobilitalea,Mobilitalea sp023399055,0,0,0,0,0,0,0,0,0,1,0,5,0,0,0,0,0,0,0
GCA_023399215.1,Archaea,Halobacteriota,Methanosarcinia,Methanosarcinales,Methanosarcinaceae,Methanosarcina,Methanosarcina sp023399215,0,0,0,2,0,0,0,0,0,1,0,2,0,1,1,0,0,0,0
GCA_023399355.1,Bacteria,Bacillota_A,Clostridia,Acetivibrionales,DTU013,UBA1305,UBA1305 sp023399355,0,0,0,0,0,0,0,0,0,1,0,5,0,1,0,0,1,1,0
GCA_023399375.1,Bacteria,Desulfobacterota,Desulfovibrionia,Desulfovibrionales,Desulfovibrionaceae,Solidesulfovibrio,Solidesulfovibrio sp023399375,0,0,0,0,0,0,0,0,0,2,0,4,0,4,2,0,0,4,0
GCA_023399455.1,Bacteria,Bacillota_A,Clostridia,Lachnospirales,Lachnospiraceae,Kineothrix,Kineothrix sp023399455,0,0,0,0,0,0,0,0,0,1,0,2,0,0,0,0,0,0,0
GCA_023400055.1,Bacteria,Bacillota_G,UBA4882,UBA8346,UBA8346,Hydrogenispora,Hydrogenispora sp023400055,0,0,0,0,0,0,0,0,0,1,0,4,0,0,0,0,1,1,0
GCA_023402395.1,Bacteria,Bacillota_G,UBA4882,UBA8346,UBA8346,JAEYGI01,JAEYGI01 sp023402395,0,0,1,0,0,0,0,0,0,1,0,3,0,0,0,0,1,1,0
GCA_023402845.1,Bacteria,Bacillota_A,Clostridia,Lachnospirales,Lachnospiraceae,JAEYFP01,JAEYFP01 sp023402845,0,0,0,0,0,0,0,0,0,1,0,2,0,0,0,0,1,1,0
GCA_023406985.1,Bacteria,Spirochaetota,Spirochaetia,Treponematales,Breznakiellaceae,JAEXTK01,JAEXTK01 sp023406985,0,0,0,0,0,0,0,0,0,1,0,5,0,0,1,0,0,0,0
GCA_023408075.1,Bacteria,Bacillota_A,Clostridia,Christensenellales,SZUA-584,SZUA-584,SZUA-584 sp023408075,0,0,0,0,0,0,0,0,0,1,0,4,0,0,0,0,1,0,0
GCA_023408315.1,Bacteria,Bacillota_A,Clostridia,Christensenellales,Christensenellaceae,JAEYKI01,JAEYKI01 sp023408315,0,0,0,0,0,0,0,0,0,1,0,5,0,0,0,0,1,1,0
GCA_023408815.1,Bacteria,Bacillota_A,Clostridia,Lachnospirales,Lachnospiraceae,Kineothrix,Kineothrix sp023408815,0,0,0,0,0,0,0,0,0,1,0,2,0,0,0,0,0,0,0
GCA_023409435.1,Bacteria,Bacillota_A,Clostridia,Christensenellales,CAG-138,JAEYLA01,JAEYLA01 sp023409435,0,0,0,0,0,0,0,0,0,1,0,3,0,0,0,0,1,0,0
GCA_023409535.1,Bacteria,Bacillota_A,Clostridia,Lachnospirales,Lachnospiraceae,Mobilitalea,Mobilitalea sp023409535,0,0,0,0,0,0,0,0,0,1,0,5,0,0,0,0,0,0,0
GCA_023409695.1,Archaea,Methanobacteriota,Methanobacteria,Methanobacteriales,Methanobacteriaceae,Methanobacterium_D,Methanobacterium_D sp023409695,0,0,0,2,0,0,0,0,0,0,0,1,0,0,0,0,0,0,0
GCA_023409835.1,Bacteria,Bacillota_A,Clostridia,Lachnospirales,Lachnospiraceae,Mobilitalea,Mobilitalea sp023409835,0,0,0,0,0,0,0,0,0,1,0,5,0,0,0,0,0,1,0
GCA_023410055.1,Bacteria,Acidobacteriota,Terriglobia,Terriglobales,JAEZPW01,JAEZPW01,JAEZPW01 sp023410055,0,0,0,0,1,1,0,0,0,2,0,1,0,1,2,0,0,1,0
GCA_023410575.1,Bacteria,Bacillota_A,Clostridia,Lachnospirales,Lachnospiraceae,Lachnoclostridium,Lachnoclostridium sp023410575,0,0,0,0,0,0,0,0,0,1,0,5,0,0,0,0,0,1,0
GCA_023411035.1,Bacteria,Pseudomonadota,Alphaproteobacteria,Azospirillales,Azospirillaceae,Azospirillum,Azospirillum sp023411035,0,0,0,2,1,0,0,0,0,2,0,1,0,2,4,0,0,1,0
GCA_023411115.1,Archaea,Methanobacteriota,Methanobacteria,Methanobacteriales,Methanobacteriaceae,Methanobacterium_D,Methanobacterium_D sp023411115,0,0,0,2,0,0,0,0,0,1,0,2,0,0,0,0,0,0,0
GCA_023411575.1,Bacteria,Bacillota_A,Clostridia,Acetivibrionales,DTU013,UBA1305,UBA1305 sp023411575,0,0,0,0,0,0,0,0,0,1,0,4,0,0,0,0,1,0,0
GCA_023412215.1,Bacteria,Bacillota_A,Clostridia,Oscillospirales,Ruminococcaceae,Acetanaerobacterium,Acetanaerobacterium sp023412215,0,0,0,0,0,0,0,0,0,1,0,4,0,0,0,0,0,0,0
GCA_023412495.1,Bacteria,Desulfobacterota,Desulfobulbia,Desulfobulbales,Desulfocapsaceae,Desulforhopalus,Desulforhopalus sp023412495,0,0,2,1,0,0,0,0,0,2,0,2,0,3,3,1,0,4,0
GCA_023412915.1,Bacteria,Bacillota_A,Clostridia,Acetivibrionales,DTU013,JAEYOM01,JAEYOM01 sp023412915,0,0,0,0,0,0,0,0,0,1,0,7,0,0,0,0,1,1,0
GCA_023413185.1,Bacteria,Bacillota_A,Clostridia,Oscillospirales,Ruminococcaceae,Acetanaerobacterium,Acetanaerobacterium sp023413185,0,0,0,0,0,0,0,0,0,1,0,2,0,0,0,0,0,0,0
GCA_023414355.1,Bacteria,Bacillota_A,Clostridia,Lachnospirales,Lachnospiraceae,Mobilitalea,Mobilitalea sp023414355,0,0,0,0,0,0,0,0,0,1,0,6,0,0,0,0,1,0,0
GCA_023414985.1,Bacteria,Bacillota_A,Clostridia,Lachnospirales,Lachnospiraceae,Mobilitalea,Mobilitalea sp023414985,0,0,0,0,0,0,0,0,0,0,0,6,0,0,0,0,0,1,0
GCA_023415205.1,Bacteria,Bacillota_A,Clostridia,Acetivibrionales_A,DSM-8532,DTU059,DTU059 sp023415205,0,0,0,0,0,0,0,0,0,1,0,4,0,0,0,0,1,1,0
GCA_023415305.1,Bacteria,Bacillota_A,Clostridia,Acetivibrionales,DSM-27016,Ruminiclostridium,Ruminiclostridium sp023415305,0,0,0,0,0,0,0,0,0,1,0,6,0,1,0,0,0,0,0
GCA_023415375.1,Bacteria,Bacillota_G,UBA4882,UBA8346,UBA8346,UBA8346,UBA8346 sp023415375,0,0,0,0,0,0,0,0,0,1,0,4,0,0,0,0,1,1,0
GCA_023415475.1,Bacteria,Bacillota_A,Clostridia,Lachnospirales,Lachnospiraceae,Mobilitalea,Mobilitalea sp023415475,0,0,0,0,0,0,0,0,0,1,0,3,0,0,0,0,1,1,0
GCA_023415635.1,Bacteria,Bacillota_A,Clostridia,Lachnospirales,Lachnospiraceae,Mobilitalea,Mobilitalea sp023415635,0,0,0,0,0,0,0,0,0,1,0,3,0,0,0,0,0,0,0
GCA_023415815.1,Bacteria,Bacillota_A,Clostridia,Acetivibrionales,DTU013,JAEZJL01,JAEZJL01 sp023415815,0,0,0,0,0,0,0,0,0,1,0,4,0,1,0,0,0,1,0
GCA_023415835.1,Bacteria,Bacillota_G,UBA4882,UBA8346,UBA8346,JAAYHS01,JAAYHS01 sp023415835,0,0,0,0,0,0,0,0,0,1,0,3,0,1,0,0,0,2,0
GCA_023416275.1,Bacteria,Bacillota_A,Clostridia,Acetivibrionales,DSM-27016,Ruminiclostridium,Ruminiclostridium sp023416275,0,0,0,0,0,0,0,0,0,1,0,4,0,0,0,0,0,1,0
GCA_023416335.1,Bacteria,Desulfobacterota,Syntrophobacteria,Syntrophobacterales,Syntrophobacteraceae,SbD1,SbD1 sp023416335,0,0,1,0,0,0,0,0,0,2,0,4,0,4,2,0,1,4,0
GCA_023416695.1,Bacteria,Bacillota_A,Clostridia,Lachnospirales,Lachnospiraceae,KM106-2,KM106-2 sp023416695,0,0,0,0,0,0,0,0,0,1,0,6,0,0,0,0,0,0,0
GCA_023416955.1,Bacteria,Bacillota_A,Clostridia,Oscillospirales,Acutalibacteraceae,Caproiciproducens,Caproiciproducens sp023416955,0,0,0,0,0,0,0,0,0,1,0,4,0,0,0,0,0,1,0
GCA_023417475.1,Bacteria,Bacillota_G,UBA4882,UBA8346,UBA8346,Hydrogenispora,Hydrogenispora sp023417475,0,0,0,0,0,0,0,0,0,1,0,3,0,0,0,0,1,1,0
GCA_023417975.1,Bacteria,Bacillota_A,Clostridia,Clostridiales,Clostridiaceae,JAEZDX01,JAEZDX01 sp023417975,0,0,0,0,0,0,0,0,0,1,0,3,0,1,1,0,0,1,0
GCA_023419375.1,Bacteria,Desulfobacterota,Desulfovibrionia,Desulfovibrionales,Desulfovibrionaceae,Desulfovibrio,Desulfovibrio sp023419375,0,0,0,0,0,0,0,0,0,2,0,2,0,2,1,0,1,4,0
GCA_023420935.1,Bacteria,Bacillota_A,Clostridia,Lachnospirales,Lachnospiraceae,Mobilisporobacter,Mobilisporobacter sp023420935,0,0,0,0,0,0,0,0,0,1,0,3,0,1,0,0,0,1,0
GCA_023421075.1,Bacteria,Bacillota_A,Clostridia,Lachnospirales,Lachnospiraceae,Mobilitalea,Mobilitalea sp023421075,0,0,0,0,0,0,0,0,0,0,0,4,0,1,0,0,1,0,0
GCA_023423695.1,Bacteria,Pseudomonadota,Alphaproteobacteria,Azospirillales,Azospirillaceae,Azospirillum,Azospirillum sp023423695,0,0,0,3,1,0,0,0,0,2,0,2,1,5,4,0,0,2,0
GCA_023424865.1,Bacteria,Bacillota_A,Clostridia,Acetivibrionales_A,DSM-8532,DTU059,DTU059 sp023424865,0,0,0,0,0,0,0,0,0,1,0,3,0,0,0,0,1,1,0
GCA_023424995.1,Bacteria,Bacillota_A,Clostridia,Lachnospirales,Lachnospiraceae,Mobilitalea,Mobilitalea sp023424995,0,0,0,0,0,0,0,0,0,1,0,5,0,0,0,0,1,0,0
GCA_023425485.1,Bacteria,Bacillota_A,Clostridia,Lachnospirales,Lachnospiraceae,Mobilitalea,Mobilitalea sp023425485,0,0,0,0,0,0,0,0,0,0,0,4,0,0,0,0,0,0,0
GCA_023426125.1,Bacteria,Bacillota_A,Clostridia,Acetivibrionales,DTU013,MnB-11,MnB-11 sp023426125,0,0,0,0,0,0,0,0,0,1,0,4,0,0,0,0,0,1,0
GCA_023426145.1,Bacteria,Bacteroidota,Bacteroidia,Bacteroidales,Bacteroidaceae,Bacteroides,Bacteroides sp023426145,0,0,0,0,0,0,0,0,0,1,0,1,0,0,1,0,0,0,0
GCA_023426275.1,Bacteria,Desulfobacterota,Desulfovibrionia,Desulfovibrionales,Desulfovibrionaceae,Solidesulfovibrio,Solidesulfovibrio sp023426275,0,0,0,0,0,0,0,0,0,2,0,5,0,3,2,0,0,4,0
GCA_023426365.1,Bacteria,Pseudomonadota,Alphaproteobacteria,Rhodospirillales,Magnetospirillaceae,Magnetospirillum,Magnetospirillum sp023426365,0,0,0,0,1,0,0,0,0,2,0,2,0,5,3,0,0,0,0
GCA_023428905.1,Bacteria,Verrucomicrobiota,Verrucomicrobiae,Opitutales,Opitutaceae,EW11,EW11 sp023428905,0,0,0,0,0,0,0,0,0,2,0,0,0,4,2,0,0,0,0
GCA_023429135.1,Bacteria,Bacteroidota,Bacteroidia,Bacteroidales,JAAUTT01,JAAUTT01,JAAUTT01 sp023429135,0,0,0,1,0,0,0,0,0,2,0,4,0,3,2,0,0,0,0
GCA_023429565.1,Bacteria,Actinomycetota,Coriobacteriia,Coriobacteriales,Eggerthellaceae,JAEWQO01,JAEWQO01 sp023429565,0,0,0,0,0,0,0,0,0,2,0,2,0,2,1,0,0,1,0
GCA_023429685.1,Bacteria,Bacillota_A,Clostridia,Oscillospirales,Ruminococcaceae,Acetanaerobacterium,Acetanaerobacterium sp023429685,0,0,0,0,0,0,0,0,0,1,0,2,0,0,0,0,0,0,0
GCA_023429995.1,Bacteria,Bacillota_G,UBA4882,UBA8346,UBA8346,UBA8346,UBA8346 sp023429995,0,0,0,0,0,0,0,0,0,1,0,4,0,0,0,0,1,1,0
GCA_023430285.1,Archaea,Methanobacteriota,Methanobacteria,Methanobacteriales,Methanobacteriaceae,Methanobacterium_B,Methanobacterium_B sp023430285,0,0,0,2,0,0,0,0,0,1,0,3,0,1,0,0,0,0,0
GCA_023430975.1,Bacteria,Bacillota_A,Clostridia,Acetivibrionales,DSM-2933,Pseudobacteroides,Pseudobacteroides sp023430975,0,0,0,0,0,0,0,0,0,1,0,5,0,1,0,0,1,1,0
GCA_023433505.1,Bacteria,Bacillota_A,Clostridia,Acetivibrionales,DTU013,MnB-11,MnB-11 sp023433505,0,0,0,0,0,0,0,0,0,1,0,4,0,0,0,0,1,1,0
GCA_023433945.1,Bacteria,Bacillota_A,Clostridia,Acetivibrionales,DSM-27016,JAEYTP01,JAEYTP01 sp023433945,0,0,0,0,0,0,0,0,0,1,0,3,0,0,0,0,1,0,0
GCA_023434365.1,Bacteria,Bacillota_A,Clostridia,Lachnospirales,Lachnospiraceae,KM106-2,KM106-2 sp023434365,0,0,0,0,0,0,0,0,0,1,0,5,0,0,0,0,1,1,0
GCA_023435225.1,Bacteria,Bacillota_G,UBA4882,UBA8346,UBA8346,UBA8346,UBA8346 sp023435225,0,0,0,0,0,0,0,0,0,1,0,5,0,0,0,0,1,1,0
GCA_023435725.1,Bacteria,Pseudomonadota,Alphaproteobacteria,Rhizobiales,Xanthobacteraceae,Bradyrhizobium,Bradyrhizobium sp023435725,0,0,0,3,1,1,0,0,0,2,0,2,1,5,4,0,0,2,0
GCA_023435825.1,Bacteria,Desulfobacterota,Desulfovibrionia,Desulfovibrionales,Desulfovibrionaceae,Solidesulfovibrio,Solidesulfovibrio sp023435825,0,0,0,0,0,0,0,0,0,2,0,5,0,3,2,0,0,3,0
GCA_023436065.1,Bacteria,Bacillota_A,Clostridia,Lachnospirales,Lachnospiraceae,Mobilitalea,Mobilitalea sp023436065,0,0,0,0,0,0,0,0,0,1,0,5,0,0,0,0,0,0,0
GCA_023436145.1,Bacteria,Fibrobacterota,Chitinivibrionia,Chitinivibrionales,Chitinispirillaceae,JAAYPC01,JAAYPC01 sp023436145,0,0,0,0,0,0,0,0,0,1,0,4,0,0,1,0,0,2,0
GCA_023436175.1,Archaea,Methanobacteriota,Methanobacteria,Methanobacteriales,Methanobacteriaceae,Methanobacterium_D,Methanobacterium_D sp023436175,0,0,0,3,0,0,0,0,0,2,0,2,0,0,0,0,0,0,0
GCA_023436205.1,Bacteria,Fibrobacterota,Chitinivibrionia,Chitinivibrionales,Chitinispirillaceae,JAEZKC01,JAEZKC01 sp023436205,0,0,0,0,0,0,0,0,0,1,0,4,0,0,0,0,1,1,0
GCA_023436305.1,Bacteria,Bacillota_G,UBA4882,UBA8346,UBA8346,JAEZJQ01,JAEZJQ01 sp023436305,0,0,0,0,0,0,0,0,0,1,0,3,0,0,0,0,0,0,0
GCA_023436395.1,Bacteria,Bacillota_A,Clostridia,Lachnospirales,Cellulosilyticaceae,Cellulosilyticum,Cellulosilyticum sp023436395,0,0,0,0,0,0,0,0,0,1,0,3,0,1,0,0,0,0,0
GCA_023436485.1,Bacteria,Bacillota_A,Clostridia,Acetivibrionales,DSM-27016,Ruminiclostridium,Ruminiclostridium sp023436485,0,0,0,0,0,0,0,0,0,1,0,4,0,0,0,0,0,0,0
GCA_023436765.1,Bacteria,Bacillota_A,Clostridia,Lachnospirales,Lachnospiraceae,Mobilitalea,Mobilitalea sp023436765,0,0,0,0,0,0,0,0,0,1,0,3,0,0,0,0,0,1,0
GCA_023436885.1,Bacteria,Pseudomonadota,Alphaproteobacteria,Rhizobiales,Pleomorphomonadaceae,Pleomorphomonas,Pleomorphomonas sp023436885,0,0,0,1,0,0,0,0,0,2,0,3,0,2,3,0,1,0,0
GCA_023437365.1,Bacteria,Bacillota_A,Clostridia,Lachnospirales,Lachnospiraceae,Mobilitalea,Mobilitalea sp023437365,0,0,0,0,0,0,0,0,0,1,0,3,0,0,0,0,0,0,0
GCA_023437715.1,Bacteria,Bacillota_A,Clostridia,Lachnospirales,Lachnospiraceae,Lacrimispora,Lacrimispora sp023437715,0,0,0,1,0,0,0,0,0,1,0,6,0,0,0,0,1,0,0
GCA_023438065.1,Bacteria,Spirochaetota,Spirochaetia,Treponematales,Treponemataceae,Spiro-10,Spiro-10 sp023438065,0,0,0,0,0,0,0,0,0,1,0,5,0,0,0,0,0,1,0
GCA_023438245.1,Bacteria,Desulfobacterota,Desulfovibrionia,Desulfovibrionales,Desulfovibrionaceae,Humidesulfovibrio,Humidesulfovibrio sp023438245,0,0,1,1,0,0,0,0,0,2,0,2,0,0,2,0,0,4,0
GCA_023438785.1,Bacteria,Myxococcota,Polyangia,Fen-1088,Fen-1088,Fen-1137,Fen-1137 sp023438785,0,0,0,0,0,0,0,0,0,1,0,5,0,1,1,0,0,0,0
GCA_023439045.1,Bacteria,Bacillota_A,Clostridia,Acetivibrionales,DSM-27016,JAEXOY01,JAEXOY01 sp023439045,0,0,0,0,0,0,0,0,0,1,0,4,0,0,0,0,1,0,0
GCA_023439185.1,Bacteria,Bacillota_B,Desulfotomaculia,Desulfotomaculales,Desulfallaceae,BRH-c8a,BRH-c8a sp023439185,0,0,0,0,0,0,0,0,0,2,0,4,0,1,0,0,1,3,0
GCA_023439505.1,Bacteria,Bacillota_A,Clostridia,Lachnospirales,Lachnospiraceae,Mobilitalea,Mobilitalea sp023439505,0,0,0,0,0,0,0,0,0,1,0,4,0,0,0,0,1,1,0
GCA_023439545.1,Bacteria,Bacillota_A,Clostridia,Acetivibrionales,DTU013,JAEYOM01,JAEYOM01 sp023439545,0,0,0,0,0,0,0,0,0,1,0,5,0,0,0,0,1,0,0
GCA_023439835.1,Bacteria,Bacillota_A,Clostridia,Oscillospirales,Ruminococcaceae,SZUA-444,SZUA-444 sp023439835,0,0,0,0,0,0,0,0,0,1,0,2,0,0,0,0,0,0,0
GCA_023440865.1,Bacteria,Bacillota_A,Clostridia,Acetivibrionales_A,DSM-8532,JAEWSN01,JAEWSN01 sp023440865,0,0,0,0,0,0,0,0,0,1,0,2,0,0,0,0,1,1,0
GCA_023441125.1,Bacteria,Bacillota_C,Negativicutes,Sporomusales,Sporomusaceae,Sporomusa,Sporomusa sp023441125,0,0,0,0,0,0,0,0,0,1,0,7,0,2,1,0,1,2,0
GCA_023442755.1,Bacteria,Desulfobacterota,Syntrophobacteria,Syntrophobacterales,Syntrophobacteraceae,SbD1,SbD1 sp023442755,0,0,1,0,0,0,0,0,0,2,0,3,0,3,2,0,1,4,0
GCA_023443285.1,Bacteria,Bacillota_C,Negativicutes,Sporomusales,Sporomusaceae,Sporomusa,Sporomusa sp023443285,0,0,0,0,0,0,0,0,0,1,0,7,0,1,1,0,1,2,0
GCA_023443865.1,Bacteria,Spirochaetota,Spirochaetia,Treponematales,Treponemataceae,Spiro-10,Spiro-10 sp023443865,0,0,0,0,0,0,0,0,0,1,0,5,0,0,0,0,0,0,0
GCA_023444055.1,Bacteria,Bacillota_A,Clostridia,Acetivibrionales,DSM-27016,Ruminiclostridium,Ruminiclostridium sp023444055,0,0,0,0,0,0,0,0,0,1,0,5,0,0,0,0,1,1,0
GCA_023446675.1,Bacteria,Bacillota_A,Clostridia,Acetivibrionales_A,DSM-8532,DTU059,DTU059 sp023446675,0,0,0,0,0,0,0,0,0,1,0,3,0,0,0,0,1,1,0
GCA_023446735.1,Bacteria,Verrucomicrobiota,Verrucomicrobiae,Opitutales,Opitutaceae,CAJCBL01,CAJCBL01 sp023446735,0,0,0,0,0,0,0,0,0,2,0,1,0,3,2,0,0,0,0
GCA_023450835.1,Bacteria,Bacillota_A,Clostridia,Lachnospirales,Lachnospiraceae,Anaerocolumna,Anaerocolumna sp023450835,0,0,0,1,0,0,0,0,0,1,0,5,0,0,0,0,0,0,0
GCA_023453795.1,Bacteria,Bacillota_A,Clostridia,Acetivibrionales,JAEXSP01,JAEXSP01,JAEXSP01 sp023453795,0,0,0,0,0,0,0,0,0,1,0,5,0,0,0,0,1,0,0
GCA_023454275.1,Bacteria,Bacillota_A,Clostridia,Acetivibrionales,DSM-2933,JAEYGM01,JAEYGM01 sp023454275,0,0,0,0,0,0,0,0,0,1,0,3,0,1,0,0,0,1,0
GCA_023457035.1,Bacteria,Verrucomicrobiota,Verrucomicrobiae,Opitutales,Opitutaceae,CAJCBL01,CAJCBL01 sp023457035,0,0,0,0,0,0,0,0,0,2,0,1,0,3,2,0,0,0,0
GCA_023458095.1,Bacteria,Actinomycetota,Actinomycetia,Propionibacteriales,Propionibacteriaceae,Propionicimonas,Propionicimonas sp023458095,0,0,0,0,1,0,0,0,0,1,0,1,0,0,1,0,0,1,0
GCA_023458315.1,Bacteria,Pseudomonadota,Alphaproteobacteria,Rhodospirillales,Magnetospirillaceae,Magnetospirillum,Magnetospirillum sp023458315,0,0,0,0,1,0,0,0,0,2,0,2,0,5,2,0,0,0,0
GCA_023459095.1,Bacteria,Pseudomonadota,Gammaproteobacteria,Burkholderiales,Rhodocyclaceae,JAEWVQ01,JAEWVQ01 sp023459095,0,0,0,3,0,0,0,0,0,1,0,2,0,4,3,0,0,2,0
GCA_023460315.1,Bacteria,Actinomycetota,Coriobacteriia,Coriobacteriales,Eggerthellaceae,JAEWQO01,JAEWQO01 sp023460315,0,0,1,0,0,0,0,0,0,2,0,2,0,0,1,0,0,1,0
GCA_023460535.1,Bacteria,Bacillota_A,Clostridia,Oscillospirales,Ruminococcaceae,Acetanaerobacterium,Acetanaerobacterium sp023460535,0,0,0,0,0,0,0,0,0,1,0,1,0,0,0,0,0,0,0
GCA_023460575.1,Bacteria,Bacillota_A,Clostridia,Lachnospirales,Lachnospiraceae,Lacrimispora,Lacrimispora sp023460575,0,0,0,0,0,0,0,0,0,1,0,4,0,0,0,0,1,3,0
GCA_023461435.1,Bacteria,Bacillota_A,Clostridia,Christensenellales,SZUA-584,SZUA-584,SZUA-584 sp023461435,0,0,0,0,0,0,0,0,0,1,0,3,0,0,0,0,1,0,0
GCA_023481175.1,Bacteria,Nitrospirota_A,Leptospirillia,Leptospirillales,Leptospirillaceae,UBA4572,UBA4572 sp023481175,0,0,0,0,0,1,0,0,0,2,0,1,0,1,2,0,0,2,0
GCA_023489335.1,Bacteria,SZUA-79,SZUA-79,Acidulodesulfobacterales,Acidulodesulfobacteraceae,Acidulodesulfobacterium,Acidulodesulfobacterium sp023489335,0,0,0,0,0,0,0,0,0,2,0,1,0,1,2,0,0,2,0
GCA_023511535.1,Bacteria,Bacillota_B,Desulfotomaculia,Desulfotomaculales,Nap2-2B,JAIMBK01,JAIMBK01 sp023511535,0,0,0,0,0,0,0,0,0,2,0,1,0,0,0,0,1,3,0
GCA_023512345.1,Bacteria,Bacillota,Bacilli,Paenibacillales,Paenibacillaceae,Paenibacillus,Paenibacillus sp023512345,0,0,0,0,0,1,0,0,0,1,0,1,0,3,3,1,0,1,0
GCA_023512475.1,Bacteria,Desulfobacterota,Desulfobaccia,Desulfobaccales,0-14-0-80-60-11,JAILZL01,JAILZL01 sp023512475,0,0,1,0,0,0,0,0,0,0,0,2,0,1,1,0,1,4,0
GCA_023544645.1,Bacteria,Desulfobacterota,Desulfobulbia,Desulfobulbales,Desulfobulbaceae,UBA10518,UBA10518 sp023544645,0,0,2,1,0,0,0,0,0,2,0,1,0,4,2,0,0,5,0
GCA_023701135.1,Bacteria,Desulfobacterota,Desulfobacteria,Desulfobacterales,Desulfobacteraceae,Desulfobacula,Desulfobacula sp023701135,0,0,1,0,0,0,0,0,0,2,0,3,0,3,2,0,1,4,0
GCA_023701265.1,Bacteria,Desulfobacterota_F,Desulfuromonadia,Desulfuromonadales,BM103,VAUL01,VAUL01 sp023701265,0,0,1,0,0,0,0,0,0,1,0,2,0,3,2,0,0,0,0
GCA_023701345.1,Bacteria,Pseudomonadota,Gammaproteobacteria,Burkholderiales,Burkholderiaceae_B,Rhodoferax,Rhodoferax sp023701345,0,0,2,1,0,0,0,0,0,2,0,0,0,5,1,0,0,1,0
GCA_023806635.1,Bacteria,Pseudomonadota,Gammaproteobacteria,Burkholderiales,Rhodocyclaceae,Accumulibacter,Accumulibacter sp023806635,0,0,0,1,1,0,0,0,0,2,0,3,0,6,1,0,0,2,0
GCA_024167805.1,Archaea,Methanobacteriota,Methanobacteria,Methanobacteriales,Methanobacteriaceae,Methanobacterium_B,Methanobacterium_B sp024167805,0,0,0,2,0,0,0,0,0,2,0,2,0,0,0,0,0,0,0
GCA_024233215.1,Bacteria,Verrucomicrobiota,Verrucomicrobiae,Pedosphaerales,J093,J093,J093 sp024233215,0,0,0,0,0,0,0,0,0,2,0,2,0,4,2,0,0,0,0
GCA_024235135.1,Bacteria,Pseudomonadota,Gammaproteobacteria,Competibacterales,Competibacteraceae,JACKMZ01,JACKMZ01 sp024235135,0,0,0,1,0,0,0,0,0,2,0,1,0,4,2,0,0,2,0
GCA_024235255.1,Bacteria,Pseudomonadota,Gammaproteobacteria,Chromatiales,Sedimenticolaceae,HKST-UBA178,HKST-UBA178 sp024235255,0,0,0,0,1,0,0,0,0,1,0,3,0,4,2,0,0,4,0
GCA_024235635.1,Bacteria,Pseudomonadota,Gammaproteobacteria,Burkholderiales,Rhodocyclaceae,Cognatazoarcus,Cognatazoarcus sp024235635,0,0,0,2,1,0,0,0,0,2,0,1,0,4,3,0,0,2,0
GCA_024239075.1,Bacteria,Cyanobacteriota,Cyanobacteriia,Cyanobacteriales,Nostocaceae,Pelatocladus,Pelatocladus sp024239075,0,0,0,1,1,0,0,0,0,2,0,1,0,1,2,0,1,1,0
GCA_024275145.1,Bacteria,Desulfobacterota,Dissulfuribacteria,Dissulfuribacterales,QOAL01,S143-34,S143-34 sp024275145,0,0,0,0,0,0,0,0,0,2,0,1,0,0,1,0,0,5,0
GCA_024277655.1,Bacteria,Desulfobacterota,Desulfobulbia,Desulfobulbales,Desulfurivibrionaceae,JAJRUT01,JAJRUT01 sp024277655,0,0,0,0,0,0,0,0,0,2,0,0,0,2,1,0,0,4,0
GCA_024280265.1,Bacteria,Desulfobacterota,Desulfobulbia,Desulfobulbales,Desulfocapsaceae,Desulfocapsa,Desulfocapsa sp024280265,0,0,0,0,0,0,0,0,0,2,0,2,0,2,1,0,1,4,0
GCA_024280455.1,Bacteria,Desulfobacterota,Desulfobulbia,Desulfobulbales,Desulfobulbaceae,DRLX01,DRLX01 sp024280455,0,0,1,0,0,0,0,0,0,2,0,3,0,2,1,0,0,5,0
GCA_024280875.1,Bacteria,Desulfobacterota,Desulfobacteria,Desulfobacterales,Desulfosalsimonadaceae,SURF-3,SURF-3 sp024280875,0,0,1,0,0,0,0,0,0,2,0,0,0,2,1,0,1,3,0
GCA_024280975.1,Archaea,Halobacteriota,Methanosarcinia,Methanosarcinales,Methanosarcinaceae,Methanosarcina,Methanosarcina sp024280975,0,0,0,2,0,0,0,0,0,0,0,0,0,1,1,0,0,0,0
GCA_024281055.1,Bacteria,Desulfobacterota_F,Desulfuromonadia,Geobacterales,Geobacteraceae,JAMXLF01,JAMXLF01 sp024281055,0,0,1,0,0,0,0,0,0,2,0,5,0,2,2,0,0,1,0
GCA_024304885.1,Bacteria,Pseudomonadota,Alphaproteobacteria,Rhizobiales,Beijerinckiaceae,Methylocella,Methylocella sp024304885,0,0,0,3,0,0,0,0,0,2,0,2,0,0,3,0,0,1,0
GCA_024346955.1,Bacteria,Pseudomonadota,Gammaproteobacteria,Enterobacterales_A,Vibrionaceae,Vibrio,Vibrio mangrovi,0,0,0,1,0,0,0,0,0,2,0,1,0,2,2,0,0,1,0
GCA_024506175.1,Bacteria,Pseudomonadota,Alphaproteobacteria,Rhizobiales,Beijerinckiaceae,Methylocystis,Methylocystis sp024506175,0,0,0,3,0,0,0,0,0,2,0,2,0,2,3,0,0,2,0
GCA_024529975.1,Bacteria,Pseudomonadota,Gammaproteobacteria,Enterobacterales_A,Vibrionaceae,Vibrio,Vibrio quintilis,0,0,0,1,0,0,0,0,0,2,0,1,0,0,2,0,0,0,0
GCA_024635555.1,Bacteria,Bacteroidota,Bacteroidia,Bacteroidales,Marinilabiliaceae,Saccharicrinis,Saccharicrinis sp024635555,0,0,0,0,0,0,0,0,0,2,0,3,0,3,3,0,0,0,0
GCA_024635605.1,Bacteria,Bacteroidota,Bacteroidia,Bacteroidales,Prolixibacteraceae,Sunxiuqinia,Sunxiuqinia sp024635605,0,0,0,0,0,0,0,0,0,1,0,2,0,1,2,0,0,0,0
GCA_024636215.1,Bacteria,Desulfobacterota_F,Desulfuromonadia,Desulfuromonadales,BM103,M0040,M0040 sp024636215,0,0,0,0,0,0,0,0,0,1,0,2,0,3,2,1,0,1,0
GCA_024636255.1,Bacteria,Desulfobacterota_F,Desulfuromonadia,Desulfuromonadales,Geoalkalibacteraceae,JAGXHK01,JAGXHK01 sp024636255,0,0,0,0,0,0,0,0,0,0,0,2,0,2,2,0,0,1,0
GCA_024636345.1,Bacteria,Desulfobacterota,Desulfobulbia,Desulfobulbales,Desulfocapsaceae,UBA2270,UBA2270 sp024636345,0,0,0,0,0,0,0,0,0,1,0,1,0,2,1,0,0,4,0
GCA_024636935.1,Bacteria,Pseudomonadota,Gammaproteobacteria,Burkholderiales,Gallionellaceae,Sideroxyarcus,Sideroxyarcus sp024636935,0,0,0,0,1,0,0,0,0,2,0,2,0,3,1,0,0,4,0
GCA_024637145.1,Bacteria,Desulfobacterota,Desulfobulbia,Desulfobulbales,Desulfurivibrionaceae,BM506,BM506 sp024637145,0,0,0,0,0,0,0,0,0,2,0,1,0,1,1,0,0,4,0
GCA_024637195.1,Bacteria,Campylobacterota,Campylobacteria,Campylobacterales,Sulfurimonadaceae,GCA-2733885,GCA-2733885 sp024637195,0,0,0,0,0,0,0,0,0,1,0,1,0,0,2,0,0,2,0
GCA_024637225.1,Bacteria,Desulfobacterota,Desulfobulbia,Desulfobulbales,Desulfurivibrionaceae,JAGXFP01,JAGXFP01 sp024637225,0,0,0,0,0,0,0,0,0,2,0,1,0,1,1,0,0,3,0
GCA_024637295.1,Bacteria,Campylobacterota,Campylobacteria,Campylobacterales,Sulfurimonadaceae,Sulfuricurvum,Sulfuricurvum sp024637295,0,0,0,0,1,0,0,0,0,1,0,1,0,0,2,0,0,2,0
GCA_024641475.1,Bacteria,Pseudomonadota,Gammaproteobacteria,UBA6429,UBA6429,JACQBC01,JACQBC01 sp024641475,0,0,0,0,1,1,0,0,0,1,0,0,0,2,2,0,0,5,0
GCA_024649985.1,Archaea,Halobacteriota,Methanosarcinia,Methanotrichales,Methanotrichaceae,Methanothrix_A,Methanothrix_A sp024649985,0,0,0,2,1,0,0,0,0,1,0,0,0,1,0,0,0,0,0
GCA_024653205.1,Bacteria,Bacillota_B,Moorellia,Moorellales,SLTJ01,JANLFO01,JANLFO01 sp024653205,0,0,0,0,0,0,0,0,0,2,0,5,0,0,0,0,0,0,0
GCA_024655885.1,Bacteria,Bacillota_A,Clostridia,Acetivibrionales,JANLFN01,JANLFN01,JANLFN01 sp024655885,0,0,0,0,0,0,0,0,0,1,0,4,0,0,0,0,0,0,0
GCA_024707145.1,Bacteria,Pseudomonadota,Alphaproteobacteria,Rhodospirillales,Magnetospirillaceae,Magnetospirillum,Magnetospirillum sp024707145,0,0,0,2,1,0,0,0,0,2,0,3,0,6,3,0,0,1,0
GCA_024709365.1,Bacteria,Desulfobacterota,Desulfovibrionia,Desulfovibrionales,Desulfomicrobiaceae,Desulfomicrobium,Desulfomicrobium sp024709365,0,0,1,0,0,0,0,0,0,2,0,2,0,2,2,0,0,3,0
GCA_024710585.1,Bacteria,Desulfobacterota,Desulfobulbia,Desulfobulbales,Desulfocapsaceae,Desulforhopalus,Desulforhopalus sp024710585,0,0,1,1,0,0,0,0,0,2,0,4,0,3,2,0,0,4,0
GCA_024762235.1,Bacteria,Campylobacterota,Campylobacteria,Campylobacterales,QNZT01,QNZT01,QNZT01 sp024762235,0,0,0,0,1,0,0,0,0,2,0,1,0,0,2,0,0,1,0
GCA_024762585.1,Bacteria,Campylobacterota,Campylobacteria,Campylobacterales,Sulfurimonadaceae,JACXUG01,JACXUG01 sp024762585,0,0,0,1,1,0,0,0,0,1,0,1,0,1,1,0,0,2,0
GCA_024763035.1,Bacteria,Desulfobacterota,Desulfobulbia,Desulfobulbales,Desulfocapsaceae,Desulfocapsa,Desulfocapsa sp024763035,0,0,1,0,0,0,0,0,0,2,0,1,0,1,1,0,0,4,0
GCA_024763575.1,Bacteria,Campylobacterota,Campylobacteria,Campylobacterales,Sulfurovaceae,UBA1140,UBA1140 sp024763575,0,0,1,0,1,0,0,0,0,2,0,0,0,1,2,0,0,1,0
GCA_024972775.1,Bacteria,Bacillota_B,Desulfitobacteriia,Desulfitobacteriales,Syntrophobotulaceae,Dehalobacter,Dehalobacter sp024972775,0,0,0,0,0,0,0,0,0,2,0,4,0,0,0,0,0,2,0
GCA_025054735.1,Bacteria,Cyanobacteriota,Cyanobacteriia,SKYG9,SKYG9,SKYG9,SKYG9 sp025054735,0,0,0,0,1,0,0,0,0,2,0,0,0,1,2,0,1,2,0
GCA_025055675.1,Bacteria,Cyanobacteriota,Cyanobacteriia,Pseudanabaenales,Pseudanabaenaceae,M5B4,M5B4 sp025055675,0,0,0,0,1,0,0,0,0,2,0,0,0,1,2,0,0,2,0
GCA_025057155.1,Bacteria,Chloroflexota,Chloroflexia,Chloroflexales,Chloroflexaceae,JACAEO01,JACAEO01 sp025057155,0,0,0,1,0,0,0,0,0,2,0,4,0,0,2,0,0,1,0
GCA_025062155.1,Bacteria,Cyanobacteriota,Cyanobacteriia,Gloeomargaritales,Gloeomargaritaceae,Gloeomargarita,Gloeomargarita sp025062155,0,0,0,0,1,0,0,0,0,2,0,0,0,1,2,0,0,2,0
GCA_025062325.1,Bacteria,Chloroflexota,Chloroflexia,Chloroflexales,Roseiflexaceae,Roseiflexus,Roseiflexus sp025062325,0,0,0,0,0,1,0,0,0,2,0,3,0,0,1,0,0,2,0
GCA_025153475.1,Bacteria,Pseudomonadota,Alphaproteobacteria,Sphingomonadales,Sphingomonadaceae,Novosphingobium,Novosphingobium sp025153475,0,0,0,2,0,0,0,0,0,2,0,1,0,1,3,0,0,2,0
GCA_900079695.1,Bacteria,Pseudomonadota,Alphaproteobacteria,Rhodospirillales,Rhodospirillaceae,Alpha-05,Alpha-05 sp900079695,0,0,0,2,1,0,0,0,0,2,0,1,0,1,3,0,0,1,0
GCA_900109485.1,Bacteria,Pseudomonadota,Gammaproteobacteria,Enterobacterales,Enterobacteriaceae,Kosakonia,Kosakonia sacchari_B,0,0,0,1,0,0,0,0,0,2,0,2,0,2,2,0,0,0,0
GCA_900112785.1,Bacteria,Pseudomonadota,Gammaproteobacteria,Enterobacterales,Enterobacteriaceae,Phytobacter,Phytobacter palmae,0,0,0,1,0,0,0,0,0,2,0,2,0,2,2,1,0,0,0
GCA_900177435.1,Bacteria,Pseudomonadota,Gammaproteobacteria,Pseudomonadales,Cellvibrionaceae,Teredinibacter,Teredinibacter sp900177435,0,0,0,1,0,0,0,0,0,2,0,0,0,3,3,0,0,1,0
GCA_900290365.1,Bacteria,Desulfobacterota,Syntrophobacteria,Syntrophobacterales,Syntrophobacteraceae,SbD1,SbD1 sp900290365,0,0,0,0,0,0,0,0,0,2,0,1,0,1,2,0,1,3,0
GCA_900299285.1,Bacteria,Cyanobacteriota,Cyanobacteriia,Cyanobacteriales,Nostocaceae,Dolichospermum,Dolichospermum sp900299285,0,0,0,1,1,0,0,0,0,2,0,1,0,1,1,0,0,1,0
GCA_900466005.1,Bacteria,Pseudomonadota,Alphaproteobacteria,Rhizobiales,Rhizobiaceae,Allorhizobium,Allorhizobium sp900466005,0,0,0,2,1,0,0,0,0,2,0,2,0,5,3,1,0,2,0
GCA_900466575.1,Bacteria,Pseudomonadota,Alphaproteobacteria,Rhizobiales,Rhizobiaceae,Ensifer_A,Ensifer_A sp900466575,0,0,0,2,1,0,0,0,0,1,0,2,1,3,4,0,0,1,0
GCA_900498215.1,Bacteria,Bacteroidota,Bacteroidia,Bacteroidales,Paludibacteraceae,UPXZ01,UPXZ01 sp900498215,0,0,0,0,0,0,0,0,0,1,0,2,0,0,1,0,0,1,0
GCA_900542835.1,Bacteria,Bacillota_C,Negativicutes,Sporomusales_A,Acetonemaceae,Anaerosporomusa,Anaerosporomusa sp900542835,0,0,0,0,0,0,0,0,0,1,0,5,0,0,0,0,0,1,0
GCA_900546895.1,Bacteria,Bacillota_A,Clostridia,Oscillospirales,Acutalibacteraceae,Caproiciproducens,Caproiciproducens sp900546895,0,0,0,0,0,0,0,0,0,1,0,4,0,0,0,0,0,1,0
GCA_900550105.1,Bacteria,Bacillota_C,Negativicutes,UMGS1260,UMGS1260,UMGS1260,UMGS1260 sp900550105,0,0,0,1,0,0,0,0,0,1,0,5,0,1,1,1,0,1,0
GCA_900609035.2,Bacteria,Pseudomonadota,Alphaproteobacteria,Rhodospirillales_A,UXAT02,Defluviicoccus_A,Defluviicoccus_A seviourii,0,0,0,1,0,0,0,0,0,2,0,1,0,2,2,0,0,0,0
GCA_900766135.1,Bacteria,Bacillota,Bacilli,Paenibacillales,Paenibacillaceae,Paenibacillus_A,Paenibacillus_A sp900766135,0,0,0,0,0,1,0,0,0,1,0,1,0,4,3,1,0,0,0
GCA_901456055.1,Bacteria,Pseudomonadota,Gammaproteobacteria,Enterobacterales,Enterobacteriaceae,Phytobacter,Phytobacter ursingii,0,0,0,1,0,0,0,0,0,2,0,2,0,2,2,1,0,0,0
GCA_902158745.1,Archaea,Halobacteriota,Methanoliparia,Methanoliparales,Methanoliparaceae,Methanolliviera,Methanolliviera sp902158745,0,0,0,3,0,0,0,0,0,0,0,0,0,0,0,0,0,1,0
GCA_902384525.1,Archaea,Halobacteriota,Methanosarcinia,Methanosarcinales,Methanoperedenaceae,Methanoperedens,Methanoperedens sp902384525,0,0,0,2,0,0,0,0,0,2,0,1,0,3,1,1,0,1,0
GCA_902385025.1,Archaea,Halobacteriota,Methanosarcinia,Methanotrichales,Methanotrichaceae,Methanothrix,Methanothrix sp902385025,0,0,0,2,1,0,0,0,0,1,0,0,0,1,0,0,0,0,0
GCA_902386135.1,Archaea,Halobacteriota,Methanosarcinia,Methanosarcinales,Methanoperedenaceae,Methanoperedens,Methanoperedens sp902386135,0,0,0,3,0,0,0,0,0,2,0,1,0,1,0,1,0,1,0
GCA_902386205.1,Archaea,Halobacteriota,Methanosarcinia,Methanosarcinales,Methanoperedenaceae,Methanoperedens,Methanoperedens sp902386205,0,0,0,2,0,0,0,0,0,2,0,1,0,2,0,1,0,1,0
GCA_902386255.1,Archaea,Halobacteriota,Methanosarcinia,Methanosarcinales,Methanoperedenaceae,Methanoperedens,Methanoperedens sp902386255,0,0,0,3,0,0,0,0,0,1,0,1,0,0,1,1,0,1,0
GCA_902725215.1,Bacteria,Pseudomonadota,Alphaproteobacteria,Rhodospirillales,WMHbin7,WMHbin7,WMHbin7 sp902725215,0,0,1,0,1,0,0,0,0,2,0,2,0,2,2,0,0,3,0
GCA_902809825.1,Bacteria,Bacillota_E,Sulfobacillia,Sulfobacillales,R501,R501,R501 sp902809825,0,0,0,0,1,1,0,0,0,2,0,1,0,3,2,1,0,2,0
GCA_902809985.1,Bacteria,Bacillota_A,Clostridia,Clostridiales,Clostridiaceae,Clostridium_B,Clostridium_B sp902809985,0,0,0,0,0,0,0,0,0,1,0,2,0,0,0,0,1,2,0
GCA_902810715.1,Bacteria,Actinomycetota,Aquicultoria,Aquicultorales,Aquicultoraceae,CADDYS01,CADDYS01 sp902810715,0,0,0,0,0,0,0,0,0,2,0,1,0,0,2,0,0,3,0
GCA_902812435.1,Bacteria,Bacillota_B,DSM-12270,Thermacetogeniales,Thermacetogeniaceae,DULK01,DULK01 sp902812435,0,0,0,0,0,0,0,0,0,0,0,3,0,0,1,0,0,2,0
GCA_902826195.1,Bacteria,Pseudomonadota,Alphaproteobacteria,Rhizobiales,Xanthobacteraceae,Bradyrhizobium,Bradyrhizobium sp902826195,0,0,0,2,1,1,0,0,0,2,0,0,1,2,3,0,0,3,0
GCA_902826305.1,Bacteria,Pseudomonadota,Gammaproteobacteria,Burkholderiales,Burkholderiaceae_A,CADEEH01,CADEEH01 sp902826305,0,0,0,3,1,0,0,0,0,2,0,1,1,2,3,0,0,1,0
GCA_903820085.1,Bacteria,Bacteroidota,Chlorobia,Chlorobiales,Chlorobiaceae,Chlorobium,Chlorobium sp903820085,0,0,0,0,1,0,0,0,0,1,0,1,0,0,1,0,0,2,0
GCA_903822005.1,Bacteria,Nitrospirota,Thermodesulfovibrionia,Thermodesulfovibrionales,Dissulfurispiraceae,Fen-1308,Fen-1308 sp903822005,0,0,1,1,0,0,0,0,0,2,0,3,0,1,2,0,0,3,0
GCA_903823025.1,Bacteria,Pseudomonadota,Gammaproteobacteria,Burkholderiales,Burkholderiaceae_B,Rhodoferax,Rhodoferax sp903823025,0,0,0,1,0,0,0,0,0,2,0,0,0,3,3,0,0,2,0
GCA_903824045.1,Bacteria,Bacteroidota,Chlorobia,Chlorobiales,Chlorobiaceae,Chlorobium,Chlorobium sp903824045,0,0,0,0,1,0,0,0,0,1,0,1,0,0,1,0,0,1,0
GCA_903824295.1,Bacteria,Bacteroidota,Chlorobia,Chlorobiales,Chlorobiaceae,Chlorobium,Chlorobium sp903824295,0,0,0,0,1,0,0,0,0,0,0,1,0,0,2,0,0,3,0
GCA_903832735.1,Bacteria,Pseudomonadota,Gammaproteobacteria,Burkholderiales,Rhodocyclaceae,CAIYYX01,CAIYYX01 sp903832735,0,0,0,2,1,0,0,0,0,2,0,3,0,2,3,0,1,1,0
GCA_903835655.1,Bacteria,Pseudomonadota,Gammaproteobacteria,Burkholderiales,Thiobacillaceae,PFJX01,PFJX01 sp903835655,0,0,0,0,1,0,0,0,0,2,0,2,0,3,1,0,0,4,0
GCA_903835685.1,Bacteria,Desulfobacterota,Desulfovibrionia,Desulfovibrionales,Desulfovibrionaceae,CAILNX01,CAILNX01 sp903835685,0,0,0,0,0,0,0,0,0,2,0,2,0,2,2,0,0,3,0
GCA_903836465.1,Bacteria,Bacteroidota,Chlorobia,Chlorobiales,Chlorobiaceae,Chlorobium,Chlorobium sp903836465,0,0,0,0,1,0,0,0,0,2,0,1,0,0,1,0,0,3,0
GCA_903839205.1,Bacteria,Acidobacteriota,Holophagae,Holophagales,Holophagaceae,Geothrix,Geothrix sp903839205,0,0,0,1,0,0,0,0,0,2,0,0,0,3,2,0,1,1,0
GCA_903839855.1,Bacteria,Pseudomonadota,Gammaproteobacteria,Methylococcales,Methylomonadaceae,KS41,KS41 sp903839855,0,0,0,3,0,0,0,0,0,2,0,2,0,2,2,0,0,2,0
GCA_903840185.1,Bacteria,Verrucomicrobiota,Lentisphaeria,Victivallales,Victivallaceae,CAIPAT01,CAIPAT01 sp903840185,0,0,0,0,0,0,0,0,0,1,0,3,0,0,0,0,0,0,0
GCA_903844635.1,Bacteria,Campylobacterota,Campylobacteria,Campylobacterales,Sulfurimonadaceae,Sulfuricurvum,Sulfuricurvum sp903844635,0,0,0,0,1,0,0,0,0,1,0,1,0,3,3,1,0,2,0
GCA_903845935.1,Bacteria,Pseudomonadota,Gammaproteobacteria,Burkholderiales,Burkholderiaceae_B,Rhodoferax_C,Rhodoferax_C sp903845935,0,0,0,2,1,0,0,0,0,2,0,1,0,5,3,0,0,3,0
GCA_903847275.1,Bacteria,Pseudomonadota,Gammaproteobacteria,Methylococcales,Methylomonadaceae,UBA10906,UBA10906 sp903847275,0,0,0,3,0,0,0,0,0,2,0,1,0,2,2,0,0,1,0
GCA_903848645.1,Bacteria,Cyanobacteriota,Cyanobacteriia,Cyanobacteriales,Nostocaceae,Dolichospermum,Dolichospermum sp903848645,0,0,0,1,1,0,0,0,0,2,0,1,0,1,2,0,0,2,0
GCA_903851385.1,Bacteria,Bacteroidota,Chlorobia,Chlorobiales,Chlorobiaceae,Chlorobium,Chlorobium sp903851385,0,0,0,0,1,0,0,0,0,2,0,1,0,1,1,0,0,3,0
GCA_903852495.1,Bacteria,Desulfobacterota_F,Desulfuromonadia,Geobacterales,Pseudopelobacteraceae,JACRCG01,JACRCG01 sp903852495,0,0,2,1,0,0,0,0,0,1,0,2,0,1,2,0,0,2,0
GCA_903853455.1,Bacteria,Pseudomonadota,Alphaproteobacteria,Rhodospirillales,Magnetospirillaceae,Phaeospirillum,Phaeospirillum sp903853455,0,0,0,1,1,0,0,0,0,2,0,3,0,6,2,0,0,3,0
GCA_903855705.1,Bacteria,Cyanobacteriota,Cyanobacteriia,PCC-6307,Cyanobiaceae,BAIKAL-G1,BAIKAL-G1 sp903855705,0,0,0,0,1,0,0,0,0,2,0,1,0,1,1,0,0,2,0
GCA_903856025.1,Bacteria,Pseudomonadota,Gammaproteobacteria,Burkholderiales,Burkholderiaceae_B,Rhodoferax,Rhodoferax sp903856025,0,0,0,1,1,0,0,0,0,2,0,2,0,5,3,0,0,1,0
GCA_903857795.1,Bacteria,Desulfobacterota_F,Desulfuromonadia,Geobacterales,CAIOGM01,CAIOGM01,CAIOGM01 sp903857795,0,0,0,0,0,0,0,0,0,1,0,1,0,1,2,0,0,2,0
GCA_903859815.1,Bacteria,Pseudomonadota,Gammaproteobacteria,Methylococcales,Methylococcaceae,Methylumidiphilus,Methylumidiphilus sp903859815,0,0,0,3,0,0,0,0,0,2,0,3,0,4,2,0,0,3,0
GCA_903863885.1,Bacteria,Planctomycetota,Planctomycetia,Pirellulales,Pirellulaceae,CAIPEB01,CAIPEB01 sp903863885,0,0,0,1,0,1,0,0,0,2,0,6,0,5,3,0,0,0,0
GCA_903866365.1,Bacteria,Pseudomonadota,Gammaproteobacteria,Chromatiales,Chromatiaceae,Chromatium,Chromatium sp903866365,0,0,1,1,2,0,0,0,0,2,0,3,0,1,2,0,0,4,0
GCA_903866825.1,Bacteria,Pseudomonadota,Gammaproteobacteria,Methylococcales,Methylomonadaceae,KS41,KS41 sp903866825,0,0,0,3,0,0,0,0,0,2,0,1,0,2,2,0,0,2,0
GCA_903868145.1,Bacteria,Desulfobacterota_F,Desulfuromonadia,Geobacterales,Pseudopelobacteraceae,CAIPTY01,CAIPTY01 sp903868145,0,0,0,0,0,0,0,0,0,1,0,3,0,1,2,0,0,0,0
GCA_903869365.1,Bacteria,Bacteroidota,Chlorobia,Chlorobiales,Chlorobiaceae,Chlorobium,Chlorobium sp903869365,0,0,0,0,1,0,0,0,0,1,0,1,0,1,1,0,0,4,0
GCA_903871235.1,Bacteria,Bacteroidota,Chlorobia,Chlorobiales,Chlorobiaceae,Chlorobium,Chlorobium sp903871235,0,0,0,0,1,0,0,0,0,1,0,1,0,0,2,0,0,3,0
GCA_903871465.1,Archaea,Halobacteriota,Methanosarcinia,Methanotrichales,Methanotrichaceae,Methanothrix,Methanothrix sp903871465,0,0,0,2,1,0,0,0,0,1,0,0,0,1,0,0,0,0,0
GCA_903873485.1,Bacteria,Pseudomonadota,Gammaproteobacteria,Burkholderiales,Burkholderiaceae_B,Rhodoferax,Rhodoferax sp903873485,0,0,0,1,1,0,0,0,0,2,0,2,0,5,2,0,0,2,0
GCA_903874275.1,Bacteria,Myxococcota,Myxococcia,Myxococcales,Anaeromyxobacteraceae,CAIOAK01,CAIOAK01 sp903874275,0,0,0,1,0,0,0,0,0,2,0,1,0,2,2,0,0,0,0
GCA_903875455.1,Bacteria,Pseudomonadota,Gammaproteobacteria,Methylococcales,Methylomonadaceae,CAIQWF01,CAIQWF01 sp903875455,0,0,0,3,1,0,0,0,0,2,0,1,0,4,3,1,0,4,0
GCA_903875675.1,Bacteria,Verrucomicrobiota,Verrucomicrobiae,Verrucomicrobiales,Akkermansiaceae,Luteolibacter,Luteolibacter sp903875675,0,0,0,0,0,1,0,0,0,2,0,0,0,2,2,0,0,0,0
GCA_903876445.1,Bacteria,Pseudomonadota,Gammaproteobacteria,Methylococcales,Methylomonadaceae,UBA10906,UBA10906 sp903876445,0,0,0,3,0,0,0,0,0,2,0,1,0,2,2,0,0,1,0
GCA_903876625.1,Bacteria,Pseudomonadota,Gammaproteobacteria,Burkholderiales,Gallionellaceae,PALSA-1006,PALSA-1006 sp903876625,0,0,0,2,1,0,0,0,0,2,0,2,0,0,1,0,0,4,0
GCA_903876685.1,Bacteria,Pseudomonadota,Gammaproteobacteria,Burkholderiales,Gallionellaceae,Gallionella,Gallionella sp903876685,0,0,0,2,1,0,0,0,0,2,0,3,0,2,1,0,0,4,0
GCA_903877345.1,Bacteria,Chloroflexota,Chloroflexia,Chloroflexales,Chloroflexaceae,CAIWXH01,CAIWXH01 sp903877345,0,0,1,1,1,0,0,0,0,2,0,2,0,0,0,0,0,1,0
GCA_903877945.1,Bacteria,Chloroflexota,Chloroflexia,Chloroflexales,Chloroflexaceae,Oscillochloris,Oscillochloris sp903877945,0,0,0,0,1,0,0,0,0,2,0,2,0,1,2,0,0,1,0
GCA_903882665.1,Bacteria,Bacteroidota,Chlorobia,Chlorobiales,Chlorobiaceae,Chlorobium,Chlorobium sp903882665,0,0,0,0,1,0,0,0,0,1,0,1,0,0,2,0,0,2,0
GCA_903884655.1,Bacteria,Acidobacteriota,Holophagae,Holophagales,Holophagaceae,Geothrix,Geothrix sp903884655,0,0,1,1,0,0,0,0,0,2,0,3,0,3,3,0,1,1,0
GCA_903887465.1,Bacteria,Chloroflexota,Chloroflexia,Chloroflexales,Chloroflexaceae,Oscillochloris,Oscillochloris sp903887465,0,0,0,0,1,0,0,0,0,2,0,2,0,0,2,0,0,1,0
GCA_903887485.1,Bacteria,Desulfobacterota,Desulfobulbia,Desulfobulbales,Desulfocapsaceae,UBA2270,UBA2270 sp903887485,0,0,0,1,0,0,0,0,0,2,0,1,0,2,1,0,0,4,0
GCA_903887845.1,Bacteria,Bacteroidota,Chlorobia,Chlorobiales,Chlorobiaceae,Chlorobium,Chlorobium sp903887845,0,0,0,0,1,0,0,0,0,1,0,1,0,1,1,0,0,3,0
GCA_903889845.1,Bacteria,Verrucomicrobiota,Verrucomicrobiae,Methylacidiphilales,GAS474,GAS474,GAS474 sp903889845,0,0,0,0,0,1,0,0,0,2,0,1,0,1,2,0,0,0,0
GCA_903893625.1,Bacteria,Cyanobacteriota,Cyanobacteriia,Cyanobacteriales,Microcoleaceae,Planktothrix,Planktothrix sp903893625,0,0,0,2,1,0,0,0,0,2,0,1,0,1,2,0,0,2,0
GCA_903893795.1,Bacteria,Hydrogenedentota,Hydrogenedentia,Hydrogenedentiales,CAITNO01,CAITNO01,CAITNO01 sp903893795,0,0,0,1,0,0,0,0,0,2,0,2,0,1,1,0,0,1,0
GCA_903895195.1,Bacteria,Bacteroidota,Chlorobia,Chlorobiales,Chlorobiaceae,Chlorobium,Chlorobium sp903895195,0,0,0,0,1,0,0,0,0,1,0,1,0,1,1,0,0,2,0
GCA_903896745.1,Bacteria,Desulfobacterota,Desulfomonilia,Desulfomonilales,Desulfomonilaceae,CAITZA01,CAITZA01 sp903896745,0,0,1,0,0,0,0,0,0,2,0,2,0,1,1,0,0,4,0
GCA_903897335.1,Bacteria,Pseudomonadota,Gammaproteobacteria,Chromatiales,Chromatiaceae,Chromatium,Chromatium sp903897335,0,0,0,0,2,0,0,0,0,2,0,2,0,2,1,0,0,4,0
GCA_903897925.1,Bacteria,Pseudomonadota,Gammaproteobacteria,Burkholderiales,Burkholderiaceae_B,Rhodoferax_C,Rhodoferax_C sp903897925,0,0,0,1,1,0,0,0,0,1,0,0,0,5,2,0,0,2,0
GCA_903898185.1,Bacteria,Verrucomicrobiota,Verrucomicrobiae,Pedosphaerales,Palsa-1400,CAIUEN01,CAIUEN01 sp903898185,0,0,0,0,0,0,0,0,0,1,0,1,0,1,1,0,0,0,0
GCA_903899865.1,Bacteria,Bacteroidota,Bacteroidia,Bacteroidales,Paludibacteraceae,Paludibacter,Paludibacter sp903899865,0,0,0,0,0,0,0,0,0,2,0,0,0,0,2,0,0,0,0
GCA_903901335.1,Bacteria,Desulfobacterota,Desulfobulbia,Desulfobulbales,Desulfocapsaceae,CAIUQR01,CAIUQR01 sp903901335,0,0,1,0,0,0,0,0,0,2,0,4,0,2,2,0,0,4,0
GCA_903901875.1,Bacteria,Desulfobacterota_F,Desulfuromonadia,Geobacterales,Pseudopelobacteraceae,JACRCG01,JACRCG01 sp903901875,0,0,0,1,0,0,0,0,0,1,0,3,0,2,2,0,0,2,0
GCA_903901915.1,Bacteria,Pseudomonadota,Alphaproteobacteria,Rhodospirillales,Magnetospirillaceae,Phaeospirillum,Phaeospirillum sp903901915,0,0,0,0,1,0,0,0,0,2,0,3,0,3,2,1,0,1,0
GCA_903902855.1,Bacteria,Desulfobacterota_F,Desulfuromonadia,Geobacterales,CAIOGM01,CAIOGM01,CAIOGM01 sp903902855,0,0,0,1,0,0,0,0,0,1,0,1,0,2,3,0,0,2,0
GCA_903902945.1,Bacteria,Pseudomonadota,Gammaproteobacteria,Methylococcales,Methylomonadaceae,Methylomonas,Methylomonas sp903902945,0,0,0,3,0,0,0,0,0,2,0,1,0,3,2,0,0,2,0
GCA_903905735.1,Bacteria,Pseudomonadota,Gammaproteobacteria,Burkholderiales,Burkholderiaceae_B,Rhodoferax,Rhodoferax sp903905735,0,0,0,2,2,0,0,0,0,2,0,1,0,4,3,0,0,3,0
GCA_903907955.1,Bacteria,Pseudomonadota,Alphaproteobacteria,Acetobacterales,Acetobacteraceae,BOG-930,BOG-930 sp903907955,0,0,0,2,1,0,0,0,0,2,0,1,0,0,2,0,0,1,0
GCA_903909505.1,Bacteria,Desulfobacterota,Desulfobacteria,Desulfobacterales,Desulfatirhabdiaceae,RAAP-1,RAAP-1 sp903909505,0,0,1,0,0,0,0,0,0,2,0,3,0,2,2,0,0,4,0
GCA_903911085.1,Bacteria,Bacteroidota,Bacteroidia,Bacteroidales,Paludibacteraceae,Paludibacter,Paludibacter sp903911085,0,0,0,0,0,0,0,0,0,1,0,2,0,1,1,0,0,0,0
GCA_903914615.1,Bacteria,Pseudomonadota,Gammaproteobacteria,Burkholderiales,Burkholderiaceae_B,Rubrivivax,Rubrivivax sp903914615,0,0,0,2,1,0,0,0,0,2,0,2,0,2,3,0,1,2,0
GCA_903915655.1,Bacteria,Desulfobacterota_F,Desulfuromonadia,Geobacterales,Geobacteraceae,CAIWTU01,CAIWTU01 sp903915655,0,0,0,0,0,0,0,0,0,2,0,3,0,0,1,0,0,1,0
GCA_903915725.1,Bacteria,Pseudomonadota,Alphaproteobacteria,Acetobacterales,Acetobacteraceae,Rhodopila,Rhodopila sp903915725,0,0,0,3,1,0,0,0,0,2,0,2,0,2,4,0,0,1,0
GCA_903920145.1,Bacteria,Pseudomonadota,Alphaproteobacteria,Azospirillales,Azospirillaceae,BOG-933,BOG-933 sp903920145,0,0,0,1,0,0,0,0,0,1,0,1,0,0,2,0,0,1,0
GCA_903920215.1,Bacteria,Bacteroidota,Chlorobia,Chlorobiales,Chlorobiaceae,Chlorobium,Chlorobium sp903920215,0,0,0,0,1,0,0,0,0,2,0,1,0,1,1,0,0,2,0
GCA_903920695.1,Bacteria,Pseudomonadota,Gammaproteobacteria,Burkholderiales,Burkholderiaceae_B,Rhodoferax,Rhodoferax sp903920695,0,0,1,0,0,0,0,0,0,2,0,3,0,3,3,0,0,1,0
GCA_903925005.1,Bacteria,Desulfobacterota_F,Desulfuromonadia,Geobacterales,Pseudopelobacteraceae,JACRCG01,JACRCG01 sp903925005,0,0,0,1,0,0,0,0,0,1,0,3,0,2,3,1,0,2,0
GCA_903925075.1,Bacteria,Desulfobacterota_F,Desulfuromonadia,Geobacterales,Geobacteraceae,Geomonas,Geomonas sp903925075,0,0,1,0,0,0,0,0,0,1,0,3,0,3,3,1,0,2,0
GCA_903927945.1,Bacteria,Bacteroidota,Bacteroidia,Bacteroidales,Paludibacteraceae,Paludibacter,Paludibacter sp903927945,0,0,0,0,0,0,0,0,0,2,0,0,0,0,2,0,0,1,0
GCA_903928225.1,Bacteria,Bacteroidota,Chlorobia,Chlorobiales,Chlorobiaceae,Chlorobium,Chlorobium sp903928225,0,0,0,0,1,0,0,0,0,2,0,1,0,1,1,0,0,4,0
GCA_903928685.1,Bacteria,Pseudomonadota,Gammaproteobacteria,Methylococcales,Methylomonadaceae,Methylovulum,Methylovulum sp903928685,0,0,0,3,0,1,0,0,0,2,0,1,0,2,2,0,0,3,0
GCA_903928965.1,Bacteria,Pseudomonadota,Gammaproteobacteria,Methylococcales,Methylomonadaceae,Methylomonas,Methylomonas sp903928965,0,0,0,4,0,0,0,0,0,2,0,1,0,0,1,0,0,2,0
GCA_903929135.1,Bacteria,Bacteroidota,Chlorobia,Chlorobiales,Chlorobiaceae,Chlorobaculum,Chlorobaculum sp903929135,0,0,0,0,1,0,0,0,0,2,0,1,0,0,1,0,0,3,0
GCA_903930145.1,Bacteria,Pseudomonadota,Gammaproteobacteria,Methylococcales,Methylococcaceae,Methylumidiphilus,Methylumidiphilus sp903930145,0,0,0,3,0,0,0,0,0,2,0,3,0,4,1,1,0,3,0
GCA_903930255.1,Bacteria,Pseudomonadota,Gammaproteobacteria,Burkholderiales,Burkholderiaceae_B,Rhodoferax,Rhodoferax sp903930255,0,0,0,1,1,0,0,0,0,2,0,3,0,6,2,0,0,4,0
GCA_903931645.1,Bacteria,Pseudomonadota,Gammaproteobacteria,Enterobacterales_A,Aeromonadaceae,Tolumonas,Tolumonas sp903931645,0,0,0,1,0,0,0,0,0,1,0,0,0,2,3,0,0,0,0
GCA_903937835.1,Bacteria,Bacteroidota,Chlorobia,Chlorobiales,Chlorobiaceae,Chlorobium,Chlorobium sp903937835,0,0,0,0,1,0,0,0,0,2,0,0,0,1,1,0,0,3,0
GCA_903939765.1,Bacteria,Bacteroidota,Chlorobia,Chlorobiales,Chlorobiaceae,Chlorobium,Chlorobium sp903939765,0,0,0,0,1,0,0,0,0,2,0,1,0,0,2,0,0,2,0
GCA_903941095.1,Bacteria,Pseudomonadota,Alphaproteobacteria,Rhodospirillales,Magnetospirillaceae,Magnetospirillum,Magnetospirillum sp903941095,0,0,2,0,1,0,0,0,0,2,0,2,0,4,1,0,0,3,0
GCA_903943975.1,Bacteria,Cyanobacteriota,Cyanobacteriia,PCC-6307,Cyanobiaceae,Synechococcus_D,Synechococcus_D lacustris_A,0,0,0,1,1,0,0,0,0,2,0,1,0,1,2,0,0,2,0
GCA_903944165.1,Bacteria,Pseudomonadota,Gammaproteobacteria,Methylococcales,Methylomonadaceae,Methylovulum,Methylovulum sp903944165,0,0,0,3,0,0,0,0,0,2,0,1,0,2,2,0,0,2,0
GCA_903944345.1,Bacteria,Omnitrophota,Koll11,Zapsychrales,Fredricksoniimonadaceae,CAJARJ01,CAJARJ01 sp903944345,0,0,0,0,0,0,0,0,0,1,0,2,0,0,0,0,0,1,0
GCA_903944925.1,Bacteria,Pseudomonadota,Alphaproteobacteria,Acetobacterales,Acetobacteraceae,Rhodopila,Rhodopila sp903944925,0,0,0,3,1,0,0,0,0,2,0,2,0,2,4,0,0,0,0
GCA_903945375.1,Bacteria,Pseudomonadota,Gammaproteobacteria,Methylococcales,Methylomonadaceae,Methylovulum,Methylovulum sp903945375,0,0,0,4,0,0,0,0,0,2,0,2,0,4,2,1,0,2,0
GCA_903945605.1,Bacteria,Pseudomonadota,Gammaproteobacteria,Methylococcales,Methylomonadaceae,Methylovulum,Methylovulum sp903945605,0,0,0,3,0,0,0,0,0,2,0,1,0,0,3,0,0,3,0
GCA_903946935.1,Bacteria,Pseudomonadota,Gammaproteobacteria,Chromatiales,Chromatiaceae,Thiodictyon,Thiodictyon sp903946935,0,0,0,1,2,0,0,0,0,2,0,2,0,2,2,0,0,3,0
GCA_903952205.1,Bacteria,Desulfobacterota,Desulfomonilia,Desulfomonilales,Desulfomonilaceae,CAJBEZ01,CAJBEZ01 sp903952205,0,0,1,0,0,0,0,0,0,2,0,2,0,2,1,0,0,4,0
GCA_903953895.1,Bacteria,Desulfobacterota,Desulfobacteria,Desulfobacterales,Desulfatirhabdiaceae,RAAP-1,RAAP-1 sp903953895,0,0,1,0,0,0,0,0,0,2,0,3,0,1,1,0,0,4,0
GCA_903958085.1,Bacteria,Desulfobacterota_F,Desulfuromonadia,Geobacterales,Pseudopelobacteraceae,JACRCG01,JACRCG01 sp903958085,0,0,0,0,0,0,0,0,0,2,0,3,0,2,1,0,0,2,0
GCA_903959855.1,Bacteria,Pseudomonadota,Gammaproteobacteria,Burkholderiales,Rhodocyclaceae,Sulfuritalea,Sulfuritalea sp903959855,0,0,0,1,1,0,0,0,0,2,0,3,0,3,2,0,0,4,0
GCA_903994365.1,Bacteria,Bacteroidota,Chlorobia,Chlorobiales,Chlorobiaceae,Chlorobium,Chlorobium sp903994365,0,0,0,0,1,0,0,0,0,1,0,1,0,0,1,0,0,3,0
GCA_903994455.1,Bacteria,Bacteroidota,Chlorobia,Chlorobiales,Chlorobiaceae,Chlorobium,Chlorobium sp903994455,0,0,0,0,1,0,0,0,0,1,0,0,0,0,1,0,0,0,0
GCA_903994525.1,Bacteria,Bacteroidota,Chlorobia,Chlorobiales,Chlorobiaceae,Chlorobium,Chlorobium sp903994525,0,0,0,0,1,0,0,0,0,1,0,1,0,0,0,0,0,2,0
GCA_905067555.1,Archaea,Halobacteriota,Methanosarcinia,Methanosarcinales,EX4572-44,Ethanoperedens,Ethanoperedens ethanivorans_C,0,0,0,2,0,0,0,0,0,0,0,0,0,0,0,0,0,0,0
GCA_905215155.1,Bacteria,Bacillota_A,Clostridia,Lachnospirales,Lachnospiraceae,Lacrimispora,Lacrimispora sp905215155,0,0,0,0,0,0,0,0,0,1,0,1,0,0,0,0,0,2,0
GCA_905339155.1,Archaea,Halobacteriota,Methanosarcinia,Methanosarcinales,Methanoperedenaceae,Methanoperedens,Methanoperedens sp905339155,0,0,2,2,0,0,0,0,0,2,0,1,0,4,1,1,0,1,0
GCA_905339275.1,Bacteria,Pseudomonadota,Gammaproteobacteria,Burkholderiales,Methylophilaceae,UBA6140,UBA6140 sp905339275,0,0,0,2,1,0,0,0,0,2,0,0,0,5,2,0,0,3,0
GCA_911810475.1,Bacteria,Pseudomonadota,Gammaproteobacteria,Enterobacterales_A,Celerinatantimonadaceae,Celerinatantimonas,Celerinatantimonas sp911810475,0,0,0,1,0,0,0,0,0,2,0,1,0,0,2,0,0,2,0
GCA_913009355.1,Bacteria,Planctomycetota,Phycisphaerae,Sedimentisphaerales,SG8-4,CAJVYK01,CAJVYK01 sp913009355,0,0,0,0,0,0,0,0,0,2,0,0,0,0,0,0,0,1,0
GCA_913041495.1,Bacteria,Desulfobacterota,Desulfobacteria,Desulfobacterales,Desulfobacteraceae,Desulfobacter,Desulfobacter sp003538835,0,0,2,0,0,0,0,0,0,2,0,2,0,3,2,1,1,3,0
GCA_913058345.1,Bacteria,Pseudomonadota,Gammaproteobacteria,Pseudomonadales,Porticoccaceae,50-400-T64,50-400-T64 sp913058345,0,0,0,2,0,0,0,0,0,2,0,0,0,3,3,0,0,2,0
GCA_913060435.1,Bacteria,Desulfobacterota,Desulfobacteria,Desulfobacterales,Desulfococcaceae,Desulfococcus,Desulfococcus sp913060435,0,0,1,0,0,0,0,0,0,2,0,4,0,4,3,0,0,4,0
GCA_913060505.1,Bacteria,Desulfobacterota,Desulfovibrionia,Desulfovibrionales,Desulfovibrionaceae,Pseudodesulfovibrio,Pseudodesulfovibrio sp913060505,0,0,1,0,0,0,0,0,0,2,0,2,0,0,1,0,1,3,0
GCA_913060805.1,Bacteria,Bacteroidota,Bacteroidia,Bacteroidales,Prolixibacteraceae,Draconibacterium,Draconibacterium sp913060805,0,0,0,0,0,0,0,0,0,2,0,3,0,3,3,1,0,1,0
GCA_913060875.1,Bacteria,Desulfobacterota,Desulfobacteria,Desulfobacterales,UBA5852,JABZFP01,JABZFP01 sp913060875,0,0,1,0,0,0,0,0,0,2,0,4,0,1,2,0,0,4,0
GCA_913061185.1,Bacteria,Pseudomonadota,Gammaproteobacteria,Pseudomonadales,DSM-6294,Oceanobacter,Oceanobacter sp913061185,0,0,0,3,0,0,0,0,0,2,0,0,0,2,2,0,0,2,0
GCA_913062725.1,Bacteria,Pseudomonadota,Gammaproteobacteria,Chromatiales,Chromatiaceae,Thiohalocapsa,Thiohalocapsa sp913062725,0,0,0,0,1,0,0,0,0,2,0,2,0,2,1,0,0,5,0
GCA_913063105.1,Bacteria,Bacteroidota,Bacteroidia,Bacteroidales,Prolixibacteraceae,Draconibacterium,Draconibacterium sp913063105,0,0,0,1,0,0,0,0,0,2,0,3,0,2,3,0,0,2,0
GCA_913063155.1,Bacteria,Desulfobacterota,Desulfovibrionia,Desulfovibrionales,Desulfovibrionaceae,Pseudodesulfovibrio,Pseudodesulfovibrio sp913063155,0,0,1,0,0,0,0,0,0,2,0,2,0,1,1,0,1,4,0
GCA_913063265.1,Bacteria,Bacteroidota,Bacteroidia,Bacteroidales,Prolixibacteraceae,Draconibacterium,Draconibacterium sp913063265,0,0,0,0,0,0,0,0,0,2,0,2,0,2,2,0,0,1,0
GCA_945787335.1,Bacteria,Desulfobacterota_F,Desulfuromonadia,Desulfuromonadales,Geopsychrobacteraceae,Malonomonas,Malonomonas sp945787335,0,0,0,0,0,0,0,0,0,1,0,3,0,1,2,1,0,2,0
GCA_945872305.1,Bacteria,Planctomycetota,UBA11346,UBA11346,UBA11346,CAMCAC01,CAMCAC01 sp945872305,0,0,0,0,0,1,0,0,0,2,0,0,0,2,2,0,0,0,0
GCA_945897955.1,Bacteria,Pseudomonadota,Gammaproteobacteria,Burkholderiales,Thiobacillaceae,PFJX01,PFJX01 sp945897955,0,0,0,1,1,0,0,0,0,2,0,2,0,1,1,0,0,4,0
GCF_000006985.1,Bacteria,Bacteroidota,Chlorobia,Chlorobiales,Chlorobiaceae,Chlorobaculum,Chlorobaculum tepidum,0,0,0,0,1,0,0,0,0,2,0,1,0,0,1,0,0,5,0
GCF_000007345.1,Archaea,Halobacteriota,Methanosarcinia,Methanosarcinales,Methanosarcinaceae,Methanosarcina,Methanosarcina acetivorans,0,0,0,3,0,0,0,0,0,1,0,1,0,1,1,0,0,1,0
GCF_000007985.2,Bacteria,Desulfobacterota_F,Desulfuromonadia,Geobacterales,Geobacteraceae,Geobacter,Geobacter sulfurreducens,0,0,0,0,0,0,0,0,0,1,0,3,0,2,3,0,0,1,0
GCF_000008645.1,Archaea,Methanobacteriota,Methanobacteria,Methanobacteriales,Methanothermobacteraceae,Methanothermobacter,Methanothermobacter thermautotrophicus,0,0,0,2,0,0,0,0,0,1,0,3,0,0,0,0,0,0,0
GCF_000009625.1,Bacteria,Pseudomonadota,Alphaproteobacteria,Rhizobiales,Rhizobiaceae,Mesorhizobium,Mesorhizobium japonicum,0,0,0,2,0,0,0,0,0,2,0,0,1,2,4,0,0,1,0
GCF_000009985.1,Bacteria,Pseudomonadota,Alphaproteobacteria,Rhodospirillales,Magnetospirillaceae,Phaeospirillum,Phaeospirillum magneticum,0,0,0,0,1,0,0,0,0,2,0,3,0,5,2,0,0,1,0
GCF_000010525.1,Bacteria,Pseudomonadota,Alphaproteobacteria,Rhizobiales,Xanthobacteraceae,Azorhizobium,Azorhizobium caulinodans,0,0,0,2,0,0,0,0,0,2,0,2,1,2,4,0,0,2,0
GCF_000010665.1,Bacteria,Desulfobacterota,Desulfovibrionia,Desulfovibrionales,Desulfovibrionaceae,Solidesulfovibrio,Solidesulfovibrio magneticus,0,0,0,0,0,0,0,0,0,2,0,5,0,2,2,0,0,3,0
GCF_000011365.1,Bacteria,Pseudomonadota,Alphaproteobacteria,Rhizobiales,Xanthobacteraceae,Bradyrhizobium,Bradyrhizobium diazoefficiens,0,0,0,3,1,1,0,0,0,2,0,2,1,5,4,0,0,3,0
GCF_000012485.1,Bacteria,Bacteroidota,Chlorobia,Chlorobiales,Chlorobiaceae,Chlorobium,Chlorobium luteolum,0,0,0,0,1,0,0,0,0,2,0,1,0,1,1,0,0,3,0
GCF_000012905.2,Bacteria,Pseudomonadota,Alphaproteobacteria,Rhodobacterales,Rhodobacteraceae,Cereibacter_A,Cereibacter_A sphaeroides,0,0,0,3,2,0,0,0,0,2,0,2,0,3,3,0,0,2,0
GCF_000012925.1,Bacteria,Desulfobacterota_F,Desulfuromonadia,Geobacterales,Geobacteraceae,Geobacter,Geobacter metallireducens,0,0,1,0,0,0,0,0,0,1,0,3,0,3,3,1,0,1,0
GCF_000013085.1,Bacteria,Pseudomonadota,Alphaproteobacteria,Rhodospirillales,Rhodospirillaceae,Rhodospirillum,Rhodospirillum rubrum,0,0,0,1,1,0,0,0,0,2,0,2,0,0,2,0,0,1,0
GCF_000013205.1,Bacteria,Cyanobacteriota,Cyanobacteriia,Thermostichales,Thermostichaceae,Thermostichus,Thermostichus sp000013205,0,0,0,0,1,0,0,0,0,1,0,0,0,1,2,0,0,2,0
GCF_000013225.1,Bacteria,Cyanobacteriota,Cyanobacteriia,Thermostichales,Thermostichaceae,Thermostichus,Thermostichus sp000013225,0,0,0,0,1,0,0,0,0,1,0,0,0,1,2,0,0,2,0
GCF_000013345.1,Bacteria,Actinomycetota,Actinomycetia,Mycobacteriales,Frankiaceae,Frankia,Frankia casuarinae,0,0,0,2,0,1,0,0,0,2,0,3,0,2,2,0,0,1,0
GCF_000013365.1,Bacteria,Pseudomonadota,Alphaproteobacteria,Rhizobiales,Xanthobacteraceae,Rhodopseudomonas,Rhodopseudomonas palustris_J,0,0,0,2,2,0,0,0,0,2,0,0,1,1,4,0,0,3,0
GCF_000013645.1,Bacteria,Pseudomonadota,Gammaproteobacteria,Burkholderiales,Burkholderiaceae,Paraburkholderia,Paraburkholderia xenovorans,0,0,0,2,1,0,0,0,0,2,0,1,0,3,4,0,0,2,0
GCF_000014965.1,Bacteria,Desulfobacterota,Syntrophobacteria,Syntrophobacterales,Syntrophobacteraceae,Syntrophobacter,Syntrophobacter fumaroxidans,0,0,1,0,0,0,0,0,0,2,0,5,0,3,1,0,1,4,0
GCF_000015125.1,Bacteria,Bacteroidota,Chlorobia,Chlorobiales,Chlorobiaceae,Chlorobium,Chlorobium phaeobacteroides,0,0,0,0,1,0,0,0,0,1,0,1,0,1,2,0,0,4,0
GCF_000015505.1,Bacteria,Pseudomonadota,Gammaproteobacteria,Burkholderiales,Burkholderiaceae_B,Polaromonas,Polaromonas naphthalenivorans,0,0,0,3,1,0,0,0,0,2,0,2,0,5,3,0,0,3,0
GCF_000016125.1,Archaea,Methanobacteriota,Methanococci,Methanococcales,Methanococcaceae,Methanococcus,Methanococcus maripaludis_D,0,0,0,1,0,0,0,0,0,2,0,3,0,0,0,0,0,0,0
GCF_000016505.1,Bacteria,Bacillota_A,Clostridia,Clostridiales,Clostridiaceae,Clostridium_B,Clostridium_B kluyveri,0,0,0,0,0,0,0,0,0,1,0,3,0,0,0,0,0,2,0
GCF_000016745.1,Bacteria,Desulfobacterota_F,Desulfuromonadia,Geobacterales,Geobacteraceae,Geotalea,Geotalea uraniireducens,0,0,2,0,0,0,0,0,0,1,0,3,0,1,3,0,0,1,0
GCF_000016985.1,Bacteria,Bacillota_A,Clostridia,Peptostreptococcales,Natronincolaceae,Alkaliphilus_A,Alkaliphilus_A metalliredigens,0,0,2,0,0,0,0,0,0,1,0,3,0,2,0,0,1,1,0
GCF_000017165.1,Archaea,Methanobacteriota,Methanococci,Methanococcales,Methanococcaceae,Methanococcus,Methanococcus vannielii,0,0,0,1,0,0,0,0,0,2,0,3,0,0,0,0,0,0,0
GCF_000017625.1,Archaea,Halobacteriota,Methanomicrobia,Methanomicrobiales,Methanoregulaceae,Methanoregula,Methanoregula boonei,0,0,0,3,0,0,0,0,0,2,0,1,0,0,0,0,0,0,0
GCF_000017805.1,Bacteria,Chloroflexota,Chloroflexia,Chloroflexales,Roseiflexaceae,Roseiflexus,Roseiflexus castenholzii,0,0,0,0,0,1,0,0,0,2,0,3,0,1,1,0,0,2,0
GCF_000017845.1,Bacteria,Cyanobacteriota,Cyanobacteriia,Cyanobacteriales,Microcystaceae_A,Crocosphaera,Crocosphaera subtropica,0,0,0,1,1,0,0,0,0,2,0,2,0,0,2,0,0,3,0
GCF_000019785.1,Bacteria,Pseudomonadota,Gammaproteobacteria,Burkholderiales,Burkholderiaceae_B,Leptothrix,Leptothrix cholodnii,0,0,0,3,1,0,0,0,0,2,0,2,0,5,2,0,0,2,0
GCF_000019845.1,Bacteria,Pseudomonadota,Alphaproteobacteria,Rhizobiales,Beijerinckiaceae,Beijerinckia,Beijerinckia indica,0,0,0,3,0,0,0,0,0,2,0,3,0,2,2,0,0,1,0
GCF_000020025.1,Bacteria,Cyanobacteriota,Cyanobacteriia,Cyanobacteriales,Nostocaceae,Nostoc,Nostoc punctiforme,0,0,0,1,1,0,0,0,0,2,0,1,0,1,1,0,0,2,0
GCF_000020365.1,Bacteria,Desulfobacterota,Desulfobacteria,Desulfobacterales,Desulfobacteraceae,Desulforapulum,Desulforapulum autotrophicum,0,0,1,0,0,0,0,0,0,2,0,4,0,3,2,1,1,3,0
GCF_000020385.1,Bacteria,Desulfobacterota_F,Desulfuromonadia,Geobacterales,Pseudopelobacteraceae,Trichlorobacter,Trichlorobacter lovleyi,0,0,2,0,0,0,0,0,0,1,0,3,0,3,1,1,0,2,0
GCF_000020505.1,Bacteria,Bacteroidota,Chlorobia,Chlorobiales,Chlorobiaceae,Chlorobaculum,Chlorobaculum parvum_A,0,0,0,0,1,0,0,0,0,2,0,1,0,1,3,0,0,4,0
GCF_000020525.1,Bacteria,Bacteroidota,Chlorobia,Chlorobiales,Chloroherpetonaceae,Chloroherpeton,Chloroherpeton thalassium,0,0,0,0,1,0,0,0,0,2,0,1,0,1,1,0,0,2,0
GCF_000020625.1,Bacteria,Bacteroidota,Chlorobia,Chlorobiales,Chlorobiaceae,Prosthecochloris,Prosthecochloris aestuarii,0,0,1,0,1,0,0,0,0,2,0,1,0,1,1,0,0,4,0
GCF_000020725.1,Bacteria,Desulfobacterota_F,Desulfuromonadia,Geobacterales,Geobacteraceae,Geomonas,Geomonas bemidjiensis,0,0,0,0,0,0,0,0,0,1,0,2,0,2,3,0,0,1,0
GCF_000020985.1,Bacteria,Nitrospirota,Thermodesulfovibrionia,Thermodesulfovibrionales,Thermodesulfovibrionaceae,Thermodesulfovibrio,Thermodesulfovibrio yellowstonii,0,0,1,0,0,0,0,0,0,2,0,3,0,1,1,0,0,4,0
GCF_000021325.1,Bacteria,Pseudomonadota,Alphaproteobacteria,Acetobacterales,Acetobacteraceae,Gluconacetobacter,Gluconacetobacter diazotrophicus,0,0,0,3,0,0,0,0,0,2,0,0,0,0,3,0,0,1,0
GCF_000021805.1,Bacteria,Cyanobacteriota,Cyanobacteriia,Cyanobacteriales,Microcystaceae_A,Rippkaea,Rippkaea orientalis,0,0,0,1,1,0,0,0,0,2,0,2,0,0,1,0,0,2,0
GCF_000021825.1,Bacteria,Cyanobacteriota,Cyanobacteriia,Cyanobacteriales,Microcystaceae,Gloeothece,Gloeothece citriformis,0,0,0,1,1,0,0,0,0,2,0,2,0,1,2,0,0,3,0
GCF_000021865.1,Bacteria,Pseudomonadota,Alphaproteobacteria,Rhodobacterales,Rhodobacteraceae,Rhodobacter,Rhodobacter capsulatus_B,0,0,0,2,2,0,0,0,0,2,0,2,0,1,2,0,0,2,0
GCF_000021925.1,Bacteria,Bacillota_B,Desulfitobacteriia,Desulfitobacteriales,Desulfitobacteriaceae,Desulfitobacterium,Desulfitobacterium hafniense,0,0,2,0,0,0,0,0,0,2,0,3,0,4,1,0,1,2,0
GCF_000021965.1,Archaea,Halobacteriota,Methanomicrobia,Methanomicrobiales,Methanosphaerulaceae,Methanosphaerula,Methanosphaerula palustris,0,0,0,2,0,0,0,0,0,2,0,1,0,1,0,0,0,0,0
GCF_000023185.1,Bacteria,Pseudomonadota,Alphaproteobacteria,Rhizobiales,Rhizobiaceae,Rhizobium,Rhizobium leguminosarum_J,0,0,0,1,0,0,0,0,0,2,0,0,1,2,4,0,0,1,0
GCF_000023225.1,Bacteria,Desulfobacterota,Desulfovibrionia,Desulfovibrionales,Desulfomicrobiaceae,Desulfomicrobium,Desulfomicrobium baculatum,0,0,1,0,0,0,0,0,0,2,0,1,0,2,2,0,0,5,0
GCF_000024205.1,Bacteria,Bacillota_B,Desulfotomaculia,Desulfotomaculales,Desulfofarciminaceae,Desulfofarcimen,Desulfofarcimen acetoxidans,0,0,0,0,0,0,0,0,0,1,0,4,0,0,0,0,1,3,0
GCF_000024625.1,Archaea,Methanobacteriota,Methanococci,Methanococcales,Methanocaldococcaceae,Methanocaldococcus,Methanocaldococcus vulcanius,0,0,0,2,0,0,0,0,0,1,0,3,0,0,0,0,0,1,1
GCF_000025125.1,Bacteria,Cyanobacteriota,Cyanobacteriia,Cyanobacteriales,Microcystaceae_A,Atelocyanobacterium,Atelocyanobacterium thalassa,0,0,0,0,0,0,0,0,0,1,0,1,0,0,1,0,0,1,0
GCF_000025485.1,Bacteria,Pseudomonadota,Gammaproteobacteria,Chromatiales,Chromatiaceae,Thermochromatium,Thermochromatium vinosum,0,0,0,0,1,0,0,0,0,2,0,3,0,2,2,0,0,5,0
GCF_000025525.1,Archaea,Methanobacteriota,Methanococci,Methanococcales,Methanocaldococcaceae,Methanocaldococcus,Methanocaldococcus sp000025525,0,0,0,2,0,0,0,0,0,1,0,3,0,0,0,0,0,0,1
GCF_000025705.1,Bacteria,Pseudomonadota,Gammaproteobacteria,Burkholderiales,Gallionellaceae,Sideroxyarcus,Sideroxyarcus lithotrophicus,0,0,0,0,2,0,0,0,0,2,0,2,0,3,2,0,0,4,0
GCF_000026145.1,Bacteria,Pseudomonadota,Alphaproteobacteria,Rhizobiales,Xanthobacteraceae,Bradyrhizobium,Bradyrhizobium sp000026145,0,0,0,3,1,1,0,0,0,2,0,2,1,4,4,0,0,3,0
GCF_000063445.1,Archaea,Halobacteriota,Methanocellia,Methanocellales,Methanocellaceae,Methanocella_A,Methanocella_A arvoryzae,0,0,0,2,0,0,0,0,0,1,0,2,0,0,0,0,0,1,0
GCF_000092045.1,Bacteria,Pseudomonadota,Alphaproteobacteria,Rhizobiales,Rhizobiaceae,Rhizobium,Rhizobium etli,0,0,0,1,0,0,0,0,0,2,0,0,1,4,3,0,0,1,0
GCF_000092205.1,Bacteria,Desulfobacterota,Desulfobulbia,Desulfobulbales,Desulfurivibrionaceae,Desulfurivibrio,Desulfurivibrio alkaliphilus,0,0,1,0,0,0,0,0,0,2,0,1,0,1,2,0,0,5,0
GCF_000092245.1,Bacteria,Campylobacterota,Campylobacteria,Campylobacterales,Arcobacteraceae,Arcobacter,Arcobacter nitrofigilis,0,0,0,1,0,0,0,0,0,1,0,2,0,3,2,0,0,3,0
GCF_000092305.1,Archaea,Methanobacteriota,Methanococci,Methanococcales,Methanocaldococcaceae,Methanocaldococcus_A,Methanocaldococcus_A infernus,0,0,0,2,0,0,0,0,0,1,0,2,0,0,0,0,0,1,1
GCF_000092405.1,Bacteria,Bacillota_B,Syntrophomonadia,Syntrophomonadales,Syntrophothermaceae,Syntrophothermus,Syntrophothermus lipocalidus,0,0,0,0,0,0,0,0,0,1,0,3,0,0,0,0,0,1,0
GCF_000143685.1,Bacteria,Bacillota_A,Clostridia,Clostridiales,Clostridiaceae,Clostridium_B,Clostridium_B ljungdahlii,0,0,0,0,0,0,0,0,0,1,0,5,0,0,0,0,1,2,0
GCF_000143985.1,Bacteria,Spirochaetota,Spirochaetia,DSM-16054,Sediminispirochaetaceae,Sediminispirochaeta,Sediminispirochaeta smaragdinae,0,0,0,0,0,0,0,0,0,1,0,5,0,0,0,0,1,0,0
GCF_000145275.1,Bacteria,Bacillota_A,Clostridia,Clostridiales,Clostridiaceae,Clostridium_K,Clostridium_K cellulovorans,0,0,0,0,0,0,0,0,0,2,0,2,0,0,0,0,0,1,0
GCF_000145295.1,Archaea,Methanobacteriota,Methanobacteria,Methanobacteriales,Methanothermobacteraceae,Methanothermobacter,Methanothermobacter marburgensis,0,0,0,2,0,0,0,0,0,1,0,3,0,0,0,0,0,0,0
GCF_000145615.1,Bacteria,Bacillota_A,Thermoanaerobacteria,Thermoanaerobacterales,Thermoanaerobacteraceae,Thermoanaerobacterium,Thermoanaerobacterium thermosaccharolyticum,0,0,0,0,0,0,0,0,0,1,0,5,0,0,0,0,0,2,0
GCF_000147075.1,Bacteria,Spirochaetota,Spirochaetia,DSM-6578,DSM-6578,Spirochaeta_A,Spirochaeta_A thermophila_A,0,0,0,1,0,0,0,0,0,1,0,4,0,0,0,0,0,0,0
GCF_000147335.1,Bacteria,Cyanobacteriota,Cyanobacteriia,Cyanobacteriales,Microcystaceae,Gloeothece,Gloeothece verrucosa,0,0,0,2,1,0,0,0,0,2,0,2,0,1,2,0,0,2,0
GCF_000147875.1,Archaea,Halobacteriota,Methanomicrobia,Methanomicrobiales,Methanomicrobiaceae,Methanolacinia,Methanolacinia petrolearia,0,0,0,2,0,0,0,0,0,2,0,4,0,0,0,0,0,1,0
GCF_000152145.1,Bacteria,Chloroflexota,Chloroflexia,Chloroflexales,Chloroflexaceae,Oscillochloris,Oscillochloris trichoides,0,0,0,0,1,0,0,0,0,2,0,2,0,1,3,0,0,1,0
GCF_000166055.1,Bacteria,Pseudomonadota,Alphaproteobacteria,Rhizobiales,Rhodomicrobiaceae,Rhodomicrobium,Rhodomicrobium vannielii,0,0,0,2,1,0,0,0,0,2,0,2,0,0,2,0,0,2,0
GCF_000166355.1,Bacteria,Bacillota_A,Thermoanaerobacteria,Caldicellulosiruptorales,Caldicellulosiruptoraceae,Caldicellulosiruptor,Caldicellulosiruptor hydrothermalis,0,0,0,0,0,0,0,0,0,1,0,3,0,0,0,0,0,1,1
GCF_000166775.1,Bacteria,Bacillota_A,Thermoanaerobacteria,Caldicellulosiruptorales,Caldicellulosiruptoraceae,Caldicellulosiruptor,Caldicellulosiruptor kronotskyensis,0,0,0,0,0,0,0,0,0,1,0,3,0,0,0,0,0,0,1
GCF_000167355.1,Bacteria,Desulfobacterota_F,Desulfuromonadia,Desulfuromonadales,Desulfuromonadaceae,Desulfuromonas,Desulfuromonas acetoxidans,0,0,0,0,0,0,0,0,0,1,0,1,0,1,1,0,0,2,0
GCF_000168715.1,Bacteria,Bacteroidota,Chlorobia,Chlorobiales,Chlorobiaceae,Chlorobium,Chlorobium ferrooxidans,0,0,0,0,1,0,0,0,0,2,0,1,0,0,2,0,0,2,0
GCF_000169095.1,Bacteria,Cyanobacteriota,Cyanobacteriia,Cyanobacteriales,Microcoleaceae,Limnoraphis,Limnoraphis sp000169095,0,0,0,1,1,0,0,0,0,2,0,2,0,1,2,0,0,1,0
GCF_000169335.1,Bacteria,Cyanobacteriota,Cyanobacteriia,Cyanobacteriales,Microcystaceae_A,Crocosphaera,Crocosphaera chwakensis,0,0,0,2,1,0,0,0,0,2,0,2,0,0,2,0,0,3,0
GCF_000171235.2,Bacteria,Verrucomicrobiota,Verrucomicrobiae,Opitutales,Opitutaceae,Geminisphaera,Geminisphaera colitermitum,0,0,0,0,0,0,0,0,0,2,0,0,0,3,3,0,0,0,0
GCF_000172795.2,Bacteria,Pseudomonadota,Alphaproteobacteria,Rhizobiales,Rhizobiaceae,Rhizobium,Rhizobium sp000172795,0,0,0,1,0,0,0,0,0,2,0,0,1,4,4,0,0,1,0
GCF_000174415.1,Bacteria,Bacillota_D,Dethiobacteria,Dethiobacterales,Dethiobacteraceae,Dethiobacter,Dethiobacter alkaliphilus,0,0,0,0,0,0,0,0,0,2,0,3,0,2,0,0,1,1,0
GCF_000174435.1,Bacteria,Desulfobacterota,Desulfovibrionia,Desulfovibrionales,Desulfonatronovibrionaceae,Desulfonatronospira,Desulfonatronospira thiodismutans,0,0,2,0,0,0,0,0,0,2,0,2,0,1,1,0,0,4,0
GCF_000175255.2,Bacteria,Pseudomonadota,Alphaproteobacteria,Sphingomonadales,Sphingomonadaceae,Zymomonas,Zymomonas mobilis,0,0,0,1,0,0,0,0,0,0,0,0,0,0,2,0,0,0,0
GCF_000175795.2,Bacteria,Bacillota_A,Clostridia,Acetivibrionales,DSM-27016,Ruminiclostridium,Ruminiclostridium papyrosolvens,0,0,0,0,0,0,0,0,0,1,0,4,0,0,0,0,0,0,0
GCF_000176015.1,Bacteria,Pseudomonadota,Alphaproteobacteria,Rhodobacterales,Rhodobacteraceae,Pseudorhodobacter_B,Pseudorhodobacter_B sp000176015,0,0,1,2,1,0,0,0,0,1,0,2,0,3,2,0,0,3,0
GCF_000177215.2,Bacteria,Desulfobacterota,Desulfovibrionia,Desulfovibrionales,Desulfovibrionaceae,Solidesulfovibrio,Solidesulfovibrio carbinoliphilus,0,0,0,0,0,0,0,0,0,2,0,4,0,2,2,0,0,3,0
GCF_000177635.2,Bacteria,Chrysiogenota,Chrysiogenetes,Chrysiogenales,Chrysiogenaceae,Desulfurispirillum,Desulfurispirillum indicum,0,0,2,0,0,0,0,0,0,1,0,2,0,3,2,1,0,1,0
GCF_000177675.1,Bacteria,Actinomycetota,Actinomycetia,Mycobacteriales,Frankiaceae,Frankia,Frankia sp000177675,0,0,0,2,0,1,0,0,0,2,0,1,0,2,2,0,0,1,0
GCF_000178835.2,Bacteria,Bacillota_A,Clostridia,Lachnospirales,Cellulosilyticaceae,Cellulosilyticum,Cellulosilyticum lentocellum,0,0,0,0,0,0,0,0,0,1,0,3,0,0,0,0,0,1,0
GCF_000179555.1,Bacteria,Desulfobacterota,Desulfovibrionia,Desulfovibrionales,Desulfovibrionaceae,Solidesulfovibrio,Solidesulfovibrio fructosivorans,0,0,0,0,0,0,0,0,0,2,0,4,0,1,2,0,0,4,0
GCF_000179575.2,Archaea,Methanobacteriota,Methanococci,Methanococcales,Methanococcaceae,Methanothermococcus_A,Methanothermococcus_A okinawensis,0,0,0,2,0,0,0,0,0,2,0,3,0,0,0,0,0,0,1
GCF_000179595.2,Bacteria,Bacillota_A,Clostridia,Acetivibrionales,Acetivibrionaceae,Acetivibrio,Acetivibrio cellulolyticus,0,0,0,0,0,0,0,0,0,1,0,6,0,0,0,0,1,1,0
GCF_000183135.1,Bacteria,Bacteroidota,Bacteroidia,Bacteroidales,Paludibacteraceae,Paludibacter,Paludibacter propionicigenes,0,0,0,0,0,0,0,0,0,1,0,0,0,0,2,0,0,0,0
GCF_000183725.1,Bacteria,Campylobacterota,Campylobacteria,Campylobacterales,Sulfurimonadaceae,Sulfuricurvum,Sulfuricurvum kujiense,0,0,0,0,1,0,0,0,0,2,0,1,0,2,2,1,0,2,0
GCF_000185905.1,Bacteria,Pseudomonadota,Alphaproteobacteria,Rhizobiales,Rhizobiaceae,Mesorhizobium,Mesorhizobium ciceri,0,0,0,2,1,0,0,0,0,2,0,0,1,3,4,0,0,1,0
GCF_000186885.1,Bacteria,Desulfobacterota,Desulfobulbia,Desulfobulbales,Desulfobulbaceae,Desulfobulbus,Desulfobulbus propionicus,0,0,0,0,0,0,0,0,0,2,0,5,0,2,1,0,1,4,0
GCF_000189295.2,Bacteria,Desulfobacterota,Desulfovibrionia,Desulfovibrionales,Desulfovibrionaceae,Pseudodesulfovibrio,Pseudodesulfovibrio mercurii,0,0,1,0,0,0,0,0,0,2,0,2,0,2,2,0,0,4,0
GCF_000190375.1,Bacteria,Pseudomonadota,Gammaproteobacteria,Burkholderiales,Burkholderiaceae_B,Rubrivivax,Rubrivivax benzoatilyticus,0,0,0,1,1,0,0,0,0,2,0,0,0,3,2,0,0,1,0
GCF_000190635.1,Bacteria,Bacillota_B,Desulfitobacteriia,Desulfitobacteriales,Syntrophobotulaceae,Syntrophobotulus,Syntrophobotulus glycolicus,0,0,0,1,0,0,0,0,0,2,0,3,0,1,0,0,0,1,0
GCF_000190755.2,Bacteria,Pseudomonadota,Gammaproteobacteria,Methylococcales,Methylomonadaceae,Methylobacter_A,Methylobacter_A tundripaludum,0,0,0,3,0,0,0,0,0,2,0,3,0,2,2,1,0,3,0
GCF_000191585.1,Archaea,Methanobacteriota,Methanobacteria,Methanobacteriales,Methanobacteriaceae,Methanobacterium_B,Methanobacterium_B lacus,0,0,0,2,0,0,0,0,0,2,0,2,0,0,0,0,0,0,0
GCF_000192575.1,Bacteria,Pseudomonadota,Alphaproteobacteria,Sphingomonadales,Sphingomonadaceae,Novosphingobium,Novosphingobium nitrogenifigens,0,0,0,4,0,0,0,0,0,2,0,2,0,2,4,0,0,1,0
GCF_000195755.1,Bacteria,Desulfobacterota,Desulfovibrionia,Desulfovibrionales,Desulfovibrionaceae,Nitratidesulfovibrio,Nitratidesulfovibrio vulgaris,0,0,0,0,0,0,0,0,0,2,0,2,0,3,2,0,0,3,0
GCF_000196135.1,Bacteria,Campylobacterota,Campylobacteria,Campylobacterales,Helicobacteraceae,Wolinella,Wolinella succinogenes,0,0,2,0,0,0,0,0,0,1,0,2,0,2,2,0,0,2,0
GCF_000196515.1,Bacteria,Cyanobacteriota,Cyanobacteriia,Cyanobacteriales,Nostocaceae,Trichormus_B,Trichormus_B azollae,0,0,0,1,1,0,0,0,0,2,0,1,0,0,2,0,0,1,0
GCF_000204415.1,Archaea,Halobacteriota,Methanosarcinia,Methanotrichales,Methanotrichaceae,Methanothrix,Methanothrix soehngenii,0,0,0,2,1,0,0,0,0,1,0,0,0,0,0,0,0,1,0
GCF_000213555.1,Bacteria,Bacteroidota,Bacteroidia,Bacteroidales,Dysgonomonadaceae,Dysgonomonas,Dysgonomonas gadei,0,0,0,0,0,0,0,0,0,1,0,0,0,1,1,0,0,0,0
GCF_000214355.1,Bacteria,Spirochaetota,Spirochaetia,Treponematales,Breznakiellaceae,Leadbettera,Leadbettera azotonutricia,0,0,0,0,0,0,0,0,0,1,0,4,0,0,0,0,0,0,0
GCF_000214415.1,Archaea,Methanobacteriota,Methanococci,Methanococcales,Methanococcaceae,Methanotorris,Methanotorris igneus,0,0,0,2,0,0,0,0,0,1,0,3,0,0,0,0,0,0,1
GCF_000214725.1,Archaea,Methanobacteriota,Methanobacteria,Methanobacteriales,Methanobacteriaceae,Methanobacterium_C,Methanobacterium_C paludis,0,0,0,2,0,0,0,0,0,2,0,2,0,1,0,0,0,0,0
GCF_000218875.1,Bacteria,Pseudomonadota,Alphaproteobacteria,Sphingomonadales,Sphingomonadaceae,Zymomonas,Zymomonas pomaceae,0,0,0,1,0,0,0,0,0,0,0,0,0,0,2,0,0,0,0
GCF_000224005.2,Bacteria,Pseudomonadota,Gammaproteobacteria,Chromatiales,Chromatiaceae,Marichromatium,Marichromatium purpuratum,0,0,0,0,1,0,0,0,0,2,0,2,0,1,2,0,0,3,0
GCF_000224065.1,Bacteria,Pseudomonadota,Gammaproteobacteria,Chromatiales,Chromatiaceae,Imhoffiella,Imhoffiella drewsii,0,0,0,2,2,0,0,0,0,2,0,4,0,2,2,1,0,4,0
GCF_000226255.1,Bacteria,Desulfobacterota,Desulfovibrionia,Desulfovibrionales,Desulfovibrionaceae,Cupidesulfovibrio,Cupidesulfovibrio sp000226255,0,0,0,0,0,0,0,0,0,2,0,2,0,3,2,0,0,3,0
GCF_000227745.2,Bacteria,Pseudomonadota,Gammaproteobacteria,Chromatiales,Chromatiaceae,Chromatium,Chromatium violascens,0,0,0,1,2,0,0,0,0,2,0,3,0,4,2,0,0,4,0
GCF_000228725.2,Bacteria,Pseudomonadota,Gammaproteobacteria,Chromatiales,Chromatiaceae,Thiorhodovibrio,Thiorhodovibrio sp000228725,0,0,0,0,2,0,0,0,0,2,0,2,0,3,2,0,0,5,0
GCF_000230835.1,Bacteria,Bacillota_A,Clostridia,Clostridiales,Clostridiaceae,Clostridium,Clostridium sp000230835,0,0,0,0,0,0,0,0,0,1,0,3,0,0,0,0,0,1,0
GCF_000230995.2,Bacteria,Pseudomonadota,Alphaproteobacteria,Rhizobiales,Rhizobiaceae,Mesorhizobium,Mesorhizobium australicum,0,0,0,3,0,0,0,0,0,1,0,0,1,3,4,0,0,1,0
GCF_000231385.2,Bacteria,Bacillota_B,Desulfitobacteriia,Desulfitobacteriales,Desulfitobacteriaceae,Desulfosporosinus,Desulfosporosinus meridiei,0,0,0,0,0,0,0,0,0,2,0,5,0,3,1,0,1,3,0
GCF_000235585.1,Bacteria,Bacillota,Bacilli,Paenibacillales,Paenibacillaceae,Paenibacillus,Paenibacillus terrae_B,0,0,0,0,0,1,0,0,0,2,0,1,0,2,4,1,0,1,0
GCF_000235605.1,Bacteria,Bacillota_B,Desulfitobacteriia,Desulfitobacteriales,Desulfitobacteriaceae,Desulfosporosinus,Desulfosporosinus orientis,0,0,1,0,0,0,0,0,0,2,0,5,0,0,1,0,1,5,0
GCF_000237085.1,Bacteria,Bacillota_A,Clostridia,Acetivibrionales,Acetivibrionaceae,Acetivibrio,Acetivibrio clariflavus,0,0,0,0,0,0,0,0,0,1,0,3,0,0,0,0,1,1,0
GCF_000243455.1,Archaea,Methanobacteriota,Methanococci,Methanococcales,Methanococcaceae,Methanotorris,Methanotorris formicicus,0,0,0,2,0,0,0,0,0,1,0,3,0,0,0,0,0,1,1
GCF_000244895.1,Bacteria,Bacillota_B,Desulfitobacteriia,Desulfitobacteriales,Desulfitobacteriaceae,Desulfosporosinus,Desulfosporosinus youngiae,0,0,2,0,0,0,0,0,0,2,0,4,0,3,1,0,1,3,0
GCF_000245015.1,Bacteria,Pseudomonadota,Gammaproteobacteria,Beggiatoales,Beggiatoaceae,Beggiatoa,Beggiatoa alba,0,0,0,2,1,0,0,0,0,2,0,1,0,3,2,0,0,3,0
GCF_000247605.1,Bacteria,Bacillota_A,Clostridia,Eubacteriales,Eubacteriaceae,Acetobacterium,Acetobacterium woodii,0,0,0,0,0,0,0,0,0,1,0,4,0,0,0,0,1,2,0
GCF_000251105.1,Archaea,Halobacteriota,Methanocellia,Methanocellales,Methanocellaceae,Methanocella,Methanocella conradii,0,0,0,2,0,0,0,0,0,1,0,2,0,0,0,0,0,1,0
GCF_000253295.1,Bacteria,Pseudomonadota,Alphaproteobacteria,Rhizobiales,Hyphomicrobiaceae,Hyphomicrobium_B,Hyphomicrobium_B sp000253295,0,0,0,3,0,0,0,0,0,1,0,2,0,3,4,0,0,2,0
GCF_000255115.2,Bacteria,Bacillota_B,Desulfitobacteriia,Desulfitobacteriales,Desulfitobacteriaceae,Desulfosporosinus,Desulfosporosinus acidiphilus,0,0,1,0,0,0,0,0,0,2,0,3,0,1,1,0,1,5,0
GCF_000260135.1,Bacteria,Pseudomonadota,Gammaproteobacteria,Thiotrichales,Thiotrichaceae,Thiothrix,Thiothrix nivea,0,0,1,3,2,0,0,0,0,2,0,3,0,3,3,0,0,6,0
GCF_000261685.1,Bacteria,Pseudomonadota,Alphaproteobacteria,Rhizobiales,Xanthobacteraceae,Bradyrhizobium,Bradyrhizobium sp000261685,0,0,0,2,1,1,0,0,0,2,0,1,1,4,4,0,0,3,0
GCF_000265205.3,Bacteria,Pseudomonadota,Alphaproteobacteria,Rhizobiales,Rhizobiaceae,Sinorhizobium,Sinorhizobium fredii_B,0,0,0,3,1,0,0,0,0,2,0,0,1,5,4,0,0,1,0
GCF_000265295.1,Bacteria,Campylobacterota,Campylobacteria,Campylobacterales,Sulfurospirillaceae,Sulfurospirillum,Sulfurospirillum barnesii,0,0,2,0,0,0,0,0,0,2,0,2,0,2,2,0,0,2,0
GCF_000266945.1,Bacteria,Desulfobacterota,Desulfomonilia,Desulfomonilales,Desulfomonilaceae,Desulfomonile,Desulfomonile tiedjei,0,0,1,1,0,0,0,0,0,2,0,2,0,3,2,1,1,4,0
GCF_000271665.2,Bacteria,Bacillota_C,Negativicutes,Propionisporales,DSM-13327,Pelosinus,Pelosinus fermentans_A,0,0,0,0,0,0,0,0,0,1,0,4,0,3,1,1,1,2,0
GCF_000271845.1,Bacteria,Pseudomonadota,Alphaproteobacteria,Rhizobiales,Rhizobiaceae,Rhizobium,Rhizobium leguminosarum_G,0,0,0,1,0,0,0,0,0,2,0,0,1,2,4,0,0,1,0
GCF_000272475.1,Bacteria,Pseudomonadota,Alphaproteobacteria,Sphingomonadales,Sphingomonadaceae,Novosphingobium,Novosphingobium sp000272475,0,0,0,1,0,0,0,0,0,1,0,0,0,2,4,0,0,1,0
GCF_000275865.1,Archaea,Halobacteriota,Methanomicrobia,Methanomicrobiales,Methanofollaceae,Methanofollis,Methanofollis liminatans,0,0,0,2,0,0,0,0,0,2,0,3,0,0,0,0,0,1,0
GCF_000280495.2,Bacteria,Pseudomonadota,Gammaproteobacteria,Enterobacterales,Enterobacteriaceae,Kosakonia,Kosakonia radicincitans,0,0,0,1,0,0,0,0,0,2,0,2,1,2,2,0,0,0,0
GCF_000283235.1,Bacteria,Pseudomonadota,Alphaproteobacteria,Rhizobiales,Beijerinckiaceae,Methylocystis,Methylocystis parvus,0,0,0,3,0,0,0,0,0,2,0,2,0,2,3,0,0,2,0
GCF_000284255.1,Bacteria,Pseudomonadota,Gammaproteobacteria,Burkholderiales,Burkholderiaceae_B,Rubrivivax,Rubrivivax gelatinosus_A,0,0,0,2,1,0,0,0,0,2,0,2,0,3,3,0,0,1,0
GCF_000284315.1,Bacteria,Nitrospirota_A,Leptospirillia,Leptospirillales,Leptospirillaceae,Leptospirillum,Leptospirillum ferrooxidans,0,0,0,0,0,0,0,0,0,2,0,1,0,1,2,0,0,3,0
GCF_000284375.1,Bacteria,Pseudomonadota,Alphaproteobacteria,Rhizobiales,Xanthobacteraceae,Bradyrhizobium,Bradyrhizobium japonicum,0,0,0,3,1,1,0,0,0,2,0,1,1,4,4,0,0,2,0
GCF_000284415.1,Bacteria,Pseudomonadota,Alphaproteobacteria,Rhodospirillales,Rhodospirillaceae,Pararhodospirillum,Pararhodospirillum photometricum,0,0,0,1,2,0,0,0,0,1,0,2,0,2,2,0,0,0,0
GCF_000292525.1,Bacteria,Pseudomonadota,Alphaproteobacteria,Rhizobiales,Rhizobiaceae,Rhizobium,Rhizobium sp000292525,0,0,0,1,0,0,0,0,0,2,0,0,1,2,4,0,0,1,0
GCF_000293785.1,Bacteria,Pseudomonadota,Alphaproteobacteria,Rhizobiales,Xanthobacteraceae,Rhodoplanes,Rhodoplanes sp000293785,0,0,0,1,1,0,0,0,0,2,0,4,0,2,3,0,1,2,0
GCF_000294655.1,Bacteria,Pseudomonadota,Alphaproteobacteria,Rhodospirillales,Magnetospirillaceae,Phaeospirillum,Phaeospirillum molischianum,0,0,0,0,1,0,0,0,0,2,0,2,0,0,2,0,0,0,0
GCF_000296215.2,Bacteria,Pseudomonadota,Alphaproteobacteria,Rhizobiales,Xanthobacteraceae,Bradyrhizobium,Bradyrhizobium sp000296215,0,0,0,2,1,1,0,0,0,2,0,1,1,4,4,0,0,2,0
GCF_000297095.1,Bacteria,Spirochaetota,Spirochaetia,Treponematales,Breznakiellaceae,Termitinema,Termitinema primitia_A,0,0,0,0,0,0,0,0,0,1,0,3,0,0,0,0,0,0,0
GCF_000298315.2,Bacteria,Pseudomonadota,Alphaproteobacteria,Rhizobiales,Rhizobiaceae,Rhizobium,Rhizobium grahamii,0,0,0,1,0,0,0,0,0,2,0,0,1,3,4,0,0,1,0
GCF_000300455.3,Bacteria,Pseudomonadota,Gammaproteobacteria,Enterobacterales,Enterobacteriaceae,Kosakonia,Kosakonia sacchari,0,0,0,1,0,0,0,0,0,2,0,2,0,2,2,1,0,0,0
GCF_000300975.2,Bacteria,Pseudomonadota,Gammaproteobacteria,Burkholderiales,Burkholderiaceae,Herbaspirillum,Herbaspirillum frisingense,0,0,0,1,0,0,0,0,0,2,0,0,0,5,4,1,0,1,0
GCF_000302455.1,Archaea,Methanobacteriota,Methanobacteria,Methanobacteriales,Methanobacteriaceae,Methanobacterium,Methanobacterium formicicum_A,0,0,0,2,0,0,0,0,0,2,0,3,0,1,0,0,0,0,0
GCF_000304315.1,Bacteria,Pseudomonadota,Alphaproteobacteria,Rhizobiales,Beijerinckiaceae,Methylocystis,Methylocystis sp000304315,0,0,1,3,0,0,0,0,0,2,0,3,0,0,3,0,0,2,0
GCF_000305935.1,Bacteria,Bacillota_B,DSM-12270,Thermacetogeniales,Thermacetogeniaceae,Thermacetogenium,Thermacetogenium phaeum,0,0,0,0,0,0,0,0,0,1,0,2,0,0,0,0,0,1,0
GCF_000307775.2,Bacteria,Pseudomonadota,Gammaproteobacteria,Pseudomonadales,Pseudomonadaceae,Stutzerimonas,Stutzerimonas stutzeri_B,0,0,0,3,0,0,0,0,0,2,0,0,0,5,3,0,0,1,0
GCF_000308215.1,Archaea,Thermoplasmatota,Thermoplasmata,Methanomassiliicoccales,Methanomassiliicoccaceae,Methanomassiliicoccus,Methanomassiliicoccus luminyensis,0,0,0,1,0,0,0,0,0,1,0,2,0,1,0,0,0,0,0
GCF_000309385.1,Bacteria,Cyanobacteriota,Cyanobacteriia,Phormidesmiales,Phormidesmiaceae,Nodosilinea,Nodosilinea nodulosa,0,0,0,1,1,0,0,0,0,2,0,0,0,1,2,0,0,3,0
GCF_000312665.1,Bacteria,Pseudomonadota,Alphaproteobacteria,Rhizobiales,Rhizobiaceae,Rhizobium,Rhizobium mesoamericanum,0,0,0,1,0,1,0,0,0,2,0,0,1,2,4,0,0,1,0
GCF_000315365.1,Bacteria,Bacillota_B,Desulfotomaculia,Desulfotomaculales,Desulfotomaculaceae,Desulfotomaculum,Desulfotomaculum hydrothermale,0,0,0,0,0,0,0,0,0,2,0,4,0,0,1,0,0,3,0
GCF_000315565.1,Bacteria,Cyanobacteriota,Cyanobacteriia,Cyanobacteriales,Nostocaceae,Mastigocladopsis,Mastigocladopsis repens,0,0,1,1,1,0,0,0,0,2,0,1,0,1,2,0,0,2,0
GCF_000315795.1,Bacteria,Pseudomonadota,Alphaproteobacteria,Rhodospirillales,Rhodospirillaceae,Caenispirillum,Caenispirillum salinarum,0,0,0,2,1,0,0,0,0,2,0,1,1,5,3,0,0,2,0
GCF_000316115.1,Bacteria,Cyanobacteriota,Cyanobacteriia,Phormidesmiales,Phormidesmiaceae,Leptothoe,Leptothoe sp000316115,0,0,0,2,1,0,0,0,0,2,0,1,0,1,2,0,0,3,0
GCF_000316575.1,Bacteria,Cyanobacteriota,Cyanobacteriia,Cyanobacteriales,Nostocaceae,Fortiea,Fortiea sp000316575,0,0,0,2,1,0,0,0,0,2,0,1,0,0,2,0,1,2,0
GCF_000316625.1,Bacteria,Cyanobacteriota,Cyanobacteriia,Cyanobacteriales,Nostocaceae,Anabaenopsis,Anabaenopsis sp000316625,0,0,0,1,1,0,0,0,0,2,0,2,0,1,2,0,0,2,0
GCF_000317125.1,Bacteria,Cyanobacteriota,Cyanobacteriia,Cyanobacteriales,Chroococcidiopsidaceae,Chroococcidiopsis,Chroococcidiopsis thermalis,0,0,0,1,1,0,0,0,0,2,0,1,0,2,2,0,0,2,0
GCF_000317205.1,Bacteria,Cyanobacteriota,Cyanobacteriia,Cyanobacteriales,Nostocaceae,Fischerella,Fischerella muscicola,0,0,0,1,1,0,0,0,0,2,0,1,0,1,2,0,0,2,0
GCF_000317225.1,Bacteria,Cyanobacteriota,Cyanobacteriia,Cyanobacteriales,Nostocaceae,Fischerella,Fischerella thermalis,0,0,0,1,1,0,0,0,0,2,0,2,0,1,2,0,0,2,0
GCF_000317285.1,Bacteria,Cyanobacteriota,Cyanobacteriia,Cyanobacteriales,Nostocaceae,Chlorogloeopsis,Chlorogloeopsis fritschii,0,0,0,2,1,0,0,0,0,2,0,2,0,2,2,0,1,2,0
GCF_000317515.1,Bacteria,Cyanobacteriota,Cyanobacteriia,Cyanobacteriales,Coleofasciculaceae,Allocoleopsis,Allocoleopsis franciscana,0,0,1,1,1,0,0,0,0,2,0,1,0,2,1,0,0,1,0
GCF_000327045.1,Bacteria,Pseudomonadota,Gammaproteobacteria,Chromatiales,Chromatiaceae,Thioflavicoccus,Thioflavicoccus mobilis,0,0,0,1,2,0,0,0,0,2,0,3,0,1,2,0,0,3,0
GCF_000332055.1,Bacteria,Cyanobacteriota,Cyanobacteriia,Cyanobacteriales,Xenococcaceae,Xenococcus,Xenococcus sp000332055,0,0,0,2,1,0,0,0,0,2,0,1,1,1,1,0,0,2,0
GCF_000332155.1,Bacteria,Cyanobacteriota,Cyanobacteriia,Cyanobacteriales,Microcoleaceae,Kamptonema,Kamptonema formosum,0,0,0,1,1,0,0,0,0,2,0,0,0,2,2,0,0,3,0
GCF_000332175.1,Bacteria,Cyanobacteriota,Cyanobacteriia,Pseudanabaenales,Pseudanabaenaceae,PCC-6802,PCC-6802 sp000332175,0,0,0,1,1,0,0,0,0,2,0,1,1,2,1,0,0,3,0
GCF_000332335.1,Bacteria,Cyanobacteriota,Cyanobacteriia,Cyanobacteriales,Oscillatoriaceae,Oscillatoria,Oscillatoria sp000332335,0,0,0,1,1,0,0,0,0,2,0,2,0,2,2,0,0,2,0
GCF_000333275.1,Bacteria,Pseudomonadota,Alphaproteobacteria,Azospirillales,Azospirillaceae,Nitrospirillum,Nitrospirillum sp000333275,0,0,0,2,1,0,0,0,0,2,0,2,0,2,4,0,0,1,0
GCF_000333455.1,Bacteria,Pseudomonadota,Alphaproteobacteria,Rhizobiales,Xanthobacteraceae,Rhodopseudomonas,Rhodopseudomonas sp000333455,0,0,0,4,2,0,0,0,0,2,0,2,1,3,4,0,0,2,0
GCF_000333595.1,Bacteria,Pseudomonadota,Alphaproteobacteria,Azospirillales,Azospirillaceae,Azospirillum,Azospirillum sp000333595,0,0,0,3,0,0,0,0,0,2,0,3,1,5,4,0,0,0,0
GCF_000333615.1,Bacteria,Pseudomonadota,Gammaproteobacteria,Burkholderiales,Burkholderiaceae_B,Ideonella,Ideonella sp000333615,0,0,0,3,0,0,0,0,0,2,0,2,0,2,4,0,0,3,0
GCF_000340565.2,Bacteria,Cyanobacteriota,Cyanobacteriia,Cyanobacteriales,Nostocaceae,Nodularia,Nodularia spumigena,0,0,0,1,1,0,0,0,0,2,0,1,0,1,2,0,0,1,0
GCF_000340885.1,Bacteria,Bacillota_A,Clostridia,Clostridiales,Clostridiaceae,Clostridium,Clostridium saccharoperbutylacetonicum,0,0,0,0,0,0,0,0,0,1,0,3,0,0,1,0,0,1,0
GCF_000341395.1,Bacteria,Desulfobacterota,Desulfobulbia,Desulfobulbales,Desulfocapsaceae,Desulfocapsa,Desulfocapsa sulfexigens,0,0,1,0,0,0,0,0,0,2,0,1,0,2,1,0,1,4,0
GCF_000341615.1,Bacteria,Pseudomonadota,Gammaproteobacteria,Pseudomonadales,Pseudomonadaceae,Stutzerimonas,Stutzerimonas stutzeri_G,0,0,0,2,0,0,0,0,0,2,0,0,0,5,3,0,0,1,0
GCF_000341735.1,Bacteria,Pseudomonadota,Gammaproteobacteria,Methylococcales,Methylomonadaceae,Methylotuvimicrobium,Methylotuvimicrobium buryatense,0,0,0,4,0,0,0,0,0,2,0,2,0,3,1,0,0,3,0
GCF_000341895.1,Bacteria,Desulfobacterota,Desulfovibrionia,Desulfovibrionales,Desulfovibrionaceae,Pseudodesulfovibrio,Pseudodesulfovibrio piezophilus,0,0,0,1,0,0,0,0,0,2,0,2,0,1,2,0,0,4,0
GCF_000342045.1,Bacteria,Pseudomonadota,Alphaproteobacteria,Rhodospirillales,Magnetospirillaceae,Phaeospirillum,Phaeospirillum caucaseum,0,0,0,1,1,0,0,0,0,2,0,3,0,5,2,0,0,2,0
GCF_000346485.2,Bacteria,Cyanobacteriota,Cyanobacteriia,Cyanobacteriales,Nostocaceae,Scytonema,Scytonema hofmannii,0,0,0,2,1,0,0,0,0,2,0,1,0,2,1,0,0,2,0
GCF_000350085.1,Bacteria,Pseudomonadota,Alphaproteobacteria,Rhizobiales,Rhizobiaceae,Mesorhizobium,Mesorhizobium metallidurans,0,0,1,1,0,0,0,0,0,2,0,0,1,2,3,0,0,1,0
GCF_000353285.1,Bacteria,Cyanobacteriota,Cyanobacteriia,Leptolyngbyales,Leptolyngbyaceae,Leptolyngbya,Leptolyngbya boryana,0,0,0,1,1,1,0,0,0,2,0,1,1,1,2,0,1,2,0
GCF_000359125.1,Bacteria,Pseudomonadota,Alphaproteobacteria,Rhizobiales,Rhizobiaceae,Mesorhizobium,Mesorhizobium sp000359125,0,0,0,1,0,0,0,0,0,1,0,0,1,2,3,0,0,1,0
GCF_000359585.1,Bacteria,Bacillota_A,Clostridia,Clostridiales,Clostridiaceae,Clostridium_B,Clostridium_B tyrobutyricum,0,0,0,1,0,0,0,0,0,1,0,1,0,0,0,0,0,2,0
GCF_000359745.1,Bacteria,Pseudomonadota,Alphaproteobacteria,Rhizobiales,Rhizobiaceae,Rhizobium,Rhizobium freirei,0,0,0,1,0,0,0,0,0,2,0,1,1,3,4,0,0,1,0
GCF_000365305.1,Bacteria,Pseudomonadota,Gammaproteobacteria,Enterobacterales,Enterobacteriaceae,Dickeya,Dickeya dianthicola,0,0,0,1,0,0,0,0,0,2,0,2,0,2,2,1,0,0,0
GCF_000372525.1,Bacteria,Pseudomonadota,Gammaproteobacteria,Burkholderiales,Burkholderiaceae,Cupriavidus,Cupriavidus neocaledonicus,0,0,0,4,0,0,0,0,0,1,0,0,0,5,4,0,0,2,0
GCF_000372845.1,Bacteria,Pseudomonadota,Alphaproteobacteria,Rhizobiales,Beijerinckiaceae,Methylocystis,Methylocystis rosea,0,0,0,3,0,0,0,0,0,2,0,2,0,0,2,0,0,2,0
GCF_000372885.1,Bacteria,Pseudomonadota,Gammaproteobacteria,Burkholderiales,Rhodocyclaceae,Methyloversatilis,Methyloversatilis thermotolerans,0,0,0,2,0,0,0,0,0,2,0,3,0,2,3,0,0,2,0
GCF_000373965.1,Bacteria,Pseudomonadota,Gammaproteobacteria,Burkholderiales,Rhodocyclaceae,Uliginosibacterium,Uliginosibacterium gangwonense,0,0,0,0,0,0,0,0,0,2,0,2,0,4,2,1,0,0,0
GCF_000374165.1,Bacteria,Actinomycetota,Actinomycetia,Mycobacteriales,Frankiaceae,Frankia,Frankia elaeagni,0,0,0,1,0,1,0,0,0,2,0,1,0,2,3,0,0,1,0
GCF_000374185.1,Bacteria,Bacillota,Bacilli,Paenibacillales,Paenibacillaceae,Paenibacillus,Paenibacillus sp000374185,0,0,0,1,0,1,0,0,0,1,0,1,0,1,3,0,0,1,0
GCF_000374545.1,Bacteria,Bacillota_C,Negativicutes,Anaeromusales,Anaeromusaceae,Anaeromusa,Anaeromusa acidaminophila,0,0,0,0,0,0,0,0,0,1,0,6,0,1,1,0,1,1,0
GCF_000375485.1,Bacteria,Desulfobacterota,Desulfovibrionia,Desulfovibrionales,Desulfovibrionaceae,Pseudodesulfovibrio,Pseudodesulfovibrio oxyclinae,0,0,1,0,0,0,0,0,0,2,0,3,0,1,1,0,0,4,0
GCF_000376385.1,Bacteria,Bacillota_B,Desulfotomaculia,Desulfotomaculales,Desulfurisporaceae,Desulfurispora,Desulfurispora thermophila,0,0,1,0,0,0,0,0,0,2,0,4,0,0,0,0,1,4,0
GCF_000376965.1,Archaea,Methanobacteriota,Methanococci,Methanococcales,Methanococcaceae,Methanothermococcus,Methanothermococcus thermolithotrophicus,0,0,0,2,0,0,0,0,0,1,0,3,0,0,0,0,0,1,0
GCF_000378245.1,Bacteria,Pseudomonadota,Gammaproteobacteria,Burkholderiales,Rhodocyclaceae,Aromatoleum,Aromatoleum toluclasticum,0,0,1,3,0,0,0,0,0,2,0,1,0,4,2,1,0,3,0
GCF_000378985.1,Bacteria,Pseudomonadota,Alphaproteobacteria,Rhizobiales,Rhizobiaceae,Sinorhizobium,Sinorhizobium sp000378985,0,0,0,2,1,0,0,0,0,2,0,1,1,5,4,0,0,2,0
GCF_000379025.1,Bacteria,Bacillota_F,Halanaerobiia,Halobacteroidales,Halobacteroidaceae,Orenia,Orenia marismortui,0,0,0,0,0,0,0,0,0,1,0,5,0,0,0,0,0,3,0
GCF_000379105.1,Bacteria,Pseudomonadota,Alphaproteobacteria,Rhizobiales,Beijerinckiaceae,Methylobacterium,Methylobacterium sp000379105,0,0,0,2,0,0,0,0,0,2,0,0,1,1,4,1,0,2,0
GCF_000379165.1,Bacteria,Pseudomonadota,Gammaproteobacteria,Pseudomonadales,Cellvibrionaceae,Teredinibacter,Teredinibacter turnerae,0,0,0,1,0,0,0,0,0,2,0,0,0,2,3,0,0,1,0
GCF_000380335.1,Bacteria,Pseudomonadota,Gammaproteobacteria,Pseudomonadales,Pseudomonadaceae,Azotobacter,Azotobacter vinelandii,0,0,0,2,0,0,0,0,0,2,0,2,0,2,3,0,0,1,0
GCF_000381265.1,Bacteria,Pseudomonadota,Gammaproteobacteria,Burkholderiales,Burkholderiaceae_B,Curvibacter,Curvibacter lanceolatus,0,0,0,3,0,0,0,0,0,2,0,2,0,3,3,1,0,2,0
GCF_000383855.1,Bacteria,Pseudomonadota,Gammaproteobacteria,Methylococcales,Methylomonadaceae,Methylobacter,Methylobacter marinus,0,0,0,3,0,0,0,0,0,2,0,2,0,3,3,0,0,3,0
GCF_000384075.1,Bacteria,Pseudomonadota,Gammaproteobacteria,Methylococcales,Methylomonadaceae,Methylovulum,Methylovulum miyakonense,0,0,0,4,0,0,0,0,0,2,0,3,0,3,3,0,0,2,0
GCF_000384395.1,Bacteria,Desulfobacterota_F,Desulfuromonadia,Desulfuromonadales,Geopsychrobacteraceae,Geopsychrobacter,Geopsychrobacter electrodiphilus,0,0,1,0,0,0,0,0,0,1,0,2,0,1,3,1,0,2,0
GCF_000385335.1,Bacteria,Pseudomonadota,Alphaproteobacteria,Rhizobiales,Beijerinckiaceae,Methyloferula,Methyloferula stellata,0,0,0,3,1,1,0,0,0,2,0,2,0,0,4,0,0,2,0
GCF_000385375.1,Bacteria,Pseudomonadota,Gammaproteobacteria,Burkholderiales,Rhodocyclaceae,Methyloversatilis,Methyloversatilis discipulorum_A,0,0,0,3,1,1,0,0,0,2,0,3,0,4,3,0,0,3,0
GCF_000389635.1,Bacteria,Bacillota_A,Clostridia,Clostridiales,Clostridiaceae,Clostridium_I,Clostridium_I pasteurianum_A,0,0,0,0,0,0,0,0,0,1,0,2,0,1,0,0,1,1,0
GCF_000400505.1,Bacteria,Pseudomonadota,Gammaproteobacteria,Enterobacterales,Enterobacteriaceae,Musicola,Musicola paradisiaca,0,0,0,1,0,0,0,0,0,2,0,2,0,2,2,1,0,0,0
GCF_000403135.1,Bacteria,Bacteroidota,Bacteroidia,Sphingobacteriales,Sphingobacteriaceae,Arcticibacter,Arcticibacter svalbardensis,0,0,0,0,0,0,0,0,0,2,0,0,0,2,2,0,0,1,0
GCF_000406105.1,Bacteria,Pseudomonadota,Gammaproteobacteria,Enterobacterales,Enterobacteriaceae,Dickeya,Dickeya chrysanthemi,0,0,0,1,0,0,0,0,0,2,0,2,0,2,2,1,0,0,0
GCF_000406145.1,Bacteria,Pseudomonadota,Gammaproteobacteria,Enterobacterales,Enterobacteriaceae,Dickeya,Dickeya dadantii,0,0,0,1,0,0,0,0,0,2,0,2,0,2,2,1,0,0,0
GCF_000417905.1,Bacteria,Pseudomonadota,Gammaproteobacteria,Enterobacterales_A,Vibrionaceae,Vibrio,Vibrio natriegens,0,0,0,1,0,0,0,0,0,2,0,0,0,3,4,0,0,0,0
GCF_000420085.1,Bacteria,Desulfobacterota,Desulfobacteria,Desulfobacterales,Desulfobacteraceae,Desulfospira,Desulfospira joergensenii,0,0,0,0,0,0,0,0,0,2,0,2,0,2,2,0,1,4,0
GCF_000420485.1,Bacteria,Desulfobacterota,Desulfovibrionia,Desulfovibrionales,Desulfovibrionaceae,Paucidesulfovibrio,Paucidesulfovibrio longus,0,0,0,0,0,0,0,0,0,2,0,2,0,2,3,0,0,4,0
GCF_000421105.1,Bacteria,Deferribacterota,Deferribacteres,Deferribacterales,Denitrovibrionaceae,Limisalsivibrio,Limisalsivibrio acetivorans,0,0,2,0,0,0,0,0,0,1,0,1,0,2,2,0,1,2,0
GCF_000421725.1,Bacteria,Bacillota_A,Thermoanaerobacteria,Caldicellulosiruptorales,Caldicellulosiruptoraceae,Caldicellulosiruptor,Caldicellulosiruptor acetigenus,0,0,0,0,0,0,0,0,0,1,0,3,0,0,0,0,0,1,1
GCF_000421965.1,Bacteria,Bacillota_A,Clostridia,Acetivibrionales,DSM-27016,Ruminiclostridium,Ruminiclostridium papyrosolvens_A,0,0,0,0,0,0,0,0,0,1,0,3,0,0,0,0,0,0,0
GCF_000422205.1,Bacteria,Desulfobacterota,Desulfovibrionia,Desulfovibrionales,Desulfovibrionaceae,Desulfohalovibrio,Desulfohalovibrio sp000422205,0,0,0,0,0,0,0,0,0,2,0,3,0,2,2,0,0,4,0
GCF_000422245.1,Bacteria,Desulfobacterota,Desulfovibrionia,Desulfovibrionales,Desulfovibrionaceae,Desulfohalovibrio,Desulfohalovibrio alkalitolerans,0,0,2,1,0,0,0,0,0,2,0,2,0,2,1,0,0,3,0
GCF_000422965.1,Bacteria,Pseudomonadota,Alphaproteobacteria,Rhizobiales,Pleomorphomonadaceae,Pleomorphomonas,Pleomorphomonas oryzae,0,0,0,0,0,0,0,0,0,2,0,4,0,3,3,0,1,2,0
GCF_000424685.1,Bacteria,Pseudomonadota,Gammaproteobacteria,Methylococcales,Methylococcaceae,Methylococcus,Methylococcus capsulatus,0,0,0,4,1,0,0,0,0,2,0,2,0,2,2,0,0,3,0
GCF_000425185.1,Bacteria,Pseudomonadota,Alphaproteobacteria,Rhizobiales,Pleomorphomonadaceae,Pleomorphomonas,Pleomorphomonas koreensis,0,0,0,0,0,0,0,0,0,2,0,4,0,3,3,0,1,2,0
GCF_000425265.1,Bacteria,Desulfobacterota,Desulfovibrionia,Desulfovibrionales,Desulfovibrionaceae,Maridesulfovibrio,Maridesulfovibrio zosterae,0,0,0,0,0,0,0,0,0,2,0,3,0,1,1,0,0,3,0
GCF_000426225.1,Bacteria,Desulfobacterota,Desulfobacteria,Desulfobacterales,Desulforegulaceae,Desulforegula,Desulforegula conservatrix,0,0,0,1,0,0,0,0,0,1,0,0,0,1,1,0,0,3,0
GCF_000426285.1,Bacteria,Pseudomonadota,Alphaproteobacteria,Rhizobiales,Rhizobiaceae,Rhizobium,Rhizobium leucaenae,0,0,0,1,0,0,0,0,0,2,0,1,1,2,3,0,0,1,0
GCF_000426345.1,Bacteria,Pseudomonadota,Gammaproteobacteria,Burkholderiales,Burkholderiaceae,Cupriavidus,Cupriavidus sp000426345,0,0,0,4,0,0,0,0,0,2,0,0,0,5,4,0,0,2,0
GCF_000426705.1,Bacteria,Spirochaetota,Spirochaetia,DSM-17781,DSM-17781,Spirochaeta_E,Spirochaeta_E cellobiosiphila,0,0,0,0,0,0,0,0,0,1,0,2,0,0,0,0,0,0,0
GCF_000427385.1,Bacteria,Pseudomonadota,Gammaproteobacteria,Methylococcales,Methylococcaceae,Methylocaldum,Methylocaldum szegediense,0,0,0,3,1,0,0,0,0,2,0,1,0,4,3,0,0,2,0
GCF_000427425.1,Bacteria,Bacillota_A,Thermoanaerobacteria,Thermoanaerobacterales,Caldanaerobiaceae,Caldanaerobius,Caldanaerobius polysaccharolyticus,0,0,0,0,0,0,0,0,0,1,0,4,0,0,0,0,0,2,0
GCF_000427625.1,Bacteria,Pseudomonadota,Gammaproteobacteria,Methylococcales,Methylomonadaceae,Methylobacter,Methylobacter luteus,0,0,0,3,0,0,0,0,0,2,0,2,0,3,3,0,0,3,0
GCF_000428985.1,Bacteria,Pseudomonadota,Gammaproteobacteria,Pseudomonadales,Nitrincolaceae,Marinobacterium,Marinobacterium litorale,0,0,0,3,0,0,0,0,0,2,0,3,0,2,3,0,0,2,0
GCF_000429305.1,Bacteria,Desulfobacterota,Desulfovibrionia,Desulfovibrionales,Desulfovibrionaceae,Alteridesulfovibrio,Alteridesulfovibrio inopinatus,0,0,1,0,0,0,0,0,0,2,0,4,0,0,1,0,0,4,0
GCF_000429325.1,Bacteria,Desulfobacterota,Desulfovibrionia,Desulfovibrionales,Desulfovibrionaceae,Fundidesulfovibrio,Fundidesulfovibrio putealis,0,0,0,0,1,0,0,0,0,2,0,3,0,2,2,0,1,3,0
GCF_000429485.1,Bacteria,Pseudomonadota,Gammaproteobacteria,Enterobacterales_A,Celerinatantimonadaceae,Aliagarivorans,Aliagarivorans marinus,0,0,0,1,0,0,0,0,0,2,0,0,0,3,3,0,0,0,0
GCF_000429505.1,Bacteria,Pseudomonadota,Gammaproteobacteria,Enterobacterales_A,Celerinatantimonadaceae,Aliagarivorans,Aliagarivorans taiwanensis,0,0,0,1,0,0,0,0,0,2,0,0,0,3,3,0,0,0,0
GCF_000429605.1,Bacteria,Pseudomonadota,Gammaproteobacteria,Burkholderiales,Rhodocyclaceae,Azonexus,Azonexus hydrophilus,0,0,0,0,1,0,0,0,0,2,0,3,0,6,2,1,0,1,0
GCF_000429645.1,Bacteria,Pseudomonadota,Alphaproteobacteria,Azospirillales,Azospirillaceae,Niveispirillum,Niveispirillum irakense,0,0,0,1,0,0,0,0,0,2,0,0,0,4,3,0,0,1,0
GCF_000429905.1,Bacteria,Desulfobacterota,Desulfobacteria,Desulfobacterales,Desulfatibacillaceae,Desulfatibacillum,Desulfatibacillum aliphaticivorans,0,0,1,0,0,0,0,0,0,2,0,3,0,2,1,0,0,4,0
GCF_000430885.1,Bacteria,Bacillota_B,Desulfotomaculia,Desulfotomaculales,Desulfallaceae,Desulfallas,Desulfallas alcoholivorax,0,0,0,0,0,0,0,0,0,2,0,5,0,0,0,0,1,3,0
GCF_000447295.1,Bacteria,Cyanobacteriota,Cyanobacteriia,Cyanobacteriales,Nostocaceae,Pelatocladus,Pelatocladus sp000447295,0,0,0,1,1,0,0,0,0,2,0,1,0,1,2,0,0,2,0
GCF_000468095.1,Bacteria,Pseudomonadota,Gammaproteobacteria,Enterobacterales,Enterobacteriaceae,Pantoea,Pantoea sp000468095,0,0,0,1,0,0,0,0,0,2,0,0,1,2,3,0,0,0,0
GCF_000469585.1,Bacteria,Chrysiogenota,Chrysiogenetes,Chrysiogenales,Chrysiogenaceae,Chrysiogenes,Chrysiogenes arsenatis,0,0,2,0,0,0,0,0,0,1,0,2,0,3,2,1,0,0,0
GCF_000472285.1,Bacteria,Desulfobacterota_F,Desulfuromonadia,Desulfuromonadales,ATBO01,ATBO01,ATBO01 sp000472285,0,0,1,0,0,0,0,0,0,1,0,3,0,2,3,1,0,3,0
GCF_000472425.1,Bacteria,Pseudomonadota,Alphaproteobacteria,Rhizobiales,Xanthobacteraceae,Bradyrhizobium,Bradyrhizobium sp000472425,0,0,0,2,1,0,0,0,0,2,0,1,1,4,4,0,0,2,0
GCF_000472665.1,Bacteria,Bacillota_A,Clostridia,Eubacteriales,Eubacteriaceae,Acetobacterium,Acetobacterium dehalogenans,0,0,0,0,0,0,0,0,0,1,0,3,0,0,0,0,0,2,0
GCF_000472705.1,Bacteria,Pseudomonadota,Alphaproteobacteria,Rhizobiales,Rhizobiaceae,Mesorhizobium,Mesorhizobium erdmanii,0,0,0,1,0,0,0,0,0,2,0,0,1,3,4,0,0,2,0
GCF_000472785.1,Bacteria,Pseudomonadota,Alphaproteobacteria,Rhizobiales,Rhizobiaceae,Mesorhizobium,Mesorhizobium loti_E,0,0,0,1,0,0,0,0,0,2,0,0,1,2,4,0,0,1,0
GCF_000472925.1,Bacteria,Pseudomonadota,Alphaproteobacteria,Rhizobiales,Xanthobacteraceae,Bradyrhizobium,Bradyrhizobium sp000472925,0,0,0,2,1,1,0,0,0,2,0,1,1,5,4,0,0,2,0
GCF_000472965.1,Bacteria,Pseudomonadota,Alphaproteobacteria,Rhizobiales,Xanthobacteraceae,Bradyrhizobium,Bradyrhizobium murdochi,0,0,0,2,1,1,0,0,0,2,0,1,1,3,3,0,0,2,0
GCF_000473045.1,Bacteria,Pseudomonadota,Alphaproteobacteria,Rhizobiales,Xanthobacteraceae,Bradyrhizobium,Bradyrhizobium sp000473045,0,0,0,3,1,1,0,0,0,2,0,1,1,4,4,0,0,3,0
GCF_000473065.1,Bacteria,Pseudomonadota,Alphaproteobacteria,Rhizobiales,Xanthobacteraceae,Bradyrhizobium,Bradyrhizobium sp000473065,0,0,0,2,1,1,0,0,0,2,0,0,1,1,3,0,0,2,0
GCF_000478195.2,Bacteria,Cyanobacteriota,Cyanobacteriia,Cyanobacteriales,Microcoleaceae,Limnoraphis,Limnoraphis aestuarii,0,0,0,1,1,0,0,0,0,2,0,2,0,1,2,0,0,1,0
GCF_000482785.1,Bacteria,Pseudomonadota,Gammaproteobacteria,Burkholderiales,Burkholderiaceae,Derxia,Derxia gummosa,0,0,0,4,1,0,0,0,0,2,0,2,0,2,3,0,0,2,0
GCF_000495435.3,Bacteria,Bacillota_A,Clostridia,Clostridiales,Clostridiaceae,Youngiibacter,Youngiibacter fragilis,0,0,0,0,0,0,0,0,0,1,0,2,0,1,0,0,1,1,0
GCF_000502955.1,Bacteria,Pseudomonadota,Alphaproteobacteria,Rhizobiales,Rhizobiaceae,Mesorhizobium,Mesorhizobium sp000502955,0,0,0,3,0,0,0,0,0,2,0,0,1,3,3,0,0,1,0
GCF_000504205.1,Archaea,Halobacteriota,Methanosarcinia,Methanosarcinales,Methanosarcinaceae,Methanolobus,Methanolobus tindarius,0,0,0,2,0,0,0,0,0,2,0,1,0,2,2,0,0,0,0
GCF_000510645.1,Bacteria,Bacillota,Bacilli,Thermicanales,Thermicanaceae,Thermicanus,Thermicanus aegyptius,0,0,1,0,0,1,0,0,0,1,0,3,0,2,4,0,0,2,0
GCF_000513895.1,Bacteria,Pseudomonadota,Alphaproteobacteria,Rhizobiales,Rhizobiaceae,Sinorhizobium,Sinorhizobium sp000513895,0,0,0,3,1,0,0,0,0,2,0,0,1,2,3,0,0,1,0
GCF_000513935.1,Bacteria,Pseudomonadota,Alphaproteobacteria,Rhizobiales,Rhizobiaceae,Mesorhizobium,Mesorhizobium sp000513935,0,0,0,2,0,0,0,0,0,2,0,0,1,2,4,0,0,1,0
GCF_000515215.1,Bacteria,Pseudomonadota,Gammaproteobacteria,Methylococcales,Methylomonadaceae,Methylomonas,Methylomonas sp000515215,0,0,0,4,0,0,0,0,0,2,0,2,0,3,2,0,0,2,0
GCF_000515415.1,Bacteria,Pseudomonadota,Alphaproteobacteria,Rhizobiales,Xanthobacteraceae,Bradyrhizobium,Bradyrhizobium sp000515415,0,0,0,2,1,1,0,0,0,2,0,1,1,4,3,0,0,2,0
GCF_000517065.1,Bacteria,Bacteroidota,Bacteroidia,Bacteroidales,Marinilabiliaceae,Alkaliflexus,Alkaliflexus imshenetskii,0,0,0,0,0,0,0,0,0,1,0,3,0,1,1,0,0,1,0
GCF_000517085.1,Bacteria,Bacteroidota,Bacteroidia,Bacteroidales,Marinilabiliaceae,Saccharicrinis,Saccharicrinis fermentans,0,0,0,0,0,0,0,0,0,2,0,3,0,2,3,0,0,0,0
GCF_000517105.1,Bacteria,Cyanobacteriota,Cyanobacteriia,Cyanobacteriales,Nostocaceae,PCC9605,PCC9605 sp000517105,0,0,0,2,1,0,0,0,0,2,0,2,0,2,2,0,1,2,0
GCF_000518645.1,Bacteria,Pseudomonadota,Gammaproteobacteria,Burkholderiales,Burkholderiaceae_B,Curvibacter,Curvibacter gracilis,0,0,0,3,0,0,0,0,0,2,0,2,0,3,3,1,0,2,0
GCF_000518785.1,Bacteria,Pseudomonadota,Alphaproteobacteria,Rhizobiales,Rhizobiaceae,Allorhizobium,Allorhizobium selenitireducens,0,0,0,3,1,0,0,0,0,2,0,2,1,5,3,0,0,1,0
GCF_000519125.1,Bacteria,Desulfobacterota,Desulfovibrionia,Desulfovibrionales,Desulfovibrionaceae,Desulfocurvus,Desulfocurvus vexinensis,0,0,0,0,0,0,0,0,0,2,0,2,0,2,2,0,0,3,0
GCF_000519185.1,Bacteria,Pseudomonadota,Gammaproteobacteria,Burkholderiales,Burkholderiaceae,Paraburkholderia,Paraburkholderia nodosa,0,0,0,3,0,0,0,0,0,2,0,1,0,5,4,0,0,1,0
GCF_000519265.1,Bacteria,Desulfobacterota,Desulfovibrionia,Desulfovibrionales,Desulfonatronaceae,Desulfonatronum,Desulfonatronum lacustre,0,0,2,0,0,0,0,0,0,2,0,2,0,1,1,0,1,3,0
GCF_000520815.1,Bacteria,Bacillota,Bacilli,Paenibacillales,Paenibacillaceae,Paenibacillus,Paenibacillus maysiensis,0,0,0,0,0,1,0,0,0,1,0,1,0,2,4,1,0,1,0
GCF_000526155.1,Bacteria,Desulfobacterota_C,Deferrisomatia,Deferrisomatales,Deferrisomataceae,Deferrisoma,Deferrisoma camini,0,0,0,1,0,0,0,0,0,1,0,1,0,3,1,0,0,1,0
GCF_000526995.1,Bacteria,Bacillota_A,Clostridia,Lachnospirales,Lachnospiraceae,Lacrimispora,Lacrimispora indolis,0,0,0,0,0,0,0,0,0,1,0,6,0,0,0,0,1,1,0
GCF_000527135.1,Bacteria,Pseudomonadota,Gammaproteobacteria,Burkholderiales,Rhodocyclaceae,Methyloversatilis,Methyloversatilis discipulorum,0,0,0,3,1,1,0,0,0,2,0,3,0,4,3,0,0,3,0
GCF_000531125.1,Bacteria,Pseudomonadota,Gammaproteobacteria,Competibacterales,Competibacteraceae,Contendobacter,Contendobacter odensis,0,0,0,2,0,0,0,0,0,2,0,2,0,4,2,1,0,1,0
GCF_000577895.1,Bacteria,Bacillota_A,Clostridia,Clostridiales,Clostridiaceae,Clostridium_AN,Clostridium_AN bornimense,0,0,0,1,0,0,0,0,0,1,0,0,0,1,0,0,0,0,0
GCF_000582685.1,Bacteria,Cyanobacteriota,Cyanobacteriia,Cyanobacteriales,Nostocaceae,Hassallia,Hassallia hofmanni,0,0,0,1,1,0,0,0,0,2,0,1,0,1,2,0,0,2,0
GCF_000585215.1,Bacteria,Pseudomonadota,Gammaproteobacteria,Chromatiales,Chromatiaceae,Imhoffiella,Imhoffiella purpurea,0,0,0,0,2,0,0,0,0,2,0,5,0,2,2,0,0,4,0
GCF_000585355.1,Bacteria,Bacteroidota,Bacteroidia,Bacteroidales,Bacteroidaceae,Prevotella,Prevotella oryzae,0,0,0,0,0,0,0,0,0,1,0,0,0,0,1,0,0,0,0
GCF_000621145.1,Bacteria,Desulfobacterota,Desulfobulbia,Desulfobulbales,Desulfobulbaceae,Desulfobulbus,Desulfobulbus elongatus,0,0,0,0,0,0,0,0,0,2,0,3,0,1,2,0,0,4,0
GCF_000621505.1,Bacteria,Bacillota_A,Clostridia,Acetivibrionales,DSM-27016,Ruminiclostridium,Ruminiclostridium cellobioparum,0,0,0,0,0,0,0,0,0,1,0,4,0,1,0,0,0,1,0
GCF_000621665.1,Bacteria,Pseudomonadota,Alphaproteobacteria,Rhizobiales,Rhizobiaceae,Allorhizobium,Allorhizobium undicola,0,0,0,1,0,0,0,0,0,1,0,0,0,2,4,0,0,0,0
GCF_000621745.1,Bacteria,Bacillota_A,Clostridia,Clostridiales,Clostridiaceae,Clostridium,Clostridium beijerinckii_A,0,0,0,0,0,0,0,0,0,1,0,3,0,0,0,0,1,2,0
GCF_000633935.1,Bacteria,Pseudomonadota,Gammaproteobacteria,Ectothiorhodospirales,Ectothiorhodospiraceae,Ectothiorhodospira,Ectothiorhodospira haloalkaliphila,0,0,0,0,1,0,0,0,0,2,0,1,0,2,2,0,0,2,0
GCF_000636015.1,Bacteria,Pseudomonadota,Alphaproteobacteria,Rhizobiales,Rhodomicrobiaceae,Rhodomicrobium,Rhodomicrobium udaipurense,0,0,0,2,1,0,0,0,0,2,0,2,0,2,2,0,0,3,0
GCF_000685035.1,Bacteria,Pseudomonadota,Gammaproteobacteria,Burkholderiales,Burkholderiaceae,Paraburkholderia,Paraburkholderia ferrariae,0,0,0,1,0,0,0,0,0,2,0,0,0,3,4,1,0,1,0
GCF_000685155.1,Archaea,Halobacteriota,Methanosarcinia,Methanosarcinales,Methanoperedenaceae,Methanoperedens,Methanoperedens nitroreducens,0,0,2,3,0,0,0,0,0,2,0,1,0,3,0,0,0,1,0
GCF_000685825.1,Bacteria,Pseudomonadota,Alphaproteobacteria,Rhizobiales,Beijerinckiaceae,Methylosinus,Methylosinus sp000685825,0,0,0,4,0,0,0,0,0,2,0,3,0,1,3,0,0,1,0
GCF_000687455.2,Bacteria,Pseudomonadota,Gammaproteobacteria,Burkholderiales,Burkholderiaceae,Burkholderia,Burkholderia sp000687455,0,0,0,3,0,0,0,0,0,2,0,2,1,3,3,1,0,1,0
GCF_000687555.1,Bacteria,Bacillota_A,Clostridia,Lachnospirales,Lachnospiraceae,Lacrimispora,Lacrimispora aerotolerans,0,0,0,0,0,0,0,0,0,1,0,4,0,0,0,0,0,1,0
GCF_000688515.1,Bacteria,Pseudomonadota,Alphaproteobacteria,Rhizobiales,Afifellaceae,Afifella,Afifella pfennigii,0,0,0,1,1,0,0,0,0,2,0,0,0,2,3,0,0,3,0
GCF_000702665.1,Bacteria,Desulfobacterota,Desulfovibrionia,Desulfovibrionales,Desulfovibrionaceae,Solidesulfovibrio,Solidesulfovibrio alcoholivorans,0,0,0,0,0,0,0,0,0,2,0,4,0,3,2,0,0,4,0
GCF_000702945.1,Bacteria,Bacillota_A,Clostridia,Lachnospirales,Lachnospiraceae,Anaerocolumna,Anaerocolumna sp000702945,0,0,0,1,0,0,0,0,0,1,0,5,0,0,0,0,1,2,0
GCF_000705555.1,Bacteria,Pseudomonadota,Gammaproteobacteria,Pseudomonadales,Nitrincolaceae,Marinobacterium,Marinobacterium sp000705555,0,0,0,3,0,0,0,0,0,2,0,3,1,2,4,0,0,2,0
GCF_000711225.1,Bacteria,Desulfobacterota_F,Desulfuromonadia,Desulfuromonadales,Geopsychrobacteraceae,Seleniibacterium,Seleniibacterium seleniigenes,0,0,0,1,0,0,0,0,0,1,0,2,0,3,3,1,1,2,0
GCF_000711295.1,Bacteria,Desulfobacterota,Desulfovibrionia,Desulfovibrionales,Desulfovibrionaceae,Desulfohalovibrio,Desulfohalovibrio reitneri,0,0,1,0,0,0,0,0,0,2,0,3,0,1,1,0,0,3,0
GCF_000723885.1,Bacteria,Bacillota,Bacilli,Paenibacillales,Paenibacillaceae,Paenibacillus,Paenibacillus camerounensis,0,0,0,0,0,1,0,0,0,1,0,0,0,2,3,1,0,1,0
GCF_000725345.1,Bacteria,Bacillota_C,Negativicutes,Propionisporales,DSM-13327,Pelosinus,Pelosinus sp000725345,0,0,0,0,0,0,0,0,0,1,0,5,0,2,1,1,1,2,0
GCF_000730165.1,Bacteria,Pseudomonadota,Alphaproteobacteria,Azospirillales,Azospirillaceae,Nitrospirillum,Nitrospirillum amazonense,0,0,0,2,1,0,0,0,0,2,0,2,0,2,4,0,0,1,0
GCF_000731315.1,Bacteria,Pseudomonadota,Alphaproteobacteria,Rhizobiales,Rhizobiaceae,Neorhizobium,Neorhizobium galegae,0,0,0,1,0,0,0,0,0,2,0,0,1,4,4,0,0,1,0
GCF_000735045.1,Bacteria,Pseudomonadota,Gammaproteobacteria,Burkholderiales,Ferrovaceae,Ferrovum,Ferrovum myxofaciens,0,0,0,0,1,0,0,0,0,2,0,2,0,0,2,0,0,0,0
GCF_000739775.1,Bacteria,Pseudomonadota,Gammaproteobacteria,Burkholderiales,Burkholderiaceae,Paraburkholderia,Paraburkholderia heleia,0,0,0,3,1,0,0,0,0,2,0,0,1,3,3,0,0,1,0
GCF_000740015.1,Bacteria,Pseudomonadota,Gammaproteobacteria,Enterobacterales_A,Vibrionaceae,Vibrio,Vibrio diazotrophicus,0,0,0,1,0,0,0,0,0,2,0,0,0,4,4,0,0,1,0
GCF_000745215.1,Bacteria,Pseudomonadota,Alphaproteobacteria,Rhizobiales,Beijerinckiaceae,Methylosinus,Methylosinus sp000745215,0,0,0,4,0,0,0,0,0,2,0,2,0,2,3,0,0,0,0
GCF_000745425.1,Bacteria,Pseudomonadota,Alphaproteobacteria,Rhizobiales,Beijerinckiaceae,Beijerinckia,Beijerinckia mobilis,0,0,0,3,1,0,0,0,0,2,0,1,1,2,3,0,0,1,0
GCF_000746025.2,Bacteria,Bacillota_B,Peptococcia,DRI-13,DRI-13,Thermanaerosceptrum,Thermanaerosceptrum fracticalcis,0,0,0,0,0,0,0,0,0,2,0,7,0,1,1,0,1,2,0
GCF_000746085.1,Bacteria,Pseudomonadota,Alphaproteobacteria,Rhizobiales,Beijerinckiaceae,Methylocella,Methylocella aurea,0,0,0,3,1,0,0,0,0,2,0,2,0,1,2,0,0,3,0
GCF_000754095.2,Bacteria,Pseudomonadota,Gammaproteobacteria,Ectothiorhodospirales_A,Acidihalobacteraceae,Acidihalobacter,Acidihalobacter prosperus,0,0,0,1,1,0,0,0,0,2,0,0,0,2,3,0,0,4,0
GCF_000756305.1,Bacteria,Cyanobacteriota,Cyanobacteriia,Cyanobacteriales,Xenococcaceae,Myxosarcina,Myxosarcina sp000756305,0,0,0,1,1,0,0,0,0,2,0,1,1,1,2,0,1,2,0
GCF_000756615.1,Bacteria,Bacillota,Bacilli,Paenibacillales,Paenibacillaceae,Paenibacillus,Paenibacillus durus,0,0,0,0,0,1,0,0,0,1,0,2,0,1,3,0,0,2,0
GCF_000757885.1,Bacteria,Bacillota,Bacilli,Paenibacillales,Paenibacillaceae,Paenibacillus,Paenibacillus wynnii,0,0,0,0,0,1,0,0,0,1,0,1,0,3,3,1,0,1,0
GCF_000758605.1,Bacteria,Bacillota,Bacilli,Paenibacillales,Paenibacillaceae,Paenibacillus,Paenibacillus sp000758605,0,0,0,1,0,1,0,0,0,1,0,1,0,2,3,1,0,2,0
GCF_000758665.1,Bacteria,Bacillota,Bacilli,Paenibacillales,Paenibacillaceae,Paenibacillus,Paenibacillus borealis,0,0,0,0,0,1,0,0,0,1,0,0,0,1,3,0,0,2,0
GCF_000758685.1,Bacteria,Bacillota,Bacilli,Paenibacillales,Paenibacillaceae,Paenibacillus,Paenibacillus stellifer,0,0,0,1,0,1,0,0,0,1,0,1,0,1,3,0,0,1,0
GCF_000758705.1,Bacteria,Bacillota,Bacilli,Paenibacillales,Paenibacillaceae,Paenibacillus,Paenibacillus graminis,0,0,0,0,0,1,0,0,0,1,0,1,0,2,3,1,0,1,0
GCF_000760695.4,Bacteria,Cyanobacteriota,Cyanobacteriia,Cyanobacteriales,Nostocaceae,Scytonema,Scytonema bouteillei,0,0,0,2,1,0,0,0,0,2,0,1,0,1,2,0,0,2,0
GCF_000763385.1,Bacteria,Cyanobacteriota,Cyanobacteriia,Phormidesmiales,Phormidesmiaceae,Nodosilinea,Nodosilinea sp000763385,0,0,0,1,1,0,0,0,0,2,0,1,1,1,1,0,0,3,0
GCF_000765145.1,Bacteria,Bacillota_B,Desulfitobacteriia,Desulfitobacteriales,Desulfitobacteriaceae,Desulfosporosinus,Desulfosporosinus sp000765145,0,0,0,0,0,0,0,0,0,2,0,5,0,2,1,0,1,3,0
GCF_000775285.1,Bacteria,Cyanobacteriota,Cyanobacteriia,Neosynechococcales,Neosynechococcaceae,Neosynechococcus,Neosynechococcus sphagnicola,0,0,0,1,1,1,0,0,0,2,0,1,0,1,1,0,0,2,0
GCF_000784355.1,Archaea,Halobacteriota,Methanomicrobia,Methanomicrobiales,Methanomicrobiaceae,Methanolacinia,Methanolacinia paynteri,0,0,0,2,0,0,0,0,0,2,0,3,0,0,0,0,0,1,0
GCF_000784735.1,Bacteria,Pseudomonadota,Gammaproteobacteria,Enterobacterales,Enterobacteriaceae,Dickeya,Dickeya undicola,0,0,0,1,0,0,0,0,0,2,0,2,0,2,2,1,0,0,0
GCF_000802225.1,Bacteria,Pseudomonadota,Alphaproteobacteria,Sphingomonadales,Sphingomonadaceae,Novosphingobium,Novosphingobium malaysiense,0,0,0,2,0,0,0,0,0,1,0,0,0,2,4,0,0,2,0
GCF_000807255.1,Bacteria,Bacillota_A,Clostridia,Clostridiales,Clostridiaceae,Clostridium_I,Clostridium_I pasteurianum,0,0,0,0,0,0,0,0,0,1,0,1,0,0,0,0,0,1,0
GCF_000813145.1,Bacteria,Desulfobacterota_F,Desulfuromonadia,Geobacterales,Geobacteraceae_A,Geoanaerobacter,Geoanaerobacter sp000813145,0,0,2,0,0,0,0,0,0,1,0,3,0,2,2,0,0,2,0
GCF_000813345.1,Bacteria,Campylobacterota,Campylobacteria,Campylobacterales,Sulfurospirillaceae,Sulfurospirillum,Sulfurospirillum arsenophilum,0,0,2,1,0,0,0,0,0,2,0,2,0,3,1,0,0,2,0
GCF_000816845.1,Bacteria,Pseudomonadota,Alphaproteobacteria,Rhizobiales,Rhizobiaceae,Rhizobium,Rhizobium gallicum,0,0,0,2,1,0,0,0,0,2,0,1,1,5,4,0,0,1,0
GCF_000817785.2,Bacteria,Cyanobacteriota,Cyanobacteriia,Cyanobacteriales,Nostocaceae,Hassallia,Hassallia byssoidea_A,0,0,0,1,1,0,0,0,0,2,0,1,0,1,1,0,0,1,0
GCF_000817955.1,Bacteria,Desulfobacterota_F,Desulfuromonadia,Geobacterales,Geobacteraceae,Geobacter,Geobacter pickeringii,0,0,0,0,0,0,0,0,0,1,0,2,0,3,2,1,0,1,0
GCF_000820505.1,Bacteria,Desulfobacterota_F,Desulfuromonadia,Desulfuromonadales,Geoalkalibacteraceae,Geoalkalibacter,Geoalkalibacter ferrihydriticus,0,0,0,0,0,0,0,0,0,1,0,3,0,2,2,0,0,1,0
GCF_000828085.3,Bacteria,Cyanobacteriota,Cyanobacteriia,Cyanobacteriales,Nostocaceae,Brasilonema,Brasilonema tolypothrichoides,0,0,0,1,1,0,0,0,0,2,0,1,0,1,2,0,0,2,0
GCF_000829235.1,Bacteria,Cyanobacteriota,Cyanobacteriia,Cyanobacteriales,Microcystaceae_A,Rippkaea,Rippkaea sp000829235,0,0,0,0,0,0,0,0,0,1,0,1,0,0,1,0,0,2,0
GCF_000829825.1,Bacteria,Pseudomonadota,Alphaproteobacteria,Rhodospirillales,Magnetospirillaceae,Phaeospirillum,Phaeospirillum magnetotacticum,0,0,2,1,1,1,0,0,0,2,0,3,0,4,2,1,0,1,0
GCF_000934725.1,Bacteria,Pseudomonadota,Gammaproteobacteria,Methylococcales,Methylococcaceae,Methyloterricola,Methyloterricola oryzae,0,0,0,3,1,0,0,0,0,2,0,2,0,3,2,0,0,3,0
GCF_000934745.1,Bacteria,Desulfobacterota,Desulfovibrionia,Desulfovibrionales,Desulfonatronaceae,Desulfonatronum,Desulfonatronum thioautotrophicum,0,0,2,1,1,0,0,0,0,2,0,2,0,1,1,0,1,4,0
GCF_000935025.1,Bacteria,Pseudomonadota,Alphaproteobacteria,Sphingomonadales,Sphingomonadaceae,Sphingomonas,Sphingomonas hengshuiensis,0,0,0,2,0,0,0,0,0,1,0,0,0,1,4,0,0,1,0
GCF_000936425.1,Bacteria,Pseudomonadota,Alphaproteobacteria,Azospirillales,Azospirillaceae,Skermanella,Skermanella aerolata,0,0,0,4,1,0,0,0,0,2,0,1,1,5,4,0,0,1,0
GCF_000940805.1,Bacteria,Pseudomonadota,Gammaproteobacteria,Pseudomonadales,Natronospirillaceae,Gynuella,Gynuella sunshinyii,0,0,0,1,0,0,0,0,0,2,0,0,0,5,3,0,0,2,0
GCF_000948395.1,Bacteria,Actinomycetota,Actinomycetia,Mycobacteriales,Frankiaceae,Frankia,Frankia torreyi,0,0,0,1,0,1,0,0,0,2,0,2,0,2,2,0,0,1,0
GCF_000949475.1,Bacteria,Bacteroidota,Bacteroidia,Bacteroidales,Prolixibacteraceae,Draconibacterium,Draconibacterium sediminis,0,0,0,0,0,0,0,0,0,2,0,3,0,3,3,0,0,1,0
GCF_000955725.1,Bacteria,Bacillota_A,Thermoanaerobacteria,Caldicellulosiruptorales,Caldicellulosiruptoraceae,Caldicellulosiruptor,Caldicellulosiruptor danielii,0,0,0,0,0,0,0,0,0,1,0,4,0,0,0,0,0,1,1
GCF_000955735.1,Bacteria,Bacillota_A,Thermoanaerobacteria,Caldicellulosiruptorales,Caldicellulosiruptoraceae,Caldicellulosiruptor,Caldicellulosiruptor naganoensis,0,0,0,0,0,0,0,0,0,1,0,4,0,1,0,0,0,0,1
GCF_000955745.1,Bacteria,Bacillota_A,Thermoanaerobacteria,Caldicellulosiruptorales,Caldicellulosiruptoraceae,Caldicellulosiruptor,Caldicellulosiruptor morganii,0,0,0,0,0,0,0,0,0,1,0,4,0,0,0,0,0,0,1
GCF_000959445.1,Bacteria,Pseudomonadota,Gammaproteobacteria,Burkholderiales,Burkholderiaceae,Burkholderia,Burkholderia vietnamiensis,0,0,1,2,0,0,0,0,0,2,0,2,0,3,4,1,0,1,0
GCF_000960765.1,Bacteria,Bacillota_B,Desulfitobacteriia,Desulfitobacteriales,Desulfitobacteriaceae,Desulfosporosinus,Desulfosporosinus sp000960765,0,0,1,0,0,0,0,0,0,2,0,4,0,2,2,0,1,5,0
GCF_000960975.1,Bacteria,Pseudomonadota,Alphaproteobacteria,Rhizobiales,Rhizobiaceae,Martelella,Martelella endophytica,0,0,0,1,0,0,0,0,0,2,0,0,0,3,3,0,0,2,0
GCF_000969905.1,Archaea,Halobacteriota,Methanosarcinia,Methanosarcinales,Methanosarcinaceae,Methanosarcina,Methanosarcina vacuolata,0,0,0,2,0,0,0,0,0,1,0,2,0,1,1,0,0,0,0
GCF_000969965.1,Archaea,Halobacteriota,Methanosarcinia,Methanosarcinales,Methanosarcinaceae,Methanosarcina,Methanosarcina sp000969965,0,0,0,2,0,0,0,0,0,1,0,1,0,1,0,0,0,1,0
GCF_000969985.1,Archaea,Halobacteriota,Methanosarcinia,Methanosarcinales,Methanosarcinaceae,Methanosarcina,Methanosarcina barkeri_B,0,0,0,2,0,0,0,0,0,1,0,2,0,1,1,0,0,0,0
GCF_000970025.1,Archaea,Halobacteriota,Methanosarcinia,Methanosarcinales,Methanosarcinaceae,Methanosarcina,Methanosarcina barkeri,0,0,0,3,0,0,0,0,0,1,0,2,0,1,1,0,0,1,0
GCF_000970085.1,Archaea,Halobacteriota,Methanosarcinia,Methanosarcinales,Methanosarcinaceae,Methanosarcina,Methanosarcina siciliae,0,0,0,3,0,0,0,0,0,1,0,1,0,1,1,0,0,1,0
GCF_000970205.1,Archaea,Halobacteriota,Methanosarcinia,Methanosarcinales,Methanosarcinaceae,Methanosarcina,Methanosarcina mazei,0,0,0,2,0,0,0,0,0,1,0,2,0,1,0,0,0,0,0
GCF_000970285.1,Archaea,Halobacteriota,Methanosarcinia,Methanosarcinales,Methanosarcinaceae,Methanosarcina,Methanosarcina horonobensis,0,0,0,2,0,0,0,0,0,1,0,1,0,1,1,0,0,0,0
GCF_000970305.1,Archaea,Halobacteriota,Methanosarcinia,Methanosarcinales,Methanosarcinaceae,Methanosarcina,Methanosarcina barkeri_A,0,0,0,2,0,0,0,0,0,1,0,2,0,1,1,0,0,0,0
GCF_000971475.1,Bacteria,Pseudomonadota,Gammaproteobacteria,Burkholderiales,Sulfuricellaceae,Sulfuricella,Sulfuricella sp000971475,0,0,0,1,2,0,0,0,0,2,0,2,0,5,2,0,0,5,0
GCF_000974685.2,Bacteria,Pseudomonadota,Gammaproteobacteria,Burkholderiales,Gallionellaceae,Ferriphaselus,Ferriphaselus amnicola,0,0,0,0,1,0,0,0,0,2,0,0,0,1,2,0,0,3,0
GCF_000993825.1,Bacteria,Bacillota,Bacilli,Paenibacillales,Paenibacillaceae,Paenibacillus,Paenibacillus durus_B,0,0,0,0,0,1,0,0,0,1,0,2,0,1,3,0,0,1,0
GCF_001007875.1,Bacteria,Pseudomonadota,Gammaproteobacteria,Chromatiales,Sedimenticolaceae,Sedimenticola,Sedimenticola thiotaurini,0,0,1,1,1,1,0,0,0,2,0,3,0,5,3,1,0,5,0
GCF_001017175.1,Bacteria,Pseudomonadota,Alphaproteobacteria,Rhizobiales,Beijerinckiaceae,Microvirga,Microvirga vignae,0,0,0,3,0,0,0,0,0,2,0,0,0,4,3,0,0,1,0
GCF_001029285.1,Bacteria,Bacillota_B,Desulfitobacteriia,Desulfitobacteriales,Desulfitobacteriaceae,Desulfosporosinus,Desulfosporosinus acididurans,0,0,1,0,0,0,0,0,0,2,0,5,0,3,1,1,1,4,0
GCF_001042715.1,Bacteria,Bacillota_A,Clostridia,Peptostreptococcales,Natronincolaceae,Clostridium_W,Clostridium_W aceticum,0,0,0,1,0,0,0,0,0,1,0,4,0,1,0,0,1,2,0
GCF_001076885.1,Bacteria,Bacillota,Bacilli,Bacillales,DSM-18226,Niallia,Niallia sp001076885,0,0,0,0,0,1,0,0,0,1,0,0,0,1,3,0,0,1,0
GCF_001187535.1,Bacteria,Pseudomonadota,Alphaproteobacteria,Rhizobiales,Rhizobiaceae,Rhizobium,Rhizobium ecuadorense,0,0,0,1,0,0,0,0,0,2,0,0,1,3,4,0,0,1,0
GCF_001189235.2,Bacteria,Pseudomonadota,Alphaproteobacteria,Rhizobiales,Xanthobacteraceae,Bradyrhizobium,Bradyrhizobium embrapense,0,0,0,2,1,1,0,0,0,2,0,1,1,2,4,0,0,2,0
GCF_001189245.1,Bacteria,Pseudomonadota,Alphaproteobacteria,Rhizobiales,Xanthobacteraceae,Bradyrhizobium,Bradyrhizobium pachyrhizi,0,0,0,3,1,1,0,0,0,2,0,1,1,3,4,0,0,2,0
GCF_001189845.1,Bacteria,Pseudomonadota,Alphaproteobacteria,Rhizobiales,Xanthobacteraceae,Bradyrhizobium,Bradyrhizobium tropiciagri,0,0,0,2,1,1,0,0,0,2,0,1,1,2,4,0,0,2,0
GCF_001262605.1,Bacteria,Bacillota_A,Clostridia,Acetivibrionales,DSM-2933,Pseudobacteroides,Pseudobacteroides cellulosolvens,0,0,0,0,0,0,0,0,0,1,0,6,0,1,0,0,1,2,0
GCF_001263355.1,Bacteria,Bacillota_A,Clostridia,Eubacteriales,Eubacteriaceae,Acetobacterium,Acetobacterium bakii,0,0,0,0,0,0,0,0,0,1,0,5,0,0,0,0,0,2,0
GCF_001263415.1,Bacteria,Bacillota_B,Thermincolia,Thermincolales,Thermincolaceae,Thermincola,Thermincola ferriacetica,0,0,0,0,0,0,0,0,0,2,0,4,0,2,1,0,0,2,0
GCF_001278055.1,Bacteria,Desulfobacterota_F,Desulfuromonadia,Desulfuromonadales,WTL,Deferrimonas,Deferrimonas soudanensis,0,0,2,1,0,0,0,0,0,1,0,2,0,2,3,0,0,2,0
GCF_001295845.1,Bacteria,Pseudomonadota,Alphaproteobacteria,Rhizobiales,Xanthobacteraceae,Rhodopseudomonas,Rhodopseudomonas sp001295845,0,0,0,3,2,0,0,0,0,1,0,2,1,3,4,0,0,2,0
GCF_001305575.3,Bacteria,Pseudomonadota,Gammaproteobacteria,Beggiatoales,Beggiatoaceae,Beggiatoa,Beggiatoa leptomitoformis,0,0,0,3,1,0,0,0,0,2,0,1,0,2,1,0,0,3,0
GCF_001305595.1,Bacteria,Pseudomonadota,Alphaproteobacteria,Azospirillales,Azospirillaceae,Azospirillum,Azospirillum thiophilum,0,0,0,3,1,0,0,0,0,2,0,3,0,4,4,0,0,2,0
GCF_001315015.1,Bacteria,Pseudomonadota,Alphaproteobacteria,Azospirillales,Azospirillaceae,Azospirillum,Azospirillum brasilense,0,0,0,2,0,0,0,0,0,2,0,1,0,5,4,0,0,1,0
GCF_001420915.1,Bacteria,Pseudomonadota,Gammaproteobacteria,Enterobacterales_A,Celerinatantimonadaceae,Agarivorans,Agarivorans gilvus,0,0,0,1,0,0,0,0,0,2,0,0,0,3,3,0,1,0,0
GCF_001440035.1,Bacteria,Pseudomonadota,Alphaproteobacteria,Rhizobiales,Xanthobacteraceae,Bradyrhizobium,Bradyrhizobium manausense,0,0,0,3,0,1,0,0,0,2,0,1,1,2,4,0,0,2,0
GCF_001440395.1,Bacteria,Pseudomonadota,Alphaproteobacteria,Rhizobiales,Xanthobacteraceae,Bradyrhizobium,Bradyrhizobium jicamae,0,0,0,2,1,1,0,0,0,2,0,1,1,5,3,0,0,2,0
GCF_001440405.1,Bacteria,Pseudomonadota,Alphaproteobacteria,Rhizobiales,Xanthobacteraceae,Bradyrhizobium,Bradyrhizobium valentinum,0,0,0,2,1,1,0,0,0,2,0,1,1,3,4,0,0,2,0
GCF_001456025.1,Bacteria,Cyanobacteriota,Cyanobacteriia,Cyanobacteriales,Nostocaceae,Mastigocoleus,Mastigocoleus testarum,0,0,0,1,1,0,0,0,0,2,0,2,0,1,2,0,0,2,0
GCF_001466305.1,Bacteria,Bacillota_A,Clostridia,Lachnospirales,Defluviitaleaceae,Defluviitalea,Defluviitalea phaphyphila,0,0,0,0,0,0,0,0,0,1,0,3,0,0,0,0,0,2,0
GCF_001469165.1,Bacteria,Pseudomonadota,Gammaproteobacteria,Chromatiales,Chromatiaceae,Thiohalocapsa,Thiohalocapsa sp001469165,0,0,0,1,2,0,0,0,0,2,0,2,0,3,2,0,0,5,0
GCF_001511835.1,Bacteria,Pseudomonadota,Alphaproteobacteria,Rhodospirillales,Magnetospirillaceae,Phaeospirillum,Phaeospirillum sp001511835,0,0,0,0,1,0,0,0,0,2,0,3,0,5,2,0,0,3,0
GCF_001514535.1,Bacteria,Nitrospirota,Thermodesulfovibrionia,Thermodesulfovibrionales,Thermodesulfovibrionaceae,Thermodesulfovibrio,Thermodesulfovibrio aggregans,0,0,1,0,0,0,0,0,0,2,0,2,0,1,1,0,0,4,1
GCF_001536285.1,Bacteria,Actinomycetota,Actinomycetia,Mycobacteriales,Frankiaceae,Frankia,Frankia irregularis,0,0,0,2,0,1,0,0,0,2,0,1,0,2,2,0,0,1,0
GCF_001542405.1,Bacteria,Pseudomonadota,Alphaproteobacteria,Rhizobiales,Rhizobiaceae,Rhizobium,Rhizobium altiplani,0,0,0,2,0,0,0,0,0,2,0,0,1,5,4,0,0,1,0
GCF_001542415.1,Bacteria,Pseudomonadota,Alphaproteobacteria,Rhizobiales,Xanthobacteraceae,Bradyrhizobium,Bradyrhizobium macuxiense,0,0,0,3,1,1,0,0,0,1,0,1,1,3,4,0,0,2,0
GCF_001547935.1,Bacteria,Pseudomonadota,Gammaproteobacteria,Enterobacterales_A,Vibrionaceae,Vibrio,Vibrio tritonius,0,0,0,1,0,0,0,0,0,2,0,1,0,2,2,1,0,0,0
GCF_001548055.1,Bacteria,Campylobacterota,Campylobacteria,Campylobacterales,Sulfurospirillaceae,Sulfurospirillum,Sulfurospirillum cavolei,0,0,1,0,0,0,0,0,0,2,0,2,0,3,2,0,0,2,0
GCF_001548375.1,Bacteria,Cyanobacteriota,Cyanobacteriia,Cyanobacteriales,Nostocaceae,Trichormus,Trichormus sp001548375,0,0,0,1,1,0,0,0,0,2,0,2,0,1,1,0,0,2,0
GCF_001551835.1,Bacteria,Pseudomonadota,Gammaproteobacteria,Burkholderiales,Rhodocyclaceae,Azonexus,Azonexus denitrificans,0,0,0,4,0,0,0,0,0,2,0,3,0,6,2,0,0,3,0
GCF_001556045.1,Bacteria,Pseudomonadota,Alphaproteobacteria,Rhizobiales,Xanthobacteraceae,Bradyrhizobium,Bradyrhizobium sp001556045,0,0,0,2,1,1,0,0,0,2,0,2,1,5,4,0,0,3,0
GCF_001563225.1,Bacteria,Desulfobacterota,Desulfovibrionia,Desulfovibrionales,Desulfovibrionaceae,Pseudodesulfovibrio,Pseudodesulfovibrio indicus,0,0,1,0,0,0,0,0,0,2,0,2,0,2,2,0,0,4,0
GCF_001571085.1,Bacteria,Pseudomonadota,Gammaproteobacteria,Burkholderiales,Burkholderiaceae_B,Azohydromonas,Azohydromonas lata,0,0,0,3,1,0,0,0,0,2,0,2,0,5,3,0,0,1,0
GCF_001571775.1,Bacteria,Bacillota_A,Clostridia,Lachnospirales,Anaerotignaceae,Anaerotignum,Anaerotignum neopropionicum,0,0,0,0,0,0,0,0,0,1,0,2,0,0,0,0,0,0,0
GCF_001592305.1,Bacteria,Pseudomonadota,Gammaproteobacteria,Burkholderiales,Burkholderiaceae_B,Hydrogenophaga,Hydrogenophaga taeniospiralis,0,0,1,2,1,0,0,0,0,1,0,3,0,5,3,0,0,3,0
GCF_001611275.1,Bacteria,Desulfobacterota_F,Desulfuromonadia,Desulfuromonadales,DDH964,DDH964,DDH964 sp001611275,0,0,1,0,0,0,0,0,0,1,0,2,0,3,3,1,0,2,0
GCF_001611555.1,Bacteria,Bacillota_C,Negativicutes,Sporomusales_A,Acetonemaceae,Anaerosporomusa,Anaerosporomusa subterranea,0,0,1,0,0,0,0,0,0,1,0,6,0,0,0,0,1,3,0
GCF_001613545.1,Bacteria,Verrucomicrobiota,Verrucomicrobiae,Chthoniobacterales,Terrimicrobiaceae,Terrimicrobium,Terrimicrobium sacchariphilum,0,0,0,0,0,1,0,0,0,2,0,0,0,1,2,0,0,0,0
GCF_001618385.1,Bacteria,Bacteroidota,Bacteroidia,Bacteroidales,Paludibacteraceae,Microbacter,Microbacter jiangxiensis,0,0,0,0,0,0,0,0,0,1,0,2,0,1,1,0,0,1,0
GCF_001620265.1,Bacteria,Pseudomonadota,Alphaproteobacteria,Rhodobacterales,Rhodobacteraceae,Frigidibacter,Frigidibacter mobilis,0,0,1,2,1,0,0,0,0,2,0,2,0,4,3,0,0,3,0
GCF_001632845.1,Bacteria,Pseudomonadota,Gammaproteobacteria,Ectothiorhodospirales,Ectothiorhodospiraceae,Ectothiorhodospira,Ectothiorhodospira sp001632845,0,0,2,0,1,0,0,0,0,2,0,1,0,1,2,0,0,2,0
GCF_001633165.1,Bacteria,Pseudomonadota,Alphaproteobacteria,Rhodobacterales,Rhodobacteraceae,Rhodovulum,Rhodovulum sulfidophilum,0,0,0,1,2,0,0,0,0,2,0,2,0,1,2,1,0,3,0
GCF_001639105.2,Bacteria,Pseudomonadota,Alphaproteobacteria,Azospirillales,Azospirillaceae,Azospirillum,Azospirillum humicireducens,0,0,0,3,1,0,0,0,0,2,0,3,0,5,4,0,0,0,0
GCF_001639265.1,Archaea,Methanobacteriota,Methanobacteria,Methanobacteriales,Methanobacteriaceae,Methanobrevibacter_D,Methanobrevibacter_D filiformis,0,0,0,2,0,0,0,0,0,1,0,2,0,0,0,0,0,0,0
GCF_001639285.1,Archaea,Methanobacteriota,Methanobacteria,Methanobacteriales,Methanobacteriaceae,Methanobrevibacter_C,Methanobrevibacter_C cuticularis,0,0,0,3,0,0,0,0,0,0,0,2,0,1,0,0,0,0,0
GCF_001639295.1,Archaea,Methanobacteriota,Methanobacteria,Methanobacteriales,Methanobacteriaceae,Methanobrevibacter_D,Methanobrevibacter_D curvatus,0,0,0,3,0,0,0,0,0,1,0,2,0,1,0,0,0,0,0
GCF_001644015.1,Bacteria,Pseudomonadota,Gammaproteobacteria,Methylococcales,Methylomonadaceae,Methylomonas,Methylomonas lenta,0,0,0,4,0,0,0,0,0,2,0,1,0,2,2,0,0,2,0
GCF_001644025.1,Bacteria,Pseudomonadota,Gammaproteobacteria,Methylococcales,Methylomonadaceae,Methylomonas,Methylomonas koyamae_A,0,0,0,4,0,0,0,0,0,2,0,3,0,2,2,0,0,2,0
GCF_001644035.1,Bacteria,Pseudomonadota,Gammaproteobacteria,Methylococcales,Methylomonadaceae,Methylomonas,Methylomonas methanica_A,0,0,0,4,0,0,0,0,0,2,0,2,0,3,2,0,0,2,0
GCF_001644705.1,Bacteria,Pseudomonadota,Gammaproteobacteria,Enterobacterales,Enterobacteriaceae,Dickeya,Dickeya solani,0,0,0,1,0,0,0,0,0,2,0,2,0,2,2,1,0,0,0
GCF_001650635.1,Bacteria,Pseudomonadota,Alphaproteobacteria,Rhodospirillales,Magnetospirillaceae,Magnetospirillum,Magnetospirillum moscoviense,0,0,0,0,1,0,0,0,0,2,0,2,0,5,2,0,0,3,0
GCF_001650715.1,Bacteria,Pseudomonadota,Alphaproteobacteria,Rhodospirillales,Magnetospirillaceae,Phaeospirillum,Phaeospirillum marisnigri,0,0,0,0,1,0,0,0,0,2,0,3,0,5,2,0,0,3,0
GCF_001651865.1,Bacteria,Pseudomonadota,Alphaproteobacteria,Rhizobiales,Rhizobiaceae,Sinorhizobium,Sinorhizobium glycinis,0,0,0,2,0,0,0,0,0,2,0,0,1,5,4,0,0,1,0
GCF_001652265.1,Bacteria,Pseudomonadota,Alphaproteobacteria,Rhizobiales,Rhizobiaceae,Rhizobium,Rhizobium leguminosarum_D,0,0,0,1,0,0,0,0,0,2,0,1,1,2,4,0,0,1,0
GCF_001657485.1,Bacteria,Pseudomonadota,Alphaproteobacteria,Rhizobiales,Rhizobiaceae,Rhizobium,Rhizobium sp001657485,0,0,0,1,0,0,0,0,0,2,0,0,1,2,4,0,0,1,0
GCF_001659685.2,Bacteria,Bacteroidota,Bacteroidia,Bacteroidales,Marinilabiliaceae,Saccharicrinis,Saccharicrinis marinus,0,0,0,0,0,0,0,0,0,2,0,5,0,2,3,0,0,0,0
GCF_001660705.2,Bacteria,Bacteroidota,Bacteroidia,Bacteroidales,Marinilabiliaceae,Saccharicrinis,Saccharicrinis aurantiacus,0,0,0,0,0,0,0,0,0,1,0,3,0,2,2,0,0,0,0
GCF_001662075.1,Bacteria,Pseudomonadota,Alphaproteobacteria,Rhizobiales,Rhizobiaceae,Rhizobium,Rhizobium bangladeshense_B,0,0,0,1,0,0,0,0,0,2,0,0,1,5,4,0,0,1,0
GCF_001663815.1,Bacteria,Pseudomonadota,Gammaproteobacteria,Halothiobacillales,Halothiobacillaceae,Halothiobacillus,Halothiobacillus sp001663815,0,0,0,1,2,0,0,0,0,2,0,0,0,1,4,0,0,4,0
GCF_001675165.1,Bacteria,Bacillota_A,Clostridia,Clostridiales,Clostridiaceae,Clostridium_B,Clostridium_B ragsdalei,0,0,0,0,0,0,0,0,0,1,0,5,0,0,0,0,1,2,0
GCF_001682385.1,Bacteria,Pseudomonadota,Gammaproteobacteria,Burkholderiales,Rhodocyclaceae,Azoarcus,Azoarcus olearius,0,0,0,4,0,0,0,0,0,2,0,3,0,4,3,0,0,2,0
GCF_001687105.1,Bacteria,Pseudomonadota,Alphaproteobacteria,Rhodobacterales,Rhodobacteraceae,Salipiger,Salipiger sp001687105,0,0,0,2,1,0,0,0,0,1,0,2,1,2,4,0,0,3,0
GCF_001687335.1,Bacteria,Desulfobacterota,Dissulfuribacteria,Dissulfuribacterales,Dissulfuribacteraceae,Dissulfuribacter,Dissulfuribacter thermophilus,0,0,0,0,0,0,0,0,0,1,0,2,0,1,1,0,0,4,0
GCF_001693385.1,Bacteria,Pseudomonadota,Alphaproteobacteria,Rhizobiales,Xanthobacteraceae,Bradyrhizobium,Bradyrhizobium icense,0,0,0,3,1,1,0,0,0,2,0,1,1,5,3,0,0,2,0
GCF_001693515.2,Bacteria,Pseudomonadota,Alphaproteobacteria,Rhizobiales,Xanthobacteraceae,Bradyrhizobium,Bradyrhizobium paxllaeri,0,0,0,2,1,1,0,0,0,2,0,1,1,5,3,0,0,2,0
GCF_001693735.1,Bacteria,Bacillota_F,Halanaerobiia,Halobacteroidales,Halobacteroidaceae,Orenia,Orenia metallireducens,0,0,0,0,0,0,0,0,0,1,0,5,0,0,0,0,0,3,0
GCF_001697225.1,Bacteria,Pseudomonadota,Gammaproteobacteria,Immundisolibacterales,Immundisolibacteraceae,Immundisolibacter,Immundisolibacter cernigliae,0,0,0,2,0,0,0,0,0,2,0,0,0,2,3,1,0,1,0
GCF_001698815.1,Bacteria,Pseudomonadota,Gammaproteobacteria,Pseudomonadales,Pseudomonadaceae,Pseudomonas_E,Pseudomonas_E syringae_A,0,0,0,2,0,0,0,0,0,2,0,0,0,2,4,0,0,1,0
GCF_001707885.1,Bacteria,Bacillota_B,Desulfitobacteriia,Desulfitobacteriales,Desulfitobacteriaceae,Desulfosporosinus,Desulfosporosinus sp001707885,0,0,1,0,0,0,0,0,0,1,0,3,0,2,2,0,1,5,0
GCF_001718195.1,Bacteria,Pseudomonadota,Gammaproteobacteria,Burkholderiales,Burkholderiaceae,Paraburkholderia,Paraburkholderia nodosa_A,0,0,0,3,0,0,0,0,0,2,0,1,0,3,3,0,0,1,0
GCF_001719045.1,Bacteria,Bacillota,Bacilli,Paenibacillales,Paenibacillaceae,Paenibacillus,Paenibacillus polymyxa_B,0,0,0,0,0,1,0,0,0,2,0,1,0,2,4,1,0,2,0
GCF_001723285.1,Bacteria,Pseudomonadota,Alphaproteobacteria,Rhizobiales,Methyloligellaceae,Methyloceanibacter,Methyloceanibacter methanicus,0,0,0,3,0,0,0,0,0,2,0,1,0,1,4,0,0,1,0
GCF_001723355.1,Bacteria,Pseudomonadota,Alphaproteobacteria,Rhizobiales,Methyloligellaceae,Methyloceanibacter,Methyloceanibacter stevinii,0,0,0,2,0,0,0,0,0,2,0,0,0,2,4,0,0,1,0
GCF_001723605.1,Bacteria,Campylobacterota,Campylobacteria,Campylobacterales,Sulfurospirillaceae,Sulfurospirillum,Sulfurospirillum halorespirans,0,0,2,0,0,0,0,0,0,2,0,2,0,3,3,1,0,3,0
GCF_001730225.1,Bacteria,Bacillota,Bacilli,Desulfuribacillales,Desulfuribacillaceae,Desulfuribacillus,Desulfuribacillus alkaliarsenatis,0,0,2,0,0,0,0,0,0,1,0,2,0,1,1,0,0,3,0
GCF_001742305.1,Bacteria,Bacillota,Bacilli,Desulfuribacillales,Desulfuribacillaceae,Desulfuribacillus_A,Desulfuribacillus_A stibiiarsenatis,0,0,2,0,0,0,0,0,0,1,0,1,0,2,1,0,0,3,0
GCF_001746755.1,Bacteria,Pseudomonadota,Alphaproteobacteria,Rhodospirillales_A,Magnetovibrionaceae,Magnetovibrio,Magnetovibrio blakemorei,0,0,0,1,1,0,0,0,0,2,0,2,0,6,1,0,0,5,0
GCF_001746915.1,Bacteria,Cyanobacteriota,Cyanobacteriia,Cyanobacteriales,Desertifilaceae,Desertifilum,Desertifilum sp001746915,0,0,0,1,1,0,0,0,0,2,0,0,0,1,2,0,0,3,0
GCF_001750685.1,Bacteria,Bacillota_A,Clostridia,Peptostreptococcales,Thermotaleaceae,Geosporobacter,Geosporobacter ferrireducens,0,0,0,0,0,0,0,0,0,1,0,5,0,0,0,0,1,2,0
GCF_001753165.1,Bacteria,Pseudomonadota,Gammaproteobacteria,Ectothiorhodospirales_A,Acidihalobacteraceae,Acidihalobacter,Acidihalobacter aeolianus,0,0,0,1,2,0,0,0,0,2,0,2,0,2,3,0,0,4,0
GCF_001766835.1,Bacteria,Bacillota_A,Clostridia,Eubacteriales,Eubacteriaceae,Acetobacterium,Acetobacterium wieringae,0,0,0,0,0,0,0,0,0,1,0,3,0,0,0,0,0,2,0
GCF_001854185.1,Bacteria,Bacillota_A,Clostridia,Peptostreptococcales,Natronincolaceae,Clostridium_W,Clostridium_W formicaceticum,0,0,0,0,0,0,0,0,0,1,0,4,0,2,0,0,1,2,0
GCF_001854785.1,Bacteria,Pseudomonadota,Alphaproteobacteria,Rhizobiales,Rhizobiaceae,Mesorhizobium,Mesorhizobium sp001854785,0,0,0,2,0,0,0,0,0,2,0,0,1,2,4,0,0,2,0
GCF_001854885.1,Bacteria,Pseudomonadota,Alphaproteobacteria,Rhizobiales,Rhizobiaceae,Sinorhizobium,Sinorhizobium sp001854885,0,0,0,3,0,0,0,0,0,2,0,1,1,4,3,0,0,1,0
GCF_001865575.2,Bacteria,Pseudomonadota,Gammaproteobacteria,Burkholderiales,Burkholderiaceae,Paraburkholderia,Paraburkholderia sprentiae,0,0,0,2,1,0,0,0,0,2,0,0,0,3,4,0,0,2,0
GCF_001866055.1,Bacteria,Bacillota,Bacilli,Bacillales_H,Anaerobacillaceae,Anaerobacillus,Anaerobacillus alkalidiazotrophicus,0,0,2,1,0,1,0,0,0,1,0,0,0,1,3,0,0,1,0
GCF_001870905.1,Bacteria,Cyanobacteriota,Cyanobacteriia,Cyanobacteriales,Geitlerinemaceae_A,PCC-9228,PCC-9228 sp001870905,0,0,0,0,1,0,0,0,0,2,0,1,0,2,2,0,0,2,0
GCF_001875325.1,Bacteria,Bacillota_B,Moorellia,Moorellales,Moorellaceae,Moorella,Moorella thermoacetica_A,0,0,0,0,0,0,0,0,0,1,0,3,0,0,1,0,1,3,0
GCF_001877035.1,Bacteria,Bacillota_A,Clostridia,Clostridiales,Clostridiaceae,Clostridium_AD,Clostridium_AD estertheticum,0,0,0,0,0,0,0,0,0,1,0,1,0,0,0,0,1,2,0
GCF_001887775.1,Bacteria,Desulfobacterota_F,Desulfuromonadia,Desulfuromonadales,Syntrophotaleaceae,Syntrophotalea_A,Syntrophotalea_A acetylenivorans,0,0,0,0,0,0,0,0,0,1,0,2,0,2,2,0,0,1,0
GCF_001888165.1,Bacteria,Desulfobacterota_F,Desulfuromonadia,Desulfuromonadales,Syntrophotaleaceae,Syntrophotalea,Syntrophotalea acetylenica,0,0,0,0,0,0,0,0,0,1,0,2,0,0,0,0,0,1,0
GCF_001904655.1,Bacteria,Cyanobacteriota,Cyanobacteriia,Cyanobacteriales,Chroococcidiopsidaceae,Chroogloeocystis,Chroogloeocystis siderophila,0,0,0,1,1,0,0,0,0,2,0,0,1,2,2,0,1,2,0
GCF_001904725.1,Bacteria,Cyanobacteriota,Cyanobacteriia,Cyanobacteriales,Phormidiaceae_A,Phormidium_B,Phormidium_B ambiguum,0,0,0,2,1,0,0,0,0,2,0,1,1,2,2,0,1,3,0
GCF_001904745.1,Bacteria,Cyanobacteriota,Cyanobacteriia,Cyanobacteriales,Nostocaceae,Calothrix,Calothrix sp001904745,0,0,0,1,1,0,0,0,0,2,0,1,0,2,1,0,0,2,0
GCF_001908185.1,Bacteria,Pseudomonadota,Alphaproteobacteria,Rhizobiales,Xanthobacteraceae,Bradyrhizobium,Bradyrhizobium sp001908185,0,0,0,2,1,1,0,0,0,2,0,0,1,5,3,0,0,2,0
GCF_001908205.1,Bacteria,Pseudomonadota,Alphaproteobacteria,Rhizobiales,Xanthobacteraceae,Bradyrhizobium,Bradyrhizobium sp001908205,0,0,0,2,1,1,0,0,0,2,0,0,1,5,3,0,0,2,0
GCF_001908375.1,Bacteria,Pseudomonadota,Alphaproteobacteria,Rhizobiales,Rhizobiaceae,Rhizobium,Rhizobium etli_B,0,0,0,2,1,0,0,0,0,2,0,0,1,5,4,0,0,1,0
GCF_001927285.1,Bacteria,Pseudomonadota,Alphaproteobacteria,Rhizobiales,Pleomorphomonadaceae,Mongoliimonas,Mongoliimonas terrestris,0,0,1,3,0,0,0,0,0,2,0,0,0,2,3,0,0,1,0
GCF_001936615.1,Bacteria,Bacillota_B,Desulfitobacteriia,Desulfitobacteriales,Desulfitobacteriaceae,Desulfosporosinus,Desulfosporosinus metallidurans,0,0,1,0,0,0,0,0,0,2,0,4,0,2,2,0,1,5,0
GCF_001938565.1,Bacteria,Pseudomonadota,Gammaproteobacteria,Burkholderiales,Burkholderiaceae_B,Rhodoferax,Rhodoferax antarcticus,0,0,0,0,2,0,0,0,0,2,0,0,0,1,1,0,0,3,0
GCF_001939115.1,Bacteria,Cyanobacteriota,Cyanobacteriia,GCF-001939115,GCF-001939115,GCF-001939115,GCF-001939115 sp001939115,0,0,0,1,1,0,0,0,0,2,0,1,0,1,2,0,0,2,0
GCF_001955925.1,Bacteria,Bacillota,Bacilli,Paenibacillales,Paenibacillaceae,Paenibacillus,Paenibacillus sp001955925,0,0,0,0,0,1,0,0,0,1,0,0,0,2,3,1,0,2,0
GCF_001956855.1,Bacteria,Pseudomonadota,Gammaproteobacteria,Burkholderiales,Rhodocyclaceae,Azonexus,Azonexus hydrophilus_A,0,0,0,1,1,0,0,0,0,2,0,3,0,6,3,0,0,1,0
GCF_002005105.1,Bacteria,Pseudomonadota,Gammaproteobacteria,Methylococcales,Methylococcaceae,Methylocaldum,Methylocaldum sp002005105,0,0,0,3,1,0,0,0,0,2,0,2,0,3,3,0,0,3,0
GCF_002005145.1,Bacteria,Bacillota_B,Desulfotomaculia,Desulfotomaculales,Desulfotomaculaceae,Desulfotomaculum,Desulfotomaculum ferrireducens,0,0,0,0,0,0,0,0,0,2,0,4,0,1,1,0,1,3,0
GCF_002006355.2,Bacteria,Bacillota_A,Clostridia,Clostridiales,Clostridiaceae,Clostridium_S,Clostridium_S felsineum,0,0,0,0,0,0,0,0,0,1,0,2,0,0,0,0,0,2,0
GCF_002008365.1,Bacteria,Pseudomonadota,Alphaproteobacteria,Rhizobiales,Rhizobiaceae,Rhizobium,Rhizobium leguminosarum,0,0,0,1,0,0,0,0,0,2,0,0,1,2,4,0,0,1,0
GCF_002029235.1,Bacteria,Bacillota_A,Clostridia,Clostridiales,Clostridiaceae,Clostridium_AE,Clostridium_AE oryzae,0,0,0,0,0,0,0,0,0,1,0,1,0,0,0,0,0,0,0
GCF_002029255.1,Bacteria,Bacillota_A,Clostridia,Clostridiales,Clostridiaceae,Clostridium,Clostridium chromiireducens,0,0,0,0,0,0,0,0,0,1,0,4,0,0,0,0,0,2,0
GCF_002051585.1,Bacteria,Bacillota_A,Clostridia,Acetivibrionales,DSM-27016,Ruminiclostridium,Ruminiclostridium hungatei,0,0,0,0,0,0,0,0,0,1,0,4,0,1,0,0,0,0,0
GCF_002072215.1,Archaea,Methanobacteriota,Methanobacteria,Methanobacteriales,Methanobacteriaceae,Methanobrevibacter_C,Methanobrevibacter_C arboriphilus,0,0,0,2,0,0,0,0,0,1,0,2,0,1,0,0,0,0,0
GCF_002072955.1,Bacteria,Pseudomonadota,Gammaproteobacteria,Methylococcales,Methylomonadaceae,Methyloprofundus,Methyloprofundus sedimenti,0,0,0,3,0,0,0,0,0,2,0,1,0,5,2,1,0,3,0
GCF_002073975.1,Bacteria,Pseudomonadota,Alphaproteobacteria,Rhodobacterales,Rhodobacteraceae,Rhodovulum,Rhodovulum sp002073975,0,0,0,1,2,0,0,0,0,2,0,2,0,1,2,0,0,3,0
GCF_002079305.1,Bacteria,Pseudomonadota,Alphaproteobacteria,Rhodobacterales,Rhodobacteraceae,Rhodovulum,Rhodovulum sp002079305,0,0,0,2,2,0,0,0,0,2,0,2,0,3,2,0,0,4,0
GCF_002091475.1,Bacteria,Pseudomonadota,Alphaproteobacteria,Sphingomonadales,Sphingomonadaceae,Sphingomonas,Sphingomonas azotifigens,0,0,0,1,0,0,0,0,0,2,0,0,1,1,3,0,0,1,0
GCF_002095535.1,Bacteria,Pseudomonadota,Gammaproteobacteria,Enterobacterales,Enterobacteriaceae,Pantoea,Pantoea cypripedii,0,0,0,1,0,0,0,0,0,2,0,1,1,2,3,1,0,0,0
GCF_002100145.1,Bacteria,Pseudomonadota,Gammaproteobacteria,Enterobacterales_A,Vibrionaceae,Vibrio,Vibrio sp002100145,0,0,0,2,0,0,0,0,0,2,0,0,0,4,3,0,0,1,0
GCF_002105535.1,Bacteria,Pseudomonadota,Alphaproteobacteria,Rhodospirillales,Magnetospirillaceae,Phaeospirillum,Phaeospirillum sp002105535,0,0,0,0,1,1,0,0,0,2,0,3,0,4,2,1,0,2,0
GCF_002109495.1,Bacteria,Pseudomonadota,Magnetococcia,Magnetococcales,Magnetococcaceae,Magnetofaba,Magnetofaba australis,0,0,0,0,0,0,0,0,0,1,0,2,0,3,1,0,0,5,0
GCF_002117485.1,Bacteria,Pseudomonadota,Alphaproteobacteria,Rhizobiales,Rhizobiaceae,Rhizobium,Rhizobium sp002117485,0,0,0,1,0,0,0,0,0,2,0,1,1,2,4,0,0,1,0
GCF_002149925.1,Bacteria,Pseudomonadota,Gammaproteobacteria,Beggiatoales,Beggiatoaceae,Thioflexithrix,Thioflexithrix psekupsensis,0,0,0,1,1,0,0,0,0,2,0,2,0,2,2,0,0,4,0
GCF_002154695.1,Bacteria,Cyanobacteriota,Cyanobacteriia,Cyanobacteriales,Nostocaceae,Aulosira,Aulosira sp002154695,0,0,0,1,1,0,0,0,0,2,0,1,0,1,1,0,1,2,0
GCF_002154725.1,Bacteria,Cyanobacteriota,Cyanobacteriia,Cyanobacteriales,Nostocaceae,Aulosira,Aulosira sp002154725,0,0,0,1,1,0,0,0,0,2,0,1,0,1,1,0,1,2,0
GCF_002162035.1,Bacteria,Pseudomonadota,Gammaproteobacteria,Burkholderiales,Sulfuriferulaceae,Sulfuriferula_A,Sulfuriferula_A sp002162035,0,0,1,1,2,0,0,0,0,2,0,2,0,2,2,0,0,3,0
GCF_002162315.1,Bacteria,Campylobacterota,Campylobacteria,Campylobacterales,Sulfurospirillaceae,Sulfurospirillum,Sulfurospirillum sp002162315,0,0,2,1,0,0,0,0,0,2,0,2,0,3,2,0,0,2,0
GCF_002198735.1,Bacteria,Pseudomonadota,Gammaproteobacteria,Burkholderiales,Burkholderiaceae_B,Aquabacterium_A,Aquabacterium_A sp002198735,0,0,0,3,1,0,0,0,0,2,0,2,1,5,2,0,0,4,0
GCF_002215035.1,Bacteria,Cyanobacteriota,Cyanobacteriia,Elainellales,Elainellaceae,Leptolyngbya_A,Leptolyngbya_A ohadii,0,0,0,1,1,0,0,0,0,2,0,1,0,2,1,0,0,1,0
GCF_002218085.1,Bacteria,Cyanobacteriota,Cyanobacteriia,Cyanobacteriales,Nostocaceae,Hassallia,Hassallia sp002218085,0,0,0,1,1,0,0,0,0,2,0,1,0,1,2,0,0,2,0
GCF_002222655.1,Bacteria,Pseudomonadota,Gammaproteobacteria,Burkholderiales,Burkholderiaceae_B,Ideonella,Ideonella filiformis,0,0,0,3,1,0,0,0,0,1,0,3,0,3,1,0,0,1,0
GCF_002243045.1,Archaea,Halobacteriota,Methanosarcinia,Methanosarcinales,Methanosarcinaceae,Methanolobus,Methanolobus psychrotolerans,0,0,0,2,0,0,0,0,0,2,0,0,0,1,0,0,0,1,0
GCF_002246015.1,Bacteria,Cyanobacteriota,Cyanobacteriia,Cyanobacteriales,Nostocaceae,Nostoc,Nostoc sp002246015,0,0,1,1,1,0,0,0,0,2,0,1,0,1,2,0,0,2,0
GCF_002251945.1,Bacteria,Cyanobacteriota,Cyanobacteriia,Pseudanabaenales,Pseudanabaenaceae,Pseudanabaena,Pseudanabaena sp002251945,0,0,0,1,1,0,0,0,0,2,0,1,1,1,1,0,0,3,0
GCF_002252565.1,Bacteria,Bacillota_A,Clostridia,SK-Y3,SK-Y3,Petroclostridium,Petroclostridium xylanilyticum,0,0,0,1,0,0,0,0,0,1,0,3,0,1,0,0,0,2,0
GCF_002252705.1,Bacteria,Cyanobacteriota,Cyanobacteriia,PCC-6307,Cyanobiaceae,Vulcanococcus,Vulcanococcus limneticus,0,0,0,1,1,0,0,0,0,2,0,1,0,1,2,0,0,2,0
GCF_002257705.1,Bacteria,Bacillota_C,Negativicutes,Sporomusales,Sporomusaceae,Sporomusa,Sporomusa silvacetica,0,0,0,0,0,0,0,0,0,1,0,6,0,3,1,0,1,2,0
GCF_002266435.2,Bacteria,Pseudomonadota,Alphaproteobacteria,Rhizobiales,Xanthobacteraceae,Bradyrhizobium,Bradyrhizobium amphicarpaeae,0,0,0,2,1,1,0,0,0,2,0,0,1,3,4,0,0,3,0
GCF_002270415.1,Bacteria,Pseudomonadota,Alphaproteobacteria,Rhizobiales,Rhizobiaceae,Mesorhizobium,Mesorhizobium sophorae,0,0,1,2,0,0,0,0,0,2,0,1,1,4,3,0,0,1,0
GCF_002284535.1,Bacteria,Pseudomonadota,Alphaproteobacteria,Rhizobiales,Rhizobiaceae,Mesorhizobium,Mesorhizobium wenxiniae,0,0,0,3,1,0,0,0,0,2,0,0,1,2,3,0,0,1,0
GCF_002284575.1,Bacteria,Pseudomonadota,Alphaproteobacteria,Rhizobiales,Rhizobiaceae,Mesorhizobium,Mesorhizobium temperatum,0,0,1,3,1,0,0,0,0,2,0,1,1,2,3,0,0,1,0
GCF_002285435.1,Bacteria,Pseudomonadota,Alphaproteobacteria,Rhodobacterales,Rhodobacteraceae,Actibacterium_C,Actibacterium_C ureilyticum,0,0,0,2,1,0,0,0,0,2,0,2,0,4,3,1,0,3,0
GCF_002287175.1,Archaea,Methanobacteriota,Methanobacteria,Methanobacteriales,Methanobacteriaceae,Methanobacterium_D,Methanobacterium_D bryantii,0,0,0,2,0,0,0,0,0,2,0,3,0,0,0,0,0,0,0
GCF_002287235.1,Archaea,Halobacteriota,Methanosarcinia,Methanosarcinales,Methanosarcinaceae,Methanosarcina,Methanosarcina spelaei,0,0,0,3,0,0,0,0,0,1,0,2,0,1,1,0,0,0,0
GCF_002291445.1,Bacteria,Pseudomonadota,Gammaproteobacteria,Enterobacterales,Enterobacteriaceae,Brenneria,Brenneria goodwinii,0,0,0,1,0,0,0,0,0,2,0,2,0,2,2,0,0,0,0
GCF_002294725.1,Bacteria,Pseudomonadota,Alphaproteobacteria,Rhizobiales,Rhizobiaceae,Mesorhizobium,Mesorhizobium sp002294725,0,0,0,2,0,0,0,0,0,2,0,0,1,3,3,0,0,1,0
GCF_002295115.1,Bacteria,Pseudomonadota,Alphaproteobacteria,Rhizobiales,Rhizobiaceae,Mesorhizobium,Mesorhizobium sp002295115,0,0,0,1,0,0,0,0,0,2,0,0,1,3,4,0,0,2,0
GCF_002307355.1,Bacteria,Pseudomonadota,Gammaproteobacteria,Enterobacterales,Enterobacteriaceae,Pectobacterium,Pectobacterium polaris,0,0,0,1,0,0,0,0,0,2,0,0,0,2,2,0,0,0,0
GCF_002309535.1,Bacteria,Campylobacterota,Campylobacteria,Campylobacterales,Sulfurospirillaceae,Sulfurospirillum,Sulfurospirillum sp002309535,0,0,1,1,0,0,0,0,0,2,0,2,0,4,2,0,0,2,0
GCF_002312815.1,Bacteria,Pseudomonadota,Gammaproteobacteria,Pseudomonadales,Cellvibrionaceae,Agaribacterium,Agaribacterium haliotis,0,0,0,1,0,0,0,0,0,2,0,0,0,3,3,0,0,1,0
GCF_002356555.2,Bacteria,Pseudomonadota,Gammaproteobacteria,Nitrococcales,Halorhodospiraceae,Halorhodospira,Halorhodospira halochloris,0,0,0,0,1,0,0,0,0,2,0,0,0,2,1,0,0,1,0
GCF_002367995.1,Bacteria,Cyanobacteriota,Cyanobacteriia,Cyanobacteriales,Nostocaceae,Aulosira,Aulosira brevissima,0,0,0,1,1,1,0,0,0,2,0,0,0,1,1,0,0,3,0
GCF_002368175.1,Bacteria,Cyanobacteriota,Cyanobacteriia,Cyanobacteriales,Nostocaceae,Aulosira,Aulosira sp002368175,0,0,0,1,1,0,0,0,0,2,0,2,0,1,1,0,1,3,0
GCF_002368195.1,Bacteria,Cyanobacteriota,Cyanobacteriia,Cyanobacteriales,Nostocaceae,Aulosira,Aulosira sp002368195,0,0,0,1,1,0,0,0,0,2,0,2,0,1,1,0,1,3,0
GCF_002368235.1,Bacteria,Cyanobacteriota,Cyanobacteriia,Cyanobacteriales,Nostocaceae,Tolypothrix_B,Tolypothrix_B sp002368235,0,0,0,2,1,0,0,0,0,2,0,1,0,1,2,0,1,2,0
GCF_002368335.1,Bacteria,Cyanobacteriota,Cyanobacteriia,Cyanobacteriales,Nostocaceae,Amazonocrinis,Amazonocrinis sp002368335,0,0,0,1,1,0,0,0,0,2,0,2,0,1,2,0,1,2,0
GCF_002368435.1,Bacteria,Cyanobacteriota,Cyanobacteriia,Cyanobacteriales,Nostocaceae,Tolypothrix_B,Tolypothrix_B sp002368435,0,0,0,1,1,0,0,0,0,2,0,1,0,1,2,0,1,2,0
GCF_002407205.1,Bacteria,Pseudomonadota,Alphaproteobacteria,Rhodobacterales,Rhodobacteraceae,Cereibacter_A,Cereibacter_A sp002407205,0,0,1,3,1,0,0,0,0,2,0,2,0,5,3,0,0,2,0
GCF_002487355.1,Archaea,Halobacteriota,Methanosarcinia,Methanosarcinales,Methanoperedenaceae,Methanoperedens,Methanoperedens sp002487355,0,0,2,2,0,0,0,0,0,2,0,1,0,4,1,1,0,1,0
GCF_002531725.1,Bacteria,Pseudomonadota,Alphaproteobacteria,Rhizobiales,Rhizobiaceae,Rhizobium,Rhizobium sp002531725,0,0,0,1,0,0,0,0,0,2,0,0,1,2,4,0,0,1,0
GCF_002531935.1,Bacteria,Pseudomonadota,Alphaproteobacteria,Rhizobiales,Rhizobiaceae,Rhizobium,Rhizobium chutanense,0,0,0,1,0,0,0,0,0,2,0,0,1,4,4,0,0,1,0
GCF_002532045.1,Bacteria,Pseudomonadota,Alphaproteobacteria,Rhizobiales,Xanthobacteraceae,Bradyrhizobium,Bradyrhizobium sp002532045,0,0,0,2,1,1,0,0,0,2,0,1,1,4,4,0,0,3,0
GCF_002532535.1,Bacteria,Chloroflexota,Chloroflexia,Chloroflexales,Chloroflexaceae,Viridilinea,Viridilinea mediisalina,0,0,0,0,0,0,0,0,0,2,0,2,0,0,1,0,0,0,0
GCF_002556635.1,Bacteria,Pseudomonadota,Alphaproteobacteria,Sphingomonadales,Sphingomonadaceae,Novosphingobium,Novosphingobium sp002556635,0,0,0,4,0,0,0,0,0,2,0,0,0,1,4,0,0,2,0
GCF_002600635.1,Bacteria,Pseudomonadota,Alphaproteobacteria,Rhizobiales,Rhizobiaceae,Allorhizobium,Allorhizobium sp002600635,0,0,0,2,1,0,0,0,0,2,0,2,1,5,4,0,0,2,0
GCF_002608075.1,Bacteria,Cyanobacteriota,Cyanobacteriia,Cyanobacteriales,Nostocaceae,Nostoc,Nostoc linckia,0,0,0,1,1,0,0,0,0,2,0,2,0,1,2,0,0,2,0
GCF_002752655.1,Bacteria,Pseudomonadota,Alphaproteobacteria,Rhizobiales,Beijerinckiaceae,Methylosinus,Methylosinus trichosporium,0,0,0,4,0,0,0,0,0,2,0,2,0,3,3,0,0,2,0
GCF_002760435.1,Bacteria,Bacillota_A,Clostridia,Clostridiales,Clostridiaceae,Clostridium,Clostridium sp002760435,0,0,0,0,0,0,0,0,0,1,0,4,0,1,0,0,1,2,0
GCF_002770725.1,Bacteria,Pseudomonadota,Alphaproteobacteria,Rhizobiales,Pleomorphomonadaceae,Pleomorphomonas,Pleomorphomonas carboxyditropha,0,0,0,0,0,0,0,0,0,2,0,4,0,3,3,0,1,1,0
GCF_002804065.1,Bacteria,Bacillota,Bacilli,Kyrpidiales,Kyrpidiaceae,Kyrpidia,Kyrpidia spormannii,0,0,0,2,1,1,0,0,0,2,0,0,0,1,4,0,0,3,0
GCF_002812485.1,Bacteria,Pseudomonadota,Gammaproteobacteria,Enterobacterales,Enterobacteriaceae,Dickeya,Dickeya fangzhongdai,0,0,0,1,0,0,0,0,0,2,0,2,0,2,2,1,0,0,0
GCF_002813695.1,Archaea,Methanobacteriota,Methanobacteria,Methanobacteriales,Methanobacteriaceae,Methanobacterium,Methanobacterium subterraneum,0,0,0,2,0,0,0,0,0,2,0,2,0,0,0,0,0,0,0
GCF_002813775.1,Bacteria,Pseudomonadota,Gammaproteobacteria,Chromatiales,Chromatiaceae,Thiodictyon,Thiodictyon syntrophicum,0,0,0,2,2,0,0,0,0,2,0,2,0,2,2,0,0,4,0
GCF_002814095.1,Bacteria,Pseudomonadota,Alphaproteobacteria,Rhodobacterales,Rhodobacteraceae,Sagittula,Sagittula sp002814095,0,0,0,2,0,0,0,0,0,2,0,2,0,4,3,0,0,3,0
GCF_002834385.1,Bacteria,Pseudomonadota,Gammaproteobacteria,Enterobacterales,Enterobacteriaceae,Rahnella,Rahnella sp002834385,0,0,0,1,0,0,0,0,0,2,0,2,0,2,3,1,0,0,0
GCF_002843385.1,Bacteria,Bacteroidota,Bacteroidia,Bacteroidales,Marinifilaceae,Labilibaculum,Labilibaculum manganireducens,0,0,0,0,0,0,0,0,0,2,0,4,0,1,3,0,0,2,0
GCF_002845745.1,Bacteria,Pseudomonadota,Alphaproteobacteria,Rhodospirillales,Magnetospirillaceae,Telmatospirillum,Telmatospirillum siberiense,0,0,0,2,1,0,0,0,0,2,0,3,0,3,3,0,1,1,0
GCF_002847015.1,Bacteria,Pseudomonadota,Gammaproteobacteria,Enterobacterales,Enterobacteriaceae,ATCC-39006,ATCC-39006 sp002847015,0,0,0,1,0,0,0,0,0,2,0,2,0,2,2,0,0,2,0
GCF_002847345.1,Bacteria,Pseudomonadota,Gammaproteobacteria,Enterobacterales,Enterobacteriaceae,Pectobacterium,Pectobacterium peruviense,0,0,0,1,0,0,0,0,0,2,0,2,0,2,2,1,0,0,0
GCF_002873395.1,Bacteria,Pseudomonadota,Gammaproteobacteria,Enterobacterales_A,Vibrionaceae,Vibrio,Vibrio sp002873395,0,0,0,1,0,0,0,0,0,2,0,0,0,2,3,0,0,0,0
GCF_002879535.1,Bacteria,Pseudomonadota,Alphaproteobacteria,Rhizobiales,Rhizobiaceae,Mesorhizobium,Mesorhizobium intechi,0,0,0,1,0,0,0,0,0,2,0,0,1,3,4,0,0,2,0
GCF_002879615.1,Bacteria,Pseudomonadota,Gammaproteobacteria,Pseudomonadales,Halomonadaceae,Halomonas,Halomonas endophytica,0,0,0,3,0,0,0,0,0,2,0,0,0,5,3,1,0,1,0
GCF_002879865.1,Bacteria,Pseudomonadota,Gammaproteobacteria,Burkholderiales,Burkholderiaceae,Paraburkholderia,Paraburkholderia rhynchosiae,0,0,0,3,1,0,0,0,0,2,0,0,1,3,3,0,0,1,0
GCF_002906165.1,Bacteria,Pseudomonadota,Alphaproteobacteria,Rhizobiales,Stappiaceae,Roseibium,Roseibium marinum,0,0,0,3,1,0,0,0,0,2,0,1,1,5,4,0,0,2,0
GCF_002914525.1,Bacteria,Pseudomonadota,Alphaproteobacteria,Rhizobiales,Rhizobiaceae,Rhizobium,Rhizobium hidalgonense,0,0,0,1,0,0,0,0,0,2,0,0,1,2,4,0,0,1,0
GCF_002914585.1,Bacteria,Cyanobacteriota,Cyanobacteriia,Pseudanabaenales,Pseudanabaenaceae,Pseudanabaena,Pseudanabaena sp002914585,0,0,0,1,1,0,0,0,0,2,0,0,0,1,1,0,0,2,0
GCF_002923755.1,Bacteria,Pseudomonadota,Gammaproteobacteria,Methylococcales,Methylomonadaceae,Methylovulum,Methylovulum psychrotolerans,0,0,0,3,0,0,0,0,0,2,0,3,0,3,3,0,0,2,0
GCF_002925905.1,Bacteria,Pseudomonadota,Gammaproteobacteria,Enterobacterales,Enterobacteriaceae,Klebsiella,Klebsiella michiganensis,0,0,0,1,0,0,0,0,0,2,0,1,1,3,2,1,1,0,0
GCF_002933875.1,Bacteria,Bacillota_B,Desulfotomaculia,Desulfotomaculales,Desulfocucumaceae,Desulfocucumis,Desulfocucumis palustris,0,0,0,0,0,0,0,0,0,2,0,3,0,0,1,0,1,3,0
GCF_002934455.1,Bacteria,Pseudomonadota,Gammaproteobacteria,Burkholderiales,Burkholderiaceae,Trinickia,Trinickia symbiotica,0,0,0,2,1,0,0,0,0,2,0,0,0,3,3,1,0,2,0
GCF_002937075.1,Bacteria,Pseudomonadota,Alphaproteobacteria,Rhizobiales,Beijerinckiaceae,Rhodoblastus,Rhodoblastus sphagnicola,0,0,0,3,2,0,0,0,0,2,0,3,0,2,2,0,0,0,0
GCF_002937115.1,Bacteria,Pseudomonadota,Alphaproteobacteria,Acetobacterales,Acetobacteraceae,Rhodopila,Rhodopila globiformis,0,0,0,3,1,0,0,0,0,2,0,1,1,3,4,0,0,2,0
GCF_002939305.1,Bacteria,Cyanobacteriota,Cyanobacteriia,Cyanobacteriales,Chroococcidiopsidaceae,Chroogloeocystis,Chroogloeocystis sp002939305,0,0,0,1,1,0,0,0,0,2,0,0,1,1,2,0,1,2,0
GCF_002944315.1,Bacteria,Pseudomonadota,Alphaproteobacteria,Rhizobiales,Rhizobiaceae,Rhizobium,Rhizobium sp002944315,0,0,0,1,0,0,0,0,0,2,0,1,1,3,4,0,0,1,0
GCF_002944405.1,Bacteria,Pseudomonadota,Alphaproteobacteria,Rhizobiales,Rhizobiaceae,Sinorhizobium,Sinorhizobium fredii_C,0,0,0,2,0,0,0,0,0,2,0,1,1,2,4,0,0,1,0
GCF_002945325.1,Archaea,Methanobacteriota,Methanococci,Methanococcales,Methanococcaceae,Methanococcus,Methanococcus maripaludis,0,0,0,1,0,0,0,0,0,2,0,3,0,1,0,0,0,0,0
GCF_002995745.1,Bacteria,Bacillota_A,Clostridia,Clostridiales,Clostridiaceae,Clostridium,Clostridium vincentii,0,0,0,0,0,0,0,0,0,1,0,2,0,0,0,0,0,1,0
GCF_002995805.1,Bacteria,Bacillota_B,Moorellia,Moorellales,Moorellaceae,Moorella,Moorella stamsii,0,0,1,0,0,0,0,0,0,2,0,5,0,0,1,0,1,3,0
GCF_002995845.1,Bacteria,Bacillota_A,Clostridia,Clostridiales,Clostridiaceae,Clostridium_B,Clostridium_B luticellarii,0,0,0,1,0,0,0,0,0,1,0,2,0,0,0,0,0,2,0
GCF_003001995.1,Bacteria,Bacillota_F,Halanaerobiia,Halobacteroidales,Halobacteroidaceae,Orenia,Orenia metallireducens_B,0,0,0,1,0,0,0,0,0,1,0,4,0,0,0,0,0,3,0
GCF_003002025.1,Bacteria,Pseudomonadota,Gammaproteobacteria,Burkholderiales,Burkholderiaceae,Paraburkholderia,Paraburkholderia sp003002025,0,0,0,1,0,0,0,0,0,2,0,0,1,2,4,0,0,2,0
GCF_003013815.1,Bacteria,Cyanobacteriota,Cyanobacteriia,Cyanobacteriales,Microcystaceae_A,Crocosphaera,Crocosphaera sp003013815,0,0,0,1,1,0,0,0,0,2,0,1,0,0,2,0,0,3,0
GCF_003031265.1,Bacteria,Pseudomonadota,Alphaproteobacteria,Rhizobiales,Xanthobacteraceae,Rhodopseudomonas,Rhodopseudomonas palustris_H,0,0,0,2,2,0,0,0,0,2,0,2,1,3,4,0,0,1,0
GCF_003034845.1,Bacteria,Pseudomonadota,Gammaproteobacteria,Burkholderiales,Rhodocyclaceae,Thauera_A,Thauera_A lacus,0,0,2,0,1,0,0,0,0,2,0,3,0,3,2,0,0,2,0
GCF_003034985.1,Bacteria,Pseudomonadota,Alphaproteobacteria,Rhodobacterales,Rhodobacteraceae,Cereibacter,Cereibacter changlensis,0,0,0,2,1,0,0,0,0,1,0,0,0,2,3,0,0,3,0
GCF_003034995.1,Bacteria,Pseudomonadota,Alphaproteobacteria,Rhodobacterales,Rhodobacteraceae,Phaeovulum,Phaeovulum veldkampii,0,0,0,1,2,0,0,0,0,2,0,0,0,3,2,0,0,1,0
GCF_003046625.1,Bacteria,Bacteroidota,Bacteroidia,Bacteroidales,Prolixibacteraceae,Mangrovibacterium,Mangrovibacterium marinum,0,0,0,0,0,0,0,0,0,2,0,3,0,1,3,0,0,1,0
GCF_003046795.1,Bacteria,Desulfobacterota,Desulfovibrionia,Desulfovibrionales,Desulfonatronaceae,Desulfonatronum,Desulfonatronum sp003046795,0,0,1,0,0,0,0,0,0,2,0,2,0,1,1,0,1,3,0
GCF_003053565.1,Bacteria,Bacillota_F,Halanaerobiia,Halanaerobiales,Halanaerobiaceae,Halanaerobium,Halanaerobium saccharolyticum_B,0,0,0,0,0,0,0,0,0,1,0,4,0,0,0,0,1,1,0
GCF_003053725.1,Bacteria,Pseudomonadota,Alphaproteobacteria,Rhodobacterales,Rhodobacteraceae,Rhodovulum,Rhodovulum kholense,0,0,0,2,2,0,0,0,0,2,0,2,0,1,2,0,0,3,0
GCF_003071365.1,Bacteria,Pseudomonadota,Alphaproteobacteria,Rhizobiales,Methyloligellaceae,Methyloceanibacter,Methyloceanibacter sp003071365,0,0,0,2,0,0,0,0,0,2,0,0,0,1,4,0,0,1,0
GCF_003075415.1,Bacteria,Pseudomonadota,Alphaproteobacteria,Rhizobiales,Beijerinckiaceae,Microvirga,Microvirga sp003075415,0,0,0,2,0,0,0,0,0,2,0,0,0,5,3,0,0,1,0
GCF_003096715.1,Bacteria,Pseudomonadota,Gammaproteobacteria,Burkholderiales,Burkholderiaceae,Paraburkholderia,Paraburkholderia silvatlantica,0,0,0,2,0,0,0,0,0,2,0,2,1,3,3,0,0,2,0
GCF_003111645.1,Bacteria,Pseudomonadota,Gammaproteobacteria,Burkholderiales,Rhodocyclaceae,Azoarcus_C,Azoarcus_C communis_A,0,0,0,2,1,0,0,0,0,2,0,3,0,5,3,0,0,3,0
GCF_003112695.1,Bacteria,Pseudomonadota,Gammaproteobacteria,Burkholderiales,Rhodocyclaceae,Azospira,Azospira sp003112695,0,0,0,0,0,0,0,0,0,2,0,3,0,5,1,0,0,2,0
GCF_003115845.1,Bacteria,Pseudomonadota,Gammaproteobacteria,Enterobacterales,Enterobacteriaceae,Brenneria,Brenneria roseae,0,0,0,1,0,0,0,0,0,2,0,2,0,1,2,0,0,0,0
GCF_003116035.1,Bacteria,Pseudomonadota,Alphaproteobacteria,Azospirillales,Azospirillaceae,Azospirillum,Azospirillum sp003116035,0,0,0,3,1,0,0,0,0,2,0,3,0,5,4,0,0,0,0
GCF_003116095.1,Bacteria,Pseudomonadota,Alphaproteobacteria,Azospirillales,Azospirillaceae,Azospirillum,Azospirillum sp003116095,0,0,0,3,1,0,0,0,0,2,0,3,1,5,4,0,0,2,0
GCF_003121985.1,Bacteria,Bacteroidota,Bacteroidia,Bacteroidales,Marinilabiliaceae,Marinilabilia,Marinilabilia rubra,0,0,0,0,0,0,0,0,0,1,0,4,0,2,2,0,0,0,0
GCF_003144035.1,Bacteria,Pseudomonadota,Gammaproteobacteria,Enterobacterales_A,Vibrionaceae,Vibrio,Vibrio albus,0,0,0,1,0,0,0,0,0,1,0,0,0,4,1,0,0,1,0
GCF_003149105.1,Bacteria,Bacillota_A,Clostridia,Lachnospirales,Lachnospiraceae,Muricomes,Muricomes contortus_C,0,0,0,0,0,0,0,0,0,1,0,5,0,0,0,0,1,0,0
GCF_003173035.1,Bacteria,Pseudomonadota,Alphaproteobacteria,Zavarziniales,Zavarziniaceae,Zavarzinia,Zavarzinia aquatilis,0,0,0,3,0,0,0,0,0,2,0,2,0,2,3,0,0,1,0
GCF_003173335.1,Archaea,Halobacteriota,Methanomicrobia,Methanomicrobiales,Methanospirillaceae,Methanospirillum,Methanospirillum stamsii,0,0,0,2,0,0,0,0,0,2,0,2,0,0,0,0,0,0,0
GCF_003173355.1,Archaea,Halobacteriota,Methanomicrobia,Methanomicrobiales,Methanospirillaceae,Methanospirillum,Methanospirillum lacunae,0,0,0,2,0,0,0,0,0,2,0,1,0,0,0,0,0,1,0
GCF_003182475.1,Bacteria,Pseudomonadota,Gammaproteobacteria,Enterobacterales,Enterobacteriaceae,Mangrovibacter,Mangrovibacter plantisponsor,0,0,0,1,0,0,0,0,0,2,0,1,0,2,2,0,0,0,0
GCF_003184265.1,Bacteria,Pseudomonadota,Gammaproteobacteria,Acidiferrobacterales,Acidiferrobacteraceae,Acidiferrobacter,Acidiferrobacter sp003184265,0,0,0,1,2,0,0,0,0,1,0,2,0,5,1,0,0,5,0
GCF_003201595.1,Bacteria,Pseudomonadota,Gammaproteobacteria,Burkholderiales,Burkholderiaceae_B,Sphaerotilus,Sphaerotilus hippei,0,0,0,3,1,0,0,0,0,2,0,0,0,5,3,0,0,1,0
GCF_003207895.1,Bacteria,Pseudomonadota,Alphaproteobacteria,Acetobacterales,Acetobacteraceae,Komagataeibacter,Komagataeibacter swingsii,0,0,0,3,0,0,0,0,0,2,0,0,0,1,2,0,0,1,0
GCF_003208175.1,Bacteria,Bacillota_A,Clostridia,Acetivibrionales,DSM-27016,Ruminiclostridium,Ruminiclostridium sufflavum,0,0,0,0,0,0,0,0,0,1,0,5,0,0,0,0,0,1,0
GCF_003226565.1,Bacteria,Pseudomonadota,Gammaproteobacteria,Burkholderiales,Rhodocyclaceae,Azoarcus_C,Azoarcus_C communis,0,0,0,4,1,0,0,0,0,2,0,3,0,5,3,0,0,2,0
GCF_003233655.1,Bacteria,Pseudomonadota,Alphaproteobacteria,Azospirillales,Azospirillaceae,Azospirillum,Azospirillum ramasamyi,0,0,0,2,0,0,0,0,0,2,0,2,0,3,4,0,0,1,0
GCF_003254275.1,Bacteria,Bacteroidota,Bacteroidia,Bacteroidales,Marinilabiliaceae,Breznakibacter,Breznakibacter xylanolyticus,0,0,0,0,0,0,0,0,0,1,0,5,0,1,1,0,0,0,0
GCF_003254295.1,Bacteria,Pseudomonadota,Alphaproteobacteria,Rhodobacterales,Rhodobacteraceae,Rhodobacter,Rhodobacter capsulatus,0,0,0,2,2,0,0,0,0,2,0,2,0,1,2,0,0,2,0
GCF_003258835.1,Bacteria,Pseudomonadota,Alphaproteobacteria,Rhizobiales,Rhodobiaceae,Rhodobium,Rhodobium orientis,0,0,0,1,1,0,0,0,0,2,0,1,1,5,3,0,0,4,0
GCF_003258865.1,Bacteria,Pseudomonadota,Alphaproteobacteria,Rhizobiales,Xanthobacteraceae,Rhodoplanes,Rhodoplanes roseus,0,0,0,1,1,1,0,0,0,2,0,2,0,4,3,1,1,2,0
GCF_003259895.1,Bacteria,Bacillota_F,Halanaerobiia,Halanaerobiales,Halanaerobiaceae,Halanaerobium,Halanaerobium saccharolyticum_A,0,0,0,0,0,0,0,0,0,1,0,4,0,0,0,0,1,1,0
GCF_003268775.1,Bacteria,Pseudomonadota,Gammaproteobacteria,Burkholderiales,Burkholderiaceae,Paraburkholderia,Paraburkholderia unamae,0,0,0,3,1,0,0,0,0,2,0,2,0,3,4,0,0,1,0
GCF_003284725.1,Bacteria,Pseudomonadota,Alphaproteobacteria,Rhodospirillales,Magnetospirillaceae,Phaeospirillum,Phaeospirillum kuznetsovii,0,0,0,0,1,0,0,0,0,2,0,3,0,6,2,0,0,2,0
GCF_003285005.1,Bacteria,Bacillota,Bacilli,Paenibacillales,NBRC-103111,YN15,YN15 sp003285005,0,0,0,0,0,1,0,0,0,1,0,3,0,3,3,1,0,1,0
GCF_003289945.1,Bacteria,Pseudomonadota,Alphaproteobacteria,Rhizobiales,Rhizobiaceae,Mesorhizobium,Mesorhizobium hawassense,0,0,0,2,0,0,0,0,0,2,0,0,1,4,4,0,0,2,0
GCF_003289965.1,Bacteria,Pseudomonadota,Alphaproteobacteria,Rhizobiales,Rhizobiaceae,Mesorhizobium,Mesorhizobium atlanticum,0,0,0,2,1,0,0,0,0,2,0,0,1,2,4,0,0,2,0
GCF_003315135.1,Bacteria,Pseudomonadota,Alphaproteobacteria,Rhizobiales,Beijerinckiaceae,Roseiarcus,Roseiarcus fermentans,0,0,1,3,2,0,0,0,0,2,0,2,0,3,4,0,1,0,0
GCF_003324485.1,Bacteria,Pseudomonadota,Alphaproteobacteria,Rhizobiales,Cohaesibacteraceae,Cohaesibacter,Cohaesibacter intestini,0,0,0,1,0,0,0,0,0,2,0,0,0,5,3,0,0,1,0
GCF_003336225.1,Bacteria,Pseudomonadota,Gammaproteobacteria,Enterobacterales_A,Neiellaceae,Corallincola,Corallincola holothuriorum,0,0,0,1,0,0,0,0,0,2,0,0,0,4,3,0,0,0,0
GCF_003337415.1,Bacteria,Bacillota_A,Clostridia,Acetivibrionales,QPJT01,Anaerobacterium,Anaerobacterium chartisolvens,0,0,0,0,0,0,0,0,0,1,0,5,0,1,0,0,0,1,0
GCF_003337715.1,Bacteria,Pseudomonadota,Alphaproteobacteria,Rhizobiales,Rhizobiaceae,Allorhizobium,Allorhizobium lividum,0,0,1,2,1,0,0,0,0,2,0,2,0,1,3,0,0,2,0
GCF_003337735.1,Bacteria,Pseudomonadota,Gammaproteobacteria,DSM-26407,DSM-26407,Thioalbus,Thioalbus denitrificans,0,0,1,1,2,0,0,0,0,2,0,2,0,5,3,0,0,5,0
GCF_003347665.1,Bacteria,Pseudomonadota,Alphaproteobacteria,Rhizobiales,Beijerinckiaceae,Microvirga,Microvirga calopogonii,0,0,0,2,0,0,0,0,0,2,0,0,1,1,4,0,0,1,0
GCF_003350035.1,Bacteria,Pseudomonadota,Gammaproteobacteria,Burkholderiales,Burkholderiaceae,Paraburkholderia,Paraburkholderia kururiensis_A,0,0,0,3,1,0,0,0,0,2,0,1,0,4,4,0,0,1,0
GCF_003350475.1,Bacteria,Pseudomonadota,Gammaproteobacteria,Burkholderiales,Burkholderiaceae_B,Pseudacidovorax,Pseudacidovorax intermedius,0,0,0,2,0,0,0,0,0,2,0,2,0,2,4,0,0,1,0
GCF_003351865.1,Archaea,Methanobacteriota,Methanococci,Methanococcales,Methanococcaceae,Methanofervidicoccus,Methanofervidicoccus sp003351865,0,0,0,2,0,0,0,0,0,1,0,3,0,1,0,0,0,0,1
GCF_003363435.1,Bacteria,Bacillota_A,Clostridia,Lachnospirales,Lachnospiraceae,Anaerosacchariphilus,Anaerosacchariphilus polymeriproducens,0,0,0,0,0,0,0,0,0,1,0,3,0,0,0,0,0,1,0
GCF_003390845.1,Bacteria,Pseudomonadota,Alphaproteobacteria,Rhodobacterales,Rhodobacteraceae,Tropicimonas,Tropicimonas sp003390845,0,0,0,2,1,0,0,0,0,2,0,2,0,3,4,0,0,3,0
GCF_003403295.1,Bacteria,Pseudomonadota,Alphaproteobacteria,Acetobacterales,Acetobacteraceae,Komagataeibacter,Komagataeibacter melaceti,0,0,0,2,0,0,0,0,0,1,0,2,0,2,3,0,0,1,0
GCF_003432035.1,Bacteria,Bacillota_A,Clostridia,Lachnospirales,Lachnospiraceae,Lacrimispora,Lacrimispora indica,0,0,0,0,0,0,0,0,0,1,0,6,0,0,0,0,1,1,0
GCF_003544815.1,Bacteria,Campylobacterota,Campylobacteria,Campylobacterales,Arcobacteraceae,Aliarcobacter,Aliarcobacter suis,0,0,0,0,0,0,0,0,0,1,0,1,0,3,1,0,0,2,0
GCF_003544935.1,Bacteria,Campylobacterota,Campylobacteria,Campylobacterales,Arcobacteraceae,Malaciobacter,Malaciobacter molluscorum,0,0,1,0,0,0,0,0,0,1,0,2,0,3,2,0,0,2,0
GCF_003569765.1,Bacteria,Pseudomonadota,Gammaproteobacteria,Burkholderiales,Burkholderiaceae_B,Aquabacterium_B,Aquabacterium_B tepidiphilum,0,0,0,3,1,0,0,0,0,2,0,0,0,3,4,0,0,1,0
GCF_003574135.1,Bacteria,Cyanobacteriota,Cyanobacteriia,Cyanobacteriales,Microcystaceae_A,Rippkaea,Rippkaea sp003574135,0,0,0,1,0,0,0,0,0,1,0,1,0,0,1,0,0,2,0
GCF_003574655.1,Bacteria,Pseudomonadota,Alphaproteobacteria,Rhizobiales,Cohaesibacteraceae,Cohaesibacter,Cohaesibacter haloalkalitolerans,0,0,0,1,0,0,0,0,0,2,0,1,0,3,3,1,0,1,0
GCF_003584645.1,Bacteria,Pseudomonadota,Gammaproteobacteria,Methylococcales,Methylococcaceae,Methylocaldum,Methylocaldum marinum,0,0,0,4,1,0,0,0,0,2,0,1,0,3,3,0,0,3,0
GCF_003590795.1,Bacteria,Pseudomonadota,Alphaproteobacteria,Azospirillales,Azospirillaceae,Azospirillum,Azospirillum cavernae,0,0,0,2,0,0,0,0,0,2,0,1,0,3,3,0,0,1,0
GCF_003590945.1,Bacteria,Pseudomonadota,Alphaproteobacteria,Zavarziniales,Zavarziniaceae,Zavarzinia,Zavarzinia cavernae,0,0,0,3,1,0,0,0,0,1,0,1,1,2,3,0,0,0,0
GCF_003601975.1,Bacteria,Pseudomonadota,Alphaproteobacteria,Rhizobiales,Rhizobiaceae,Mesorhizobium,Mesorhizobium waimense,0,0,0,2,0,0,0,0,0,1,0,1,1,2,4,0,0,1,0
GCF_003609635.1,Bacteria,Bacillota_A,Clostridia,Lachnospirales,Lachnospiraceae,Lacrimispora,Lacrimispora algidixylanolytica,0,0,0,0,0,0,0,0,0,1,0,4,0,0,0,0,0,1,0
GCF_003610535.1,Bacteria,Bacteroidota,Bacteroidia,Bacteroidales,Prolixibacteraceae,Mangrovibacterium,Mangrovibacterium diazotrophicum,0,0,0,0,0,0,0,0,0,2,0,3,0,2,4,0,0,2,0
GCF_003627795.1,Bacteria,Pseudomonadota,Alphaproteobacteria,Rhizobiales,Rhizobiaceae,Rhizobium,Rhizobium sp003627795,0,0,0,1,0,0,0,0,0,2,0,1,1,2,4,0,0,0,0
GCF_003666245.1,Bacteria,Pseudomonadota,Gammaproteobacteria,Enterobacterales,Enterobacteriaceae,Brenneria,Brenneria alni,0,0,0,1,0,0,0,0,0,2,0,2,1,1,2,0,0,0,0
GCF_003667445.1,Bacteria,Pseudomonadota,Alphaproteobacteria,Rhizobiales,Xanthobacteraceae,Xanthobacter,Xanthobacter tagetidis,0,0,0,1,1,1,0,0,0,2,0,2,0,1,3,0,0,1,0
GCF_003719195.1,Bacteria,Pseudomonadota,Gammaproteobacteria,Burkholderiales,Burkholderiaceae,Herbaspirillum,Herbaspirillum rubrisubalbicans,0,0,0,1,0,0,0,0,0,2,0,0,1,3,4,1,0,1,0
GCF_003722355.1,Bacteria,Pseudomonadota,Alphaproteobacteria,Rhizobiales,Beijerinckiaceae,Methylocystis,Methylocystis hirsuta,0,0,1,4,0,0,0,0,0,2,0,3,0,0,2,0,0,2,0
GCF_003752155.1,Bacteria,Bacillota_A,Clostridia,Lachnospirales,Lachnospiraceae,Mobilisporobacter,Mobilisporobacter senegalensis,0,0,0,0,0,0,0,0,0,1,0,4,0,0,0,0,0,0,0
GCF_003837805.1,Bacteria,Pseudomonadota,Alphaproteobacteria,Rhizobiales,Xanthobacteraceae,Bradyrhizobium,Bradyrhizobium sp003837805,0,0,0,2,1,1,0,0,0,2,0,1,1,5,4,0,0,3,0
GCF_003856525.1,Bacteria,Pseudomonadota,Gammaproteobacteria,Enterobacterales_A,Vibrionaceae,Vibrio,Vibrio viridaestus,0,0,0,1,0,0,0,0,0,2,0,0,1,2,3,0,0,0,0
GCF_003863365.1,Bacteria,Pseudomonadota,Alphaproteobacteria,Rhizobiales,Rhizobiaceae,Mesorhizobium,Mesorhizobium tamadayense,0,0,0,3,1,0,0,0,0,2,0,0,1,2,3,0,0,1,0
GCF_003863965.1,Bacteria,Bacillota,Bacilli,Paenibacillales,Paenibacillaceae,Paenibacillus_A,Paenibacillus_A oralis,0,0,0,0,0,1,0,0,0,1,0,1,0,3,4,1,0,1,0
GCF_003864255.1,Bacteria,Pseudomonadota,Gammaproteobacteria,Pseudomonadales,Aestuariirhabdaceae,Aestuariirhabdus,Aestuariirhabdus litorea,0,0,1,1,0,0,0,0,0,2,0,2,0,3,3,0,0,1,0
GCF_003864295.1,Bacteria,Cyanobacteriota,Cyanobacteriia,Cyanobacteriales,Microcystaceae_A,Aphanothece_B,Aphanothece_B sacrum,0,0,0,1,1,0,0,0,0,2,0,2,0,1,1,0,0,2,0
GCF_003932755.1,Bacteria,Pseudomonadota,Gammaproteobacteria,Methylococcales,Methylomonadaceae,Methylotuvimicrobium,Methylotuvimicrobium sp003932755,0,0,0,3,0,0,0,0,0,2,0,2,0,3,2,0,0,3,0
GCF_003939025.1,Bacteria,Pseudomonadota,Alphaproteobacteria,Rhizobiales,Rhizobiaceae,Rhizobium,Rhizobium sophoriradicis,0,0,0,1,0,0,0,0,0,2,0,0,1,2,4,0,0,1,0
GCF_003944755.1,Bacteria,Pseudomonadota,Alphaproteobacteria,Rhodobacterales,Rhodobacteraceae,Rhodovulum,Rhodovulum robiginosum,0,0,1,1,2,0,0,0,0,2,0,2,0,3,3,0,0,4,0
GCF_003952425.1,Bacteria,Pseudomonadota,Alphaproteobacteria,Rhizobiales,Rhizobiaceae,Mesorhizobium,Mesorhizobium sp003952425,0,0,0,2,0,0,0,0,0,2,0,0,1,3,3,0,0,1,0
GCF_003952465.1,Bacteria,Pseudomonadota,Alphaproteobacteria,Rhizobiales,Rhizobiaceae,Mesorhizobium,Mesorhizobium sp003952465,0,0,0,2,1,0,0,0,0,2,0,1,1,3,4,0,0,1,0
GCF_003952485.1,Bacteria,Pseudomonadota,Alphaproteobacteria,Rhizobiales,Rhizobiaceae,Mesorhizobium,Mesorhizobium sp003952485,0,0,0,2,1,0,0,0,0,2,0,3,1,4,3,0,0,2,0
GCF_003952505.1,Bacteria,Pseudomonadota,Alphaproteobacteria,Rhizobiales,Rhizobiaceae,Mesorhizobium,Mesorhizobium sp003952505,0,0,0,2,0,0,0,0,0,1,0,0,1,3,3,0,0,1,0
GCF_003952525.1,Bacteria,Pseudomonadota,Alphaproteobacteria,Rhizobiales,Rhizobiaceae,Mesorhizobium,Mesorhizobium sp002294945,0,0,0,2,0,0,0,0,0,2,0,0,1,3,4,0,0,1,0
GCF_003966655.1,Bacteria,Pseudomonadota,Gammaproteobacteria,Acidithiobacillales,Acidithiobacillaceae,Acidithiobacillus,Acidithiobacillus ferridurans,0,0,0,2,2,0,0,0,0,2,0,3,0,1,1,0,0,3,0
GCF_003966735.1,Bacteria,Desulfobacterota,Desulfovibrionia,Desulfovibrionales,Desulfovibrionaceae,Desulfovibrio_Q,Desulfovibrio_Q ferrophilus,0,0,0,0,0,0,0,0,0,2,0,2,0,2,2,0,0,3,0
GCF_003967015.1,Bacteria,Cyanobacteriota,Cyanobacteriia,Pseudanabaenales,Pseudanabaenaceae,Pseudanabaena,Pseudanabaena sp003967015,0,0,0,1,1,0,0,0,0,2,0,1,1,1,1,0,0,2,0
GCF_003968655.1,Bacteria,Bacteroidota,Chlorobia,Chlorobiales,Chlorobiaceae,Chlorobium,Chlorobium phaeovibrioides,0,0,0,0,1,0,0,0,0,1,0,0,0,1,1,0,0,3,0
GCF_003985125.1,Bacteria,Pseudomonadota,Alphaproteobacteria,Rhizobiales,Rhizobiaceae,Rhizobium,Rhizobium phaseoli,0,0,0,1,0,0,0,0,0,2,0,0,1,2,4,0,0,1,0
GCF_003985145.1,Bacteria,Pseudomonadota,Alphaproteobacteria,Rhizobiales,Rhizobiaceae,Rhizobium,Rhizobium anhuiense,0,0,0,1,0,0,0,0,0,2,0,0,1,3,4,0,0,1,0
GCF_003985155.1,Bacteria,Pseudomonadota,Alphaproteobacteria,Rhizobiales,Rhizobiaceae,Rhizobium,Rhizobium vallis,0,0,0,1,0,0,0,0,0,2,0,0,1,2,4,0,0,1,0
GCF_003989665.1,Bacteria,Pseudomonadota,Alphaproteobacteria,Azospirillales,Azospirillaceae,Azospirillum,Azospirillum doebereinerae,0,0,0,2,0,0,0,0,0,2,0,2,0,5,3,0,0,0,0
GCF_003992725.1,Bacteria,Pseudomonadota,Alphaproteobacteria,Rhizobiales,Rhodomicrobiaceae,Rhodomicrobium,Rhodomicrobium lacus,0,0,0,2,1,0,0,0,0,2,0,2,0,0,2,0,0,0,0
GCF_003993795.1,Bacteria,Pseudomonadota,Alphaproteobacteria,Rhizobiales,Xanthobacteraceae,Aquabacter,Aquabacter cavernae,0,0,0,1,0,0,0,0,0,2,0,0,0,1,4,0,0,1,0
GCF_003994235.2,Bacteria,Pseudomonadota,Gammaproteobacteria,Methylococcales,Methylomonadaceae,Methylobacter_A,Methylobacter_A oryzae,0,0,0,3,0,0,0,0,0,2,0,3,0,3,2,1,0,2,0
GCF_003997935.1,Bacteria,Pseudomonadota,Alphaproteobacteria,Rhizobiales,Rhizobiaceae,Mesorhizobium,Mesorhizobium sp003997935,0,0,0,2,1,0,0,0,0,2,0,0,1,3,4,0,0,1,0
GCF_004001245.1,Bacteria,Pseudomonadota,Gammaproteobacteria,Thiohalomonadales,Thiohalomonadaceae,Sulfurivermis,Sulfurivermis fontis,0,0,1,1,2,0,0,0,0,2,0,2,0,5,2,0,0,4,0
GCF_004011805.1,Bacteria,Pseudomonadota,Gammaproteobacteria,Burkholderiales,Burkholderiaceae_B,Piscinibacter,Piscinibacter defluvii,0,0,2,3,1,1,0,0,0,2,0,3,1,5,3,1,0,4,0
GCF_004015185.1,Bacteria,Bacillota_A,Clostridia,Clostridiales,Clostridiaceae,Clostridium_AR,Clostridium_AR manihotivorum,0,0,0,0,0,0,0,0,0,1,0,2,0,1,0,0,0,2,0
GCF_004016445.2,Bacteria,Pseudomonadota,Alphaproteobacteria,Rhizobiales,Rhizobiaceae,Mesorhizobium,Mesorhizobium sp004016445,0,0,0,3,0,0,0,0,0,2,0,0,1,2,4,0,0,1,0
GCF_004022705.2,Bacteria,Pseudomonadota,Alphaproteobacteria,Rhizobiales,Rhizobiaceae,Mesorhizobium,Mesorhizobium sp004022705,0,0,0,2,0,0,0,0,0,1,0,0,1,2,4,0,0,1,0
GCF_004099695.1,Archaea,Halobacteriota,Methanosarcinia,Methanosarcinales,Methanosarcinaceae,Methanosarcina,Methanosarcina sp004099695,0,0,0,2,0,0,0,0,0,1,0,2,0,1,0,0,0,0,0
GCF_004102725.1,Archaea,Halobacteriota,Methanomicrobia,Methanomicrobiales,Methanoculleaceae,Methanoculleus_A,Methanoculleus_A taiwanensis,0,0,0,2,0,0,0,0,0,2,0,3,0,0,0,0,0,1,0
GCF_004114915.1,Bacteria,Pseudomonadota,Alphaproteobacteria,Rhizobiales,Xanthobacteraceae,Bradyrhizobium,Bradyrhizobium guangxiense,0,0,0,2,1,1,0,0,0,2,0,3,1,4,4,0,0,3,0
GCF_004114975.1,Bacteria,Pseudomonadota,Alphaproteobacteria,Rhizobiales,Xanthobacteraceae,Bradyrhizobium,Bradyrhizobium guangdongense,0,0,0,2,1,1,0,0,0,2,0,3,1,4,3,0,0,3,0
GCF_004116335.1,Bacteria,Campylobacterota,Campylobacteria,Campylobacterales,Arcobacteraceae,Marinarcus,Marinarcus aquaticus,0,0,1,1,0,0,0,0,0,1,0,1,0,5,1,1,0,2,0
GCF_004116465.1,Bacteria,Campylobacterota,Campylobacteria,Campylobacterales,Arcobacteraceae,Arcobacter,Arcobacter sp004116465,0,0,1,1,0,0,0,0,0,1,0,2,0,5,2,0,0,2,0
GCF_004116495.1,Bacteria,Campylobacterota,Campylobacteria,Campylobacterales,Arcobacteraceae,Malaciobacter,Malaciobacter sp004116495,0,0,1,0,0,0,0,0,0,1,0,2,0,3,2,0,0,3,0
GCF_004116725.1,Bacteria,Campylobacterota,Campylobacteria,Campylobacterales,Arcobacteraceae,Malaciobacter,Malaciobacter sp004116725,0,0,1,0,0,0,0,0,0,1,0,1,0,3,2,0,0,2,0
GCF_004117875.1,Bacteria,Desulfobacterota_F,Desulfuromonadia,Geobacterales,Geobacteraceae,Geomonas,Geomonas oryzae,0,0,0,0,0,0,0,0,0,1,0,2,0,4,3,1,0,1,0
GCF_004118635.1,Bacteria,Bacteroidota,Chlorobia,Chlorobiales,Chlorobiaceae,Chlorobaculum,Chlorobaculum sp004118635,0,0,0,0,1,0,0,0,0,2,0,1,0,0,2,0,0,5,0
GCF_004121075.1,Bacteria,Bacteroidota,Bacteroidia,Flavobacteriales,Flavobacteriaceae,Lutibacter,Lutibacter sp004121075,0,0,0,0,0,0,0,0,0,1,0,1,0,3,2,0,0,3,0
GCF_004135935.1,Bacteria,Pseudomonadota,Alphaproteobacteria,Rhizobiales,Beijerinckiaceae,Methylovirgula,Methylovirgula ligni,0,0,0,2,1,0,0,0,0,2,0,0,0,1,4,0,0,0,0
GCF_004135975.1,Bacteria,Desulfobacterota,Desulfovibrionia,Desulfovibrionales,Desulfovibrionaceae,Solidesulfovibrio,Solidesulfovibrio carbinolicus,0,0,0,0,0,0,0,0,0,2,0,5,0,2,2,0,0,3,0
GCF_004138135.1,Bacteria,Chloroflexota,Chloroflexia,Chloroflexales,Chloroflexaceae,Oscillochloris,Oscillochloris fontis,0,0,0,0,1,0,0,0,0,2,0,2,0,0,2,0,0,1,0
GCF_004197395.1,Bacteria,Pseudomonadota,Gammaproteobacteria,Burkholderiales,Burkholderiaceae,Paraburkholderia,Paraburkholderia sp004197395,0,0,0,4,1,0,0,0,0,2,0,0,1,3,4,0,0,2,0
GCF_004212215.1,Bacteria,Cyanobacteriota,Cyanobacteriia,Phormidesmiales,Phormidesmiaceae,Halomicronema,Halomicronema sp004212215,0,0,0,1,1,0,0,0,0,2,0,1,1,1,1,0,0,3,0
GCF_004212635.1,Bacteria,Pseudomonadota,Alphaproteobacteria,Rhizobiales,Xanthobacteraceae,Bradyrhizobium,Bradyrhizobium sp004212635,0,0,0,2,1,1,0,0,0,2,0,1,1,5,3,0,0,2,0
GCF_004296405.1,Bacteria,Pseudomonadota,Alphaproteobacteria,Rhizobiales,Xanthobacteraceae,Bradyrhizobium,Bradyrhizobium sp004296405,0,0,0,3,1,1,0,0,0,2,0,1,1,5,4,0,0,2,0
GCF_004309735.1,Bacteria,Desulfobacterota,Desulfovibrionia,Desulfovibrionales,Desulfovibrionaceae,Desulfovibrio,Desulfovibrio legallii,0,0,0,0,0,0,0,0,0,2,0,2,0,2,1,0,0,4,0
GCF_004327335.1,Bacteria,Pseudomonadota,Gammaproteobacteria,Pseudomonadales,Pseudomonadaceae,Stutzerimonas,Stutzerimonas kirkiae,0,0,0,3,0,0,0,0,0,1,0,0,0,2,3,0,0,1,0
GCF_004328075.1,Bacteria,Pseudomonadota,Alphaproteobacteria,Rhizobiales,Ancalomicrobiaceae,Siculibacillus,Siculibacillus lacustris,0,0,0,1,0,0,0,0,0,2,0,2,0,4,2,0,0,0,0
GCF_004331415.1,Bacteria,Pseudomonadota,Gammaproteobacteria,Enterobacterales,Enterobacteriaceae,Kosakonia,Kosakonia quasisacchari,0,0,0,1,0,0,0,0,0,2,0,2,0,2,2,1,0,0,0
GCF_004332115.1,Bacteria,Bacteroidota,Chlorobia,Chlorobiales,Chlorobiaceae,Chlorobium,Chlorobium sp004332115,0,0,0,0,1,0,0,0,0,2,0,0,0,1,1,0,0,3,0
GCF_004337445.1,Bacteria,Pseudomonadota,Gammaproteobacteria,Burkholderiales,Thiobacillaceae,Parasulfuritortus,Parasulfuritortus cantonensis,0,0,0,1,2,0,0,0,0,2,0,3,0,3,2,0,0,4,0
GCF_004339095.1,Bacteria,Bacillota_A,Clostridia,Lachnospirales,DSM-24629,Natranaerovirga,Natranaerovirga hydrolytica,0,0,0,0,0,0,0,0,0,1,0,3,0,0,0,0,0,0,0
GCF_004339545.1,Bacteria,Pseudomonadota,Gammaproteobacteria,Enterobacterales_A,Celerinatantimonadaceae,Celerinatantimonas,Celerinatantimonas diazotrophica,0,0,0,1,0,0,0,0,0,2,0,1,0,0,2,0,0,2,0
GCF_004339805.1,Bacteria,Bacillota_C,Negativicutes,Sporomusales_C,DSM-15969,Anaerospora,Anaerospora hongkongensis,0,0,0,0,0,0,0,0,0,1,0,6,0,3,1,0,1,2,0
GCF_004340685.1,Bacteria,Bacillota_G,UBA4882,UBA8346,UBA8346,Hydrogenispora,Hydrogenispora ethanolica,0,0,0,0,0,0,0,0,0,1,0,4,0,0,0,0,1,3,0
GCF_004340905.1,Bacteria,Pseudomonadota,Gammaproteobacteria,Burkholderiales,Burkholderiaceae_B,Rubrivivax,Rubrivivax gelatinosus,0,0,0,2,1,0,0,0,0,2,0,2,0,4,3,0,0,0,0
GCF_004341165.1,Bacteria,Pseudomonadota,Gammaproteobacteria,Pseudomonadales,Natronospirillaceae,Reinekea,Reinekea marinisedimentorum,0,0,0,1,0,0,0,0,0,2,0,1,0,4,3,0,1,1,0
GCF_004341375.1,Bacteria,Pseudomonadota,Alphaproteobacteria,Sphingomonadales,Rhodothalassiaceae,Rhodothalassium,Rhodothalassium salexigens,0,0,0,1,1,0,0,0,0,2,0,0,0,0,3,0,0,1,0
GCF_004341685.1,Bacteria,Bacillota_C,Negativicutes,Selenomonadales,Selenomonadaceae,Pectinatus,Pectinatus cerevisiiphilus,0,0,0,0,0,0,0,0,0,0,0,2,0,1,1,0,1,1,0
GCF_004341725.1,Bacteria,Pseudomonadota,Alphaproteobacteria,Rhodospirillales_A,Magnetovibrionaceae,Varunaivibrio,Varunaivibrio sulfuroxidans,0,0,1,0,1,0,0,0,0,1,0,0,0,4,3,0,0,3,0
GCF_004342165.1,Bacteria,Bacillota_A,Clostridia,Lachnospirales,DSM-24629,Natranaerovirga,Natranaerovirga pectinivora,0,0,0,0,0,0,0,0,0,1,0,3,0,0,0,0,0,0,0
GCF_004342175.1,Bacteria,Pseudomonadota,Gammaproteobacteria,Chromatiales,Chromatiaceae,Thiobaca,Thiobaca trueperi,0,0,0,2,1,0,0,0,0,2,0,4,0,0,2,0,0,4,0
GCF_004342445.1,Bacteria,Pseudomonadota,Alphaproteobacteria,Rhodobacterales,Rhodobacteraceae,Rhodovulum,Rhodovulum euryhalinum,0,0,0,3,2,0,0,0,0,2,0,2,0,3,2,1,0,2,0
GCF_004342485.1,Bacteria,Pseudomonadota,Gammaproteobacteria,Burkholderiales,Burkholderiaceae_B,Pelomonas,Pelomonas saccharophila,0,0,0,2,1,0,0,0,0,2,0,2,0,5,3,0,0,2,0
GCF_004343075.1,Bacteria,Pseudomonadota,Alphaproteobacteria,Rhodobacterales,Rhodobacteraceae,Rhodovulum,Rhodovulum marinum,0,0,0,2,2,0,0,0,0,1,0,0,0,2,2,0,0,4,0
GCF_004343505.1,Bacteria,Pseudomonadota,Alphaproteobacteria,Rhodobacterales,Rhodobacteraceae,Rhodovulum,Rhodovulum bhavnagarense,0,0,0,1,2,0,0,0,0,1,0,0,0,1,2,0,0,2,0
GCF_004345615.1,Bacteria,Bacteroidota,Bacteroidia,Bacteroidales,Marinilabiliaceae,Natronoflexus,Natronoflexus pectinivorans,0,0,0,0,0,0,0,0,0,1,0,3,0,1,1,0,0,1,0
GCF_004346185.1,Bacteria,Pseudomonadota,Alphaproteobacteria,Rhizobiales,Xanthobacteraceae,Aquabacter,Aquabacter spiritensis,0,0,1,1,0,1,0,0,0,2,0,0,0,1,3,0,0,1,0
GCF_004353905.1,Bacteria,Pseudomonadota,Gammaproteobacteria,Burkholderiales,Burkholderiaceae,Paraburkholderia,Paraburkholderia guartelaensis,0,0,0,3,0,0,0,0,0,2,0,0,0,5,4,0,0,1,0
GCF_004362045.1,Bacteria,Bacillota_F,Halanaerobiia,Halanaerobiales,Halanaerobiaceae,Halanaerobium,Halanaerobium saccharolyticum_C,0,0,0,0,0,0,0,0,0,1,0,4,0,0,0,0,1,1,0
GCF_004362745.1,Bacteria,Pseudomonadota,Alphaproteobacteria,Rhizobiales,Pleomorphomonadaceae,Oharaeibacter,Oharaeibacter diazotrophicus,0,0,0,4,0,0,0,0,0,2,0,3,0,3,3,0,0,1,0
GCF_004365965.1,Bacteria,Pseudomonadota,Alphaproteobacteria,Rhodobacterales,Rhodobacteraceae,Rhodovulum,Rhodovulum visakhapatnamense,0,0,0,2,2,0,0,0,0,1,0,2,0,2,2,0,0,3,0
GCF_004570865.1,Bacteria,Pseudomonadota,Alphaproteobacteria,Rhizobiales,Xanthobacteraceae,Bradyrhizobium,Bradyrhizobium frederickii,0,0,0,3,1,1,0,0,0,2,0,2,1,5,3,0,0,3,0
GCF_004571025.1,Bacteria,Pseudomonadota,Alphaproteobacteria,Rhizobiales,Xanthobacteraceae,Bradyrhizobium,Bradyrhizobium niftali,0,0,0,3,1,1,0,0,0,2,0,1,1,3,3,0,0,2,0
GCF_004745425.1,Archaea,Halobacteriota,Methanosarcinia,Methanosarcinales,Methanosarcinaceae,Methanolobus,Methanolobus halotolerans,0,0,0,2,0,0,0,0,0,2,0,0,0,1,0,0,0,0,0
GCF_004766045.1,Bacteria,Bacillota_B,Desulfitobacteriia,Desulfitobacteriales,Desulfitobacteriaceae,Desulfosporosinus,Desulfosporosinus fructosivorans,0,0,1,0,0,0,0,0,0,2,0,3,0,2,1,0,1,4,0
GCF_004766055.1,Bacteria,Bacillota_B,Desulfitobacteriia,Desulfitobacteriales,Desulfitobacteriaceae,Desulfosporosinus,Desulfosporosinus sp004766055,0,0,1,0,0,0,0,0,0,2,0,6,0,1,1,0,1,4,0
GCF_004791025.1,Bacteria,Pseudomonadota,Alphaproteobacteria,Rhizobiales,Rhizobiaceae,Mesorhizobium,Mesorhizobium sp004791025,0,0,0,1,0,0,0,0,0,2,0,0,1,4,3,0,0,2,0
GCF_004791165.1,Bacteria,Pseudomonadota,Alphaproteobacteria,Rhizobiales,Rhizobiaceae,Mesorhizobium,Mesorhizobium sp004791165,0,0,0,1,0,0,0,0,0,2,0,0,1,3,4,0,0,1,0
GCF_004791585.1,Bacteria,Pseudomonadota,Alphaproteobacteria,Rhizobiales,Rhizobiaceae,Mesorhizobium,Mesorhizobium sp004791585,0,0,0,2,1,0,0,0,0,2,0,0,1,4,3,0,0,3,0
GCF_004801295.1,Bacteria,Pseudomonadota,Gammaproteobacteria,Burkholderiales,Rhodocyclaceae,Thauera_A,Thauera_A nasutitermitis,0,0,0,2,0,0,0,0,0,2,0,0,0,6,2,0,0,1,0
GCF_004801305.1,Bacteria,Pseudomonadota,Gammaproteobacteria,Burkholderiales,Rhodocyclaceae,Thauera_A,Thauera_A rhizosphaerae,0,0,0,2,0,0,0,0,0,2,0,3,0,6,3,1,0,2,0
GCF_004802635.2,Bacteria,Pseudomonadota,Alphaproteobacteria,Rhizobiales,Beijerinckiaceae,Methylocystis,Methylocystis heyeri,0,0,0,4,0,0,0,0,0,2,0,3,0,2,3,0,0,1,0
GCF_004827385.1,Bacteria,Pseudomonadota,Alphaproteobacteria,Rhizobiales,Rhizobiaceae,Sinorhizobium,Sinorhizobium sp004827385,0,0,0,3,1,0,0,0,0,2,0,1,1,5,3,0,0,1,0
GCF_004917065.1,Bacteria,Desulfobacterota_F,Desulfuromonadia,Geobacterales,Geobacteraceae,Geomonas,Geomonas ferrireducens,0,0,0,0,0,0,0,0,0,1,0,2,0,4,3,1,0,1,0
GCF_004917075.1,Bacteria,Desulfobacterota_F,Desulfuromonadia,Geobacterales,Geobacteraceae,Geomonas,Geomonas edaphica,0,0,0,0,0,0,0,0,0,1,0,2,0,4,3,1,0,1,0
GCF_004923315.1,Bacteria,Pseudomonadota,Alphaproteobacteria,Azospirillales,Azospirillaceae,Azospirillum,Azospirillum sp003116065,0,0,0,3,1,0,0,0,0,2,0,3,1,5,4,0,0,3,0
GCF_005116575.1,Bacteria,Desulfobacterota,Desulfobulbia,Desulfobulbales,Desulfocapsaceae,Desulforhopalus,Desulforhopalus sp005116575,0,0,2,0,0,0,0,0,0,2,0,2,0,2,2,1,1,4,0
GCF_005116645.1,Bacteria,Desulfobacterota,Desulfobulbia,Desulfobulbales,Desulfocapsaceae,Desulforhopalus,Desulforhopalus sp005116645,0,0,0,0,0,0,0,0,0,2,0,3,0,2,3,1,1,4,0
GCF_005116655.2,Bacteria,Desulfobacterota,Desulfobulbia,Desulfobulbales,Desulfocapsaceae,Desulfopila,Desulfopila flagellatus,0,0,2,0,0,0,0,0,0,2,0,2,0,3,2,0,1,4,0
GCF_005116675.2,Bacteria,Desulfobacterota,Desulfobulbia,Desulfobulbales,Desulfocapsaceae,Desulfopila,Desulfopila ganghwensis,0,0,2,1,0,0,0,0,0,2,0,3,0,2,2,0,1,4,0
GCF_005153485.1,Bacteria,Pseudomonadota,Alphaproteobacteria,Rhizobiales,Xanthobacteraceae,Pseudolabrys,Pseudolabrys sp005153485,0,0,0,1,0,1,0,0,0,2,0,2,1,2,3,0,0,3,0
GCF_005484945.1,Bacteria,Pseudomonadota,Gammaproteobacteria,Enterobacterales,Enterobacteriaceae,Brenneria,Brenneria rubrifaciens,0,0,0,1,0,0,0,0,0,2,0,2,1,1,2,0,0,0,0
GCF_005771535.1,Bacteria,Campylobacterota,Campylobacteria,Campylobacterales,Arcobacteraceae,Halarcobacter,Halarcobacter arenosus,0,0,1,1,0,0,0,0,0,1,0,3,0,5,2,0,0,3,0
GCF_005860775.1,Bacteria,Pseudomonadota,Gammaproteobacteria,Enterobacterales,Enterobacteriaceae,Klebsiella,Klebsiella indica,0,0,0,1,0,0,0,0,0,2,0,1,0,3,2,1,1,0,0
GCF_005870025.1,Bacteria,Pseudomonadota,Alphaproteobacteria,Rhodobacterales,Rhodobacteraceae,Mangrovicoccus,Mangrovicoccus sp005870025,0,0,0,4,1,0,0,0,0,2,0,2,0,2,4,0,0,3,0
GCF_005877885.1,Bacteria,Bacteroidota,Bacteroidia,Bacteroidales,Marinilabiliaceae,Saccharicrinis,Saccharicrinis sediminis,0,0,0,0,0,0,0,0,0,1,0,6,0,2,3,0,0,0,0
GCF_006175985.1,Bacteria,Pseudomonadota,Gammaproteobacteria,Methylococcales,Methylococcaceae,Methylotetracoccus,Methylotetracoccus oryzae,0,0,0,3,0,0,0,0,0,2,0,2,0,3,2,0,0,3,0
GCF_006175995.1,Bacteria,Desulfobacterota,Desulfobacteria,Desulfobacterales,Desulforegulaceae,Desulfobotulus,Desulfobotulus mexicanus,0,0,0,0,0,0,0,0,0,1,0,4,0,3,1,0,0,3,0
GCF_006265165.1,Bacteria,Bacteroidota,Chlorobia,Chlorobiales,Chlorobiaceae,Chlorobaculum,Chlorobaculum thiosulfatiphilum,0,0,0,0,1,0,0,0,0,2,0,1,0,0,2,0,0,5,0
GCF_006440775.1,Bacteria,Pseudomonadota,Alphaproteobacteria,Rhizobiales,Rhizobiaceae,Mesorhizobium,Mesorhizobium sp006440775,0,0,0,1,0,0,0,0,0,2,0,0,0,3,3,0,0,2,0
GCF_006459125.1,Bacteria,Campylobacterota,Campylobacteria,Campylobacterales,Arcobacteraceae,Halarcobacter,Halarcobacter anaerophilus,0,0,1,1,0,0,0,0,0,1,0,2,0,3,2,0,0,3,0
GCF_006483455.1,Bacteria,Pseudomonadota,Gammaproteobacteria,Methylococcales,Methylomonadaceae,Methylomonas,Methylomonas koyamae_B,0,0,0,3,0,0,0,0,0,2,0,3,0,3,2,0,0,2,0
GCF_006496635.1,Bacteria,Pseudomonadota,Gammaproteobacteria,Burkholderiales,Rhodocyclaceae,Azoarcus,Azoarcus sp006496635,0,0,0,5,0,0,0,0,0,2,0,3,0,4,3,0,0,2,0
GCF_006516955.1,Bacteria,Pseudomonadota,Alphaproteobacteria,Rhizobiales,Rhizobiaceae,Martelella,Martelella alba,0,0,0,1,0,0,0,0,0,2,0,0,0,1,3,0,0,2,0
GCF_006519715.1,Bacteria,Pseudomonadota,Gammaproteobacteria,Burkholderiales,Burkholderiaceae_B,Ideonella,Ideonella azotifigens,0,0,0,2,1,0,0,0,0,2,0,1,1,2,4,0,0,2,0
GCF_006539345.1,Bacteria,Pseudomonadota,Alphaproteobacteria,Acetobacterales,Acetobacteraceae,Acetobacter,Acetobacter peroxydans,0,0,0,3,0,0,0,0,0,2,0,2,0,1,3,0,0,1,0
GCF_006539725.1,Bacteria,Pseudomonadota,Gammaproteobacteria,Enterobacterales,Enterobacteriaceae,Klebsiella,Klebsiella terrigena,0,0,0,1,0,0,0,0,0,2,0,1,1,3,2,1,1,0,0
GCF_006546655.1,Archaea,Halobacteriota,Methanosarcinia,Methanosarcinales,Methanosarcinaceae,Methanolobus,Methanolobus vulcani_A,0,0,0,2,0,0,0,0,0,2,0,1,0,1,0,0,0,0,0
GCF_006546985.1,Bacteria,Bacillota,Bacilli,Bacillales,DSM-18226,VATK01,VATK01 sp006546985,0,0,0,1,0,1,0,0,0,1,0,0,0,1,4,0,0,2,0
GCF_006711645.1,Bacteria,Pseudomonadota,Gammaproteobacteria,Enterobacterales,Enterobacteriaceae,Klebsiella,Klebsiella electrica,0,0,0,1,0,0,0,0,0,2,0,1,1,3,2,0,0,0,0
GCF_006742065.1,Bacteria,Bacillota_A,Clostridia,Clostridiales,Clostridiaceae,Clostridium,Clostridium butyricum,0,0,0,1,0,0,0,0,0,1,0,1,0,0,0,0,0,1,0
GCF_006968745.1,Bacteria,Cyanobacteriota,Cyanobacteriia,Cyanobacteriales,Nostocaceae,Brasilonema,Brasilonema sennae,0,0,0,1,1,0,0,0,0,2,0,1,0,1,2,0,0,2,0
GCF_006980715.1,Bacteria,Pseudomonadota,Alphaproteobacteria,Rhodospirillales,Magnetospirillaceae,Oleiliquidispirillum,Oleiliquidispirillum nitrogeniifigens,0,0,0,1,0,0,0,0,0,2,0,2,0,4,3,0,0,1,0
GCF_007005445.1,Bacteria,Pseudomonadota,Alphaproteobacteria,Rhizobiales,Xanthobacteraceae,Rhodopseudomonas,Rhodopseudomonas palustris_G,0,0,0,2,2,0,0,0,0,2,0,2,1,3,3,0,0,2,0
GCF_007097545.1,Bacteria,Pseudomonadota,Gammaproteobacteria,Burkholderiales,Burkholderiaceae,Trinickia,Trinickia caryophylli,0,0,0,2,1,0,0,0,0,2,0,0,0,5,3,0,0,1,0
GCF_007115105.1,Bacteria,Bacillota_A,Clostridia,Lachnospirales,Lachnospiraceae,Lacrimispora,Lacrimispora sp007115105,0,0,0,0,0,0,0,0,0,1,0,1,0,0,0,0,0,1,0
GCF_007475525.1,Bacteria,Verrucomicrobiota,Verrucomicrobiae,Methylacidiphilales,Methylacidiphilaceae,Methylacidiphilum,Methylacidiphilum kamchatkense,0,0,0,3,1,1,0,0,0,2,0,1,0,2,1,0,0,0,0
GCF_007625075.1,Bacteria,Desulfobacterota,Desulfovibrionia,Desulfovibrionales,Desulfovibrionaceae,Oceanidesulfovibrio,Oceanidesulfovibrio indonesiensis,0,0,0,0,0,0,0,0,0,2,0,2,0,3,1,0,0,4,0
GCF_007827695.1,Bacteria,Pseudomonadota,Alphaproteobacteria,Rhizobiales,Rhizobiaceae,Sinorhizobium,Sinorhizobium medicae,0,0,0,3,1,0,0,0,0,2,0,0,1,5,4,0,0,1,0
GCF_007827795.1,Bacteria,Pseudomonadota,Alphaproteobacteria,Azospirillales,Azospirillaceae,Azospirillum,Azospirillum brasilense_E,0,0,0,2,0,0,0,0,0,2,0,1,0,3,4,0,0,2,0
GCF_007828035.1,Bacteria,Pseudomonadota,Alphaproteobacteria,Azospirillales,Azospirillaceae,Nitrospirillum,Nitrospirillum amazonense_A,0,0,0,2,1,0,0,0,0,2,0,2,0,2,4,0,0,1,0
GCF_007828045.1,Bacteria,Pseudomonadota,Alphaproteobacteria,Azospirillales,Azospirillaceae,Nitrospirillum,Nitrospirillum amazonense_C,0,0,0,2,1,0,0,0,0,2,0,2,0,2,4,0,0,1,0
GCF_007830255.1,Bacteria,Pseudomonadota,Gammaproteobacteria,Pseudomonadales,Pseudomonadaceae,Azomonas,Azomonas agilis,0,0,0,1,0,0,0,0,0,1,0,1,0,0,2,0,0,1,0
GCF_007830295.1,Bacteria,Bacillota_C,Negativicutes,Sporomusales,Sporomusaceae,Sporomusa,Sporomusa sp007830295,0,0,1,0,0,0,0,0,0,1,0,7,0,3,1,0,1,3,0
GCF_007830435.1,Bacteria,Desulfobacterota,Desulfobacteria,Desulfobacterales,Desulforegulaceae,Desulfobotulus,Desulfobotulus alkaliphilus,0,0,0,0,0,0,0,0,0,1,0,4,0,3,1,0,0,3,0
GCF_007830635.1,Bacteria,Pseudomonadota,Alphaproteobacteria,Rhizobiales,Xanthobacteraceae,Bradyrhizobium,Bradyrhizobium huanghuaihaiense,0,0,0,2,1,1,0,0,0,2,0,0,1,5,4,0,0,2,0
GCF_007904085.1,Bacteria,Cyanobacteriota,Cyanobacteriia,Cyanobacteriales,Rubidibacteraceae,Halothece,Halothece natronophila,0,0,0,1,1,0,0,0,0,2,0,0,0,1,2,0,0,3,0
GCF_007993935.1,Bacteria,Pseudomonadota,Alphaproteobacteria,Rhizobiales,Xanthobacteraceae,Bradyrhizobium,Bradyrhizobium macuxiense_A,0,0,0,3,1,1,0,0,0,2,0,1,1,3,4,0,0,2,0
GCF_008001235.1,Bacteria,Desulfobacterota,Desulfovibrionia,Desulfovibrionales,Desulfovibrionaceae,Pseudodesulfovibrio,Pseudodesulfovibrio onnuriiensis,0,0,0,0,0,0,0,0,0,2,0,3,0,2,1,0,1,4,0
GCF_008041945.1,Bacteria,Pseudomonadota,Gammaproteobacteria,Pseudomonadales,Natronospirillaceae,Reinekea,Reinekea thalattae,0,0,0,1,0,0,0,0,0,1,0,0,0,2,2,0,0,0,0
GCF_008086595.1,Bacteria,Bacillota_A,Clostridia,Eubacteriales,Eubacteriaceae,Acetobacterium,Acetobacterium paludosum,0,0,0,0,0,0,0,0,0,1,0,4,0,0,0,0,0,2,0
GCF_008086615.1,Bacteria,Bacillota_A,Clostridia,Eubacteriales,Eubacteriaceae,Acetobacterium,Acetobacterium tundrae,0,0,0,0,0,0,0,0,0,1,0,4,0,0,0,0,1,2,0
GCF_008107685.1,Bacteria,Pseudomonadota,Alphaproteobacteria,Sphingomonadales,Sphingomonadaceae,Novosphingobium,Novosphingobium sp008107685,0,0,0,3,0,0,0,0,0,2,0,0,0,1,4,0,0,1,0
GCF_008123425.1,Bacteria,Pseudomonadota,Alphaproteobacteria,Rhizobiales,Xanthobacteraceae,Bradyrhizobium,Bradyrhizobium rifense,0,0,0,3,1,1,0,0,0,2,0,1,1,1,4,0,0,2,0
GCF_008123965.1,Bacteria,Pseudomonadota,Alphaproteobacteria,Rhizobiales,Xanthobacteraceae,Bradyrhizobium,Bradyrhizobium hipponense,0,0,0,2,1,1,0,0,0,2,0,1,1,5,4,0,0,2,0
GCF_008330225.1,Bacteria,Desulfobacterota_F,Desulfuromonadia,Geobacterales,Pseudopelobacteraceae,Oryzomonas,Oryzomonas sp008330225,0,0,0,1,0,0,0,0,0,1,0,3,0,2,2,0,0,1,0
GCF_008364825.1,Bacteria,Pseudomonadota,Alphaproteobacteria,Azospirillales,Azospirillaceae,Azospirillum,Azospirillum sp008364825,0,0,0,3,1,0,0,0,0,2,0,3,0,5,4,0,0,0,0
GCF_008365405.1,Bacteria,Pseudomonadota,Alphaproteobacteria,Azospirillales,Azospirillaceae,Azospirillum,Azospirillum brasilense_D,0,0,0,2,0,0,0,0,0,2,0,1,0,4,4,0,0,2,0
GCF_008520305.1,Bacteria,Pseudomonadota,Alphaproteobacteria,Rhizobiales,Rhizobiaceae,Mesorhizobium,Mesorhizobium sp008520305,0,0,0,3,0,0,0,0,0,1,0,0,1,2,4,0,0,1,0
GCF_008630065.1,Bacteria,Pseudomonadota,Alphaproteobacteria,Rhizobiales,Xanthobacteraceae,Blastochloris,Blastochloris sulfoviridis,0,0,0,0,1,0,0,0,0,2,0,2,0,2,1,0,0,4,0
GCF_008632455.1,Bacteria,Pseudomonadota,Gammaproteobacteria,Methylococcales,Methylomonadaceae,Methylomonas,Methylomonas rhizoryzae,0,0,0,4,0,0,0,0,0,2,0,3,0,3,2,0,0,2,0
GCF_008710095.1,Bacteria,Pseudomonadota,Gammaproteobacteria,Enterobacterales,Enterobacteriaceae,Affinibrenneria,Affinibrenneria salicis,0,0,0,1,0,0,0,0,0,2,0,1,1,0,2,0,1,0,0
GCF_008710135.1,Bacteria,Bacillota,Bacilli,Paenibacillales,Paenibacillaceae,Paenibacillus,Paenibacillus spiritus,0,0,0,0,0,1,0,0,0,1,0,0,0,1,3,0,0,1,0
GCF_008727795.1,Bacteria,Pseudomonadota,Gammaproteobacteria,Pseudomonadales,Nitrincolaceae,Nitrincola,Nitrincola iocasae,0,0,0,2,1,0,0,0,0,2,0,0,0,3,3,0,0,1,0
GCF_008802365.1,Bacteria,Desulfobacterota_F,Desulfuromonadia,Geobacterales,Pseudopelobacteraceae,Oryzomonas,Oryzomonas japonica,0,0,0,0,0,0,0,0,0,1,0,3,0,3,2,0,0,1,0
GCF_008830225.1,Bacteria,Desulfobacterota,Desulfovibrionia,Desulfovibrionales,Desulfovibrionaceae,Pseudodesulfovibrio,Pseudodesulfovibrio senegalensis,0,0,0,0,0,0,0,0,0,2,0,2,0,1,1,0,1,4,0
GCF_008843145.1,Bacteria,Pseudomonadota,Alphaproteobacteria,Azospirillales,Azospirillaceae,Skermanella,Skermanella pratensis,0,0,0,3,1,0,0,0,0,2,0,1,1,2,3,0,0,1,0
GCF_008932245.1,Bacteria,Pseudomonadota,Alphaproteobacteria,Rhizobiales,Rhizobiaceae,Sinorhizobium,Sinorhizobium alkalisoli,0,0,1,3,0,0,0,0,0,2,0,0,1,5,3,0,0,1,0
GCF_008973665.1,Bacteria,Bacillota,Bacilli,Paenibacillales,Paenibacillaceae,Paenibacillus,Paenibacillus tengchongensis,0,0,0,0,0,1,0,0,0,1,0,1,0,2,3,1,0,1,0
GCF_009258225.1,Bacteria,Campylobacterota,Campylobacteria,Campylobacterales,Sulfurimonadaceae,Sulfurimonas,Sulfurimonas lithotrophica,0,0,0,0,1,0,0,0,0,2,0,1,0,4,1,0,0,2,0
GCF_009296175.1,Bacteria,Pseudomonadota,Alphaproteobacteria,Rhizobiales,Beijerinckiaceae,Microvirga,Microvirga tunisiensis,0,0,0,2,0,0,0,0,0,2,0,0,1,2,3,0,0,1,0
GCF_009362735.1,Bacteria,Pseudomonadota,Gammaproteobacteria,Burkholderiales,Burkholderiaceae,Paraburkholderia,Paraburkholderia franconis,0,0,1,4,1,0,0,0,0,2,0,1,1,3,4,1,0,1,0
GCF_009362785.1,Bacteria,Pseudomonadota,Gammaproteobacteria,Burkholderiales,Burkholderiaceae,Paraburkholderia,Paraburkholderia atlantica,0,0,0,3,1,0,0,0,0,2,0,1,0,2,4,0,0,2,0
GCF_009362815.1,Bacteria,Bacillota_A,Clostridia,Eubacteriales,Alkalibacteraceae,M08DMB,M08DMB sp009362815,0,0,0,0,0,0,0,0,0,1,0,1,0,0,0,0,0,1,0
GCF_009363115.1,Bacteria,Bacillota,Bacilli,Paenibacillales,Paenibacillaceae,Paenibacillus,Paenibacillus brasilensis,0,0,0,0,0,1,0,0,0,2,0,2,0,2,4,1,0,2,0
GCF_009428905.1,Bacteria,Bacillota_B,Desulfotomaculia,Desulfotomaculales,Desulfovirgulaceae,Desulfofundulus_A,Desulfofundulus_A thermobenzoicus,0,0,1,0,0,0,0,0,0,2,0,4,0,1,1,0,1,4,0
GCF_009469605.1,Bacteria,Pseudomonadota,Gammaproteobacteria,Burkholderiales,Rhodocyclaceae,Zoogloea,Zoogloea sp009469605,0,0,0,4,0,0,0,0,0,2,0,3,0,5,3,0,0,2,0
GCF_009469615.1,Bacteria,Pseudomonadota,Gammaproteobacteria,Burkholderiales,Rhodocyclaceae,Azonexus,Azonexus sp009469615,0,0,0,1,1,0,0,0,0,2,0,1,0,6,2,0,0,3,0
GCF_009469695.1,Bacteria,Pseudomonadota,Gammaproteobacteria,Burkholderiales,Rhodocyclaceae,Propionivibrio,Propionivibrio limicola,0,0,0,0,1,0,0,0,0,1,0,1,0,2,1,0,0,0,0
GCF_009498235.1,Bacteria,Pseudomonadota,Gammaproteobacteria,Methylococcales,Methylococcaceae,Methylospira,Methylospira mobilis,0,0,0,4,1,0,0,0,0,2,0,2,0,2,2,0,0,2,0
GCF_009601025.1,Bacteria,Pseudomonadota,Alphaproteobacteria,Rhodospirillales,Rhodospirillaceae,Rhodospira,Rhodospira navarrensis,0,0,1,1,1,0,0,0,0,2,0,1,0,2,3,0,0,1,0
GCF_009601505.1,Bacteria,Pseudomonadota,Alphaproteobacteria,Rhizobiales,Rhizobiaceae,Sinorhizobium,Sinorhizobium terangae,0,0,0,3,1,0,0,0,0,2,0,1,1,5,3,0,0,1,0
GCF_009617575.1,Bacteria,Pseudomonadota,Gammaproteobacteria,Burkholderiales,Rhodocyclaceae,Rhodocyclus,Rhodocyclus gracilis,0,0,0,0,2,0,0,0,0,2,0,0,0,0,1,0,0,0,0
GCF_009649955.1,Bacteria,Bacillota_B,Desulfitobacteriia,Heliobacteriales,Heliobacteriaceae,Heliorestis,Heliorestis convoluta,0,0,0,1,0,0,0,0,0,2,0,3,0,1,0,0,0,2,0
GCF_009664085.1,Bacteria,Pseudomonadota,Gammaproteobacteria,Chromatiales,Chromatiaceae,Thermochromatium,Thermochromatium tepidum,0,0,1,0,1,0,0,0,0,2,0,3,0,1,2,0,0,4,0
GCF_009688945.1,Bacteria,Desulfobacterota,Desulfobacteria,Desulfobacterales,Desulfosarcinaceae,Desulfosarcina,Desulfosarcina alkanivorans,0,0,1,0,0,0,0,0,0,2,0,4,0,3,2,0,1,4,0
GCF_009688965.1,Bacteria,Desulfobacterota,Desulfobacteria,Desulfobacterales,Desulfosarcinaceae,Desulfosarcina,Desulfosarcina widdelii,0,0,1,0,0,0,0,0,0,2,0,5,0,3,2,1,1,4,0
GCF_009689005.1,Bacteria,Desulfobacterota,Desulfobacteria,Desulfobacterales,Desulfosarcinaceae,Desulfosarcina,Desulfosarcina ovata,0,0,1,0,0,0,0,0,0,2,0,0,0,2,2,0,1,4,0
GCF_009720655.1,Bacteria,Pseudomonadota,Alphaproteobacteria,Rhizobiales,Beijerinckiaceae,Rhodoblastus,Rhodoblastus acidophilus_A,0,0,0,3,2,0,0,0,0,2,0,3,0,1,2,0,0,4,0
GCF_009720725.1,Bacteria,Pseudomonadota,Gammaproteobacteria,Chromatiales,Chromatiaceae,Thermochromatium,Thermochromatium palmeri,0,0,0,0,1,0,0,0,0,2,0,3,0,2,2,0,0,5,0
GCF_009720735.1,Bacteria,Bacillota_B,Desulfitobacteriia,Heliobacteriales,Heliobacteriaceae,Heliobacterium,Heliobacterium mobile,0,0,0,0,0,0,0,0,0,1,0,4,0,1,2,0,1,1,0
GCF_009725235.1,Bacteria,Cyanobacteriota,Cyanobacteriia,Cyanobacteriales,Nostocaceae,Scytonema,Scytonema sp009725235,0,0,0,2,1,0,0,0,0,2,0,2,0,1,2,0,0,3,0
GCF_009729555.1,Bacteria,Desulfobacterota,Desulfovibrionia,Desulfovibrionales,Desulfovibrionaceae,Pseudodesulfovibrio,Pseudodesulfovibrio alkaliphilus,0,0,0,1,0,0,0,0,0,2,0,3,0,2,1,0,0,4,0
GCF_009746625.1,Bacteria,Bacillota_A,Clostridia,Oscillospirales,Acutalibacteraceae,Caproicibacter,Caproicibacter fermentans,0,0,0,0,0,0,0,0,0,1,0,2,0,0,0,0,0,1,0
GCF_009759665.1,Bacteria,Pseudomonadota,Alphaproteobacteria,Rhizobiales,Xanthobacteraceae,Bradyrhizobium,Bradyrhizobium cajani,0,0,0,4,1,1,0,0,0,2,0,1,1,4,4,0,0,2,0
GCF_009762795.1,Bacteria,Desulfobacterota,Desulfovibrionia,Desulfovibrionales,Desulfovibrionaceae,Pseudodesulfovibrio,Pseudodesulfovibrio cashew,0,0,1,0,0,0,0,0,0,2,0,2,0,1,1,0,0,4,0
GCF_009800965.1,Bacteria,Pseudomonadota,Gammaproteobacteria,Burkholderiales,Rhodocyclaceae,Cognatazoarcus,Cognatazoarcus halotolerans,0,0,0,4,1,0,0,0,0,2,0,1,0,5,3,0,0,3,0
GCF_009811655.1,Bacteria,Pseudomonadota,Alphaproteobacteria,Rhizobiales,Beijerinckiaceae,Methylosinus,Methylosinus sp009811655,0,0,0,3,0,0,0,0,0,2,0,2,0,0,2,0,0,2,0
GCF_009847015.1,Bacteria,Bacteroidota,Bacteroidia,Bacteroidales,Prolixibacteraceae,Sunxiuqinia,Sunxiuqinia indica,0,0,0,0,0,0,0,0,0,2,0,3,0,2,3,0,0,1,0
GCF_009856865.1,Bacteria,Desulfobacterota,Desulfovibrionia,Desulfovibrionales,Desulfovibrionaceae,Solidesulfovibrio,Solidesulfovibrio aerotolerans,0,0,0,0,0,0,0,0,0,2,0,4,0,3,1,0,0,3,0
GCF_009857815.1,Bacteria,Pseudomonadota,Gammaproteobacteria,Pseudomonadales,Cellvibrionaceae,Pseudomaricurvus,Pseudomaricurvus sp009857815,0,0,0,2,0,0,0,0,0,1,0,0,0,2,3,0,0,2,0
GCF_009877425.1,Bacteria,Bacillota_B,Desulfitobacteriia,Heliobacteriales,Heliobacteriaceae,Heliomicrobium,Heliomicrobium undosum,0,0,0,0,0,0,0,0,0,1,0,4,0,1,2,0,1,1,0
GCF_009905255.1,Bacteria,Bacillota_A,Thermoanaerobacteria,Thermoanaerobacterales,Thermoanaerobacteraceae,Thermoanaerobacterium,Thermoanaerobacterium aotearoense,0,0,0,0,0,0,0,0,0,1,0,5,0,0,0,0,0,2,0
GCF_009914765.1,Bacteria,Desulfobacterota,Desulfovibrionia,Desulfovibrionales,Desulfovibrionaceae,Halodesulfovibrio,Halodesulfovibrio sp009914765,0,0,0,0,0,0,0,0,0,2,0,3,0,3,2,0,0,2,0
GCF_009928445.1,Bacteria,Bacillota_A,Clostridia,Clostridiales,Clostridiaceae,Clostridium_AR,Clostridium_AR sp009928445,0,0,0,0,0,0,0,0,0,1,0,3,0,1,0,0,0,2,0
GCF_009928485.1,Bacteria,Bacillota_A,Clostridia,Clostridiales,Clostridiaceae,Clostridium,Clostridium sp009928485,0,0,0,0,0,0,0,0,0,1,0,4,0,0,1,0,0,2,0
GCF_009936375.1,Bacteria,Pseudomonadota,Alphaproteobacteria,Rhizobiales,Beijerinckiaceae,Methylosinus,Methylosinus sp009936375,0,0,0,4,0,0,0,0,0,2,0,2,0,1,3,0,0,1,0
GCF_009937995.1,Bacteria,Pseudomonadota,Gammaproteobacteria,Burkholderiales,Sulfuriferulaceae,Sulfuriferula_A,Sulfuriferula_A nivalis,0,0,0,0,2,0,0,0,0,2,0,1,0,2,2,0,0,4,0
GCF_010091925.1,Bacteria,Cyanobacteriota,Cyanobacteriia,Cyanobacteriales,Nostocaceae,Komarekiella,Komarekiella sp010091925,0,0,0,1,1,0,0,0,0,2,0,2,0,2,2,0,0,2,0
GCF_010131535.1,Bacteria,Pseudomonadota,Gammaproteobacteria,Enterobacterales,Enterobacteriaceae,Acerihabitans,Acerihabitans arboris,0,0,0,1,0,0,0,0,0,2,0,2,1,3,2,0,0,0,0
GCF_010448835.1,Bacteria,Bacteroidota,Bacteroidia,Bacteroidales,Prolixibacteraceae,Draconibacterium,Draconibacterium halophilum,0,0,0,0,0,0,0,0,0,2,0,3,0,2,3,0,0,1,0
GCF_010470665.1,Bacteria,Desulfobacterota,Desulfovibrionia,Desulfovibrionales,Desulfovibrionaceae,Maridesulfovibrio,Maridesulfovibrio sp010470665,0,0,1,0,0,0,0,0,0,2,0,2,0,1,1,0,0,4,0
GCF_010586825.1,Bacteria,Bacteroidota,Bacteroidia,Bacteroidales,Prolixibacteraceae,Draconibacterium,Draconibacterium mangrovi,0,0,0,0,0,0,0,0,0,2,0,3,0,2,3,0,0,1,0
GCF_010587385.1,Bacteria,Pseudomonadota,Gammaproteobacteria,Enterobacterales_A,Vibrionaceae,Vibrio,Vibrio astriarenae,0,0,0,1,0,0,0,0,0,2,0,0,0,3,3,0,0,0,0
GCF_010646885.1,Bacteria,Desulfobacterota,Desulfobulbia,Desulfobulbales,Desulfocapsaceae,Desulfopila,Desulfopila sp010646885,0,0,2,0,0,0,0,0,0,2,0,3,0,2,2,0,1,4,0
GCF_010668805.1,Bacteria,Pseudomonadota,Alphaproteobacteria,Rhizobiales,Rhizobiaceae,Rhizobium,Rhizobium phaseoli_A,0,0,0,1,0,0,0,0,0,2,0,0,1,3,4,0,0,1,0
GCF_010811875.1,Bacteria,Pseudomonadota,Alphaproteobacteria,Rhizobiales,Xanthobacteraceae,Bradyrhizobium,Bradyrhizobium uaiense,0,0,0,3,1,1,0,0,0,2,0,1,1,2,4,0,0,2,0
GCF_010983895.1,Bacteria,Pseudomonadota,Gammaproteobacteria,Burkholderiales,Rhodocyclaceae,Nitrogeniibacter,Nitrogeniibacter mangrovi,0,0,0,3,1,0,0,0,0,2,0,3,0,5,3,1,0,3,0
GCF_011022235.1,Bacteria,Pseudomonadota,Alphaproteobacteria,Rhodospirillales,Magnetospirillaceae,Magnetospirillum,Magnetospirillum aberrantis,0,0,0,0,1,0,0,0,0,2,0,2,0,4,2,0,0,0,0
GCF_011058845.1,Bacteria,Pseudomonadota,Alphaproteobacteria,Rhizobiales,Beijerinckiaceae,Methylocystis,Methylocystis sp011058845,0,0,0,4,0,0,0,0,0,2,0,3,0,2,3,0,0,2,0
GCF_011064285.1,Bacteria,Pseudomonadota,Gammaproteobacteria,Enterobacterales_A,Vibrionaceae,Vibrio,Vibrio ziniensis,0,0,0,1,0,0,0,0,0,2,0,0,0,4,4,0,0,1,0
GCF_011064615.1,Bacteria,Planctomycetota,Planctomycetia,Isosphaerales,Isosphaeraceae,Aquisphaera,Aquisphaera sp011064615,0,0,0,1,0,1,0,0,0,2,0,0,0,2,3,0,0,1,0
GCF_011207455.1,Bacteria,Desulfobacterota,Thermodesulfobacteria,Thermodesulfobacteriales,ST65,Thermosulfuriphilus,Thermosulfuriphilus ammonigenes,0,0,0,0,0,0,0,0,0,2,0,1,0,1,1,0,1,4,1
GCF_011290485.1,Bacteria,Pseudomonadota,Gammaproteobacteria,Chromatiales,Chromatiaceae,Thermochromatium,Thermochromatium japonicum,0,0,0,0,1,0,0,0,0,2,0,3,0,0,1,0,0,4,0
GCF_011516635.5,Bacteria,Pseudomonadota,Alphaproteobacteria,Rhizobiales,Xanthobacteraceae,Bradyrhizobium,Bradyrhizobium sp011516635,0,0,0,3,1,1,0,0,0,2,0,0,1,4,3,0,0,2,0
GCF_011516645.4,Bacteria,Pseudomonadota,Alphaproteobacteria,Rhizobiales,Xanthobacteraceae,Bradyrhizobium,Bradyrhizobium septentrionale,0,0,0,3,1,1,0,0,0,2,0,1,1,3,4,0,0,2,0
GCF_011516885.1,Bacteria,Pseudomonadota,Alphaproteobacteria,Acetobacterales,Acetobacteraceae,Acetobacter,Acetobacter lambici,0,0,0,3,0,0,0,0,0,2,0,2,0,3,3,1,0,1,0
GCF_011601315.1,Bacteria,Bacteroidota,Chlorobia,Chlorobiales,Chlorobiaceae,Chlorobium,Chlorobium masyuteum,0,0,0,0,1,0,0,0,0,2,0,1,0,0,2,0,0,2,0
GCF_011758645.1,Bacteria,Actinomycetota,Actinomycetia,Propionibacteriales,Propionibacteriaceae,Brooklawnia,Brooklawnia cerclae,0,0,0,0,0,1,0,0,0,1,0,0,0,1,1,0,0,1,0
GCF_011761565.1,Bacteria,Pseudomonadota,Alphaproteobacteria,Micropepsales,Micropepsaceae,Rhizomicrobium,Rhizomicrobium palustre,0,0,0,1,0,0,0,0,0,2,0,2,0,0,3,0,0,0,0
GCF_011762045.1,Bacteria,Pseudomonadota,Alphaproteobacteria,Micropepsales,Micropepsaceae,Rhizomicrobium,Rhizomicrobium electricum,0,0,0,1,0,0,0,0,0,2,0,1,1,4,3,0,0,1,0
GCF_011769525.1,Bacteria,Cyanobacteriota,Cyanobacteriia,Cyanobacteriales,Nostocaceae,Aulosira,Aulosira sp011769525,0,0,0,1,1,0,0,0,0,2,0,2,0,1,1,0,0,2,0
GCF_011799805.1,Bacteria,Bacteroidota,Bacteroidia,Bacteroidales,Prolixibacteraceae,Draconibacterium,Draconibacterium sp011799805,0,0,0,0,0,0,0,0,0,2,0,3,0,2,3,0,0,1,0
GCF_012276985.1,Bacteria,Pseudomonadota,Alphaproteobacteria,Rhizobiales,Rhizobiaceae,Allorhizobium,Allorhizobium sp012276985,0,0,0,2,1,0,0,0,0,2,0,2,1,5,3,0,0,1,0
GCF_012290005.1,Bacteria,Planctomycetota,Planctomycetia,Pirellulales,Pirellulaceae,Crateriforma,Crateriforma spongiae,0,0,0,1,0,1,0,0,0,2,0,0,0,1,3,0,0,1,0
GCF_012769535.1,Bacteria,Pseudomonadota,Gammaproteobacteria,Methylococcales,Methylococcaceae,Methylococcus,Methylococcus geothermalis,0,0,0,4,1,0,0,0,0,2,0,2,0,2,2,0,0,3,0
GCF_012863495.1,Bacteria,Cyanobacteriota,Cyanobacteriia,Pseudanabaenales,Pseudanabaenaceae,Pseudanabaena,Pseudanabaena yagii,0,0,0,1,1,0,0,0,0,2,0,1,1,1,1,0,0,1,0
GCF_012910905.1,Bacteria,Pseudomonadota,Gammaproteobacteria,Burkholderiales,Rhodocyclaceae,Aromatoleum,Aromatoleum toluvorans,0,0,1,3,1,0,0,0,0,2,0,1,0,5,3,1,0,2,0
GCF_012910955.1,Bacteria,Pseudomonadota,Gammaproteobacteria,Burkholderiales,Rhodocyclaceae,Aromatoleum,Aromatoleum diolicum,0,0,2,3,0,0,0,0,0,2,0,1,0,5,2,0,0,3,0
GCF_012911005.2,Bacteria,Pseudomonadota,Gammaproteobacteria,Burkholderiales,Rhodocyclaceae,Aromatoleum,Aromatoleum toluolicum,0,0,2,3,0,0,0,0,0,2,0,3,0,5,2,0,0,2,0
GCF_012911025.1,Bacteria,Pseudomonadota,Gammaproteobacteria,Burkholderiales,Rhodocyclaceae,Azoarcus,Azoarcus sp012911025,0,0,0,4,0,0,0,0,0,2,0,2,0,5,4,0,0,2,0
GCF_012912105.1,Bacteria,Cyanobacteriota,Cyanobacteriia,Cyanobacteriales,Nostocaceae,Brasilonema,Brasilonema sp012912105,0,0,0,1,1,0,0,0,0,2,0,1,0,1,2,0,0,2,0
GCF_012912135.1,Bacteria,Cyanobacteriota,Cyanobacteriia,Cyanobacteriales,Nostocaceae,Brasilonema,Brasilonema bromeliae,0,0,0,1,1,0,0,0,0,1,0,1,0,1,2,0,0,2,0
GCF_012927045.1,Bacteria,Pseudomonadota,Gammaproteobacteria,Burkholderiales,Burkholderiaceae_B,Azohydromonas,Azohydromonas caseinilytica,0,0,0,2,1,0,0,0,0,2,0,2,0,5,4,1,0,1,0
GCF_012927165.1,Bacteria,Pseudomonadota,Gammaproteobacteria,Burkholderiales,Rhodocyclaceae,Zoogloea,Zoogloea dura,0,0,0,4,0,0,0,0,0,2,0,1,0,5,3,0,0,2,0
GCF_012933545.1,Bacteria,Pseudomonadota,Gammaproteobacteria,Enterobacterales,Enterobacteriaceae,Rouxiella,Rouxiella aceris,0,0,0,1,0,0,0,0,0,2,0,1,0,2,3,1,0,0,0
GCF_012939995.1,Bacteria,Pseudomonadota,Gammaproteobacteria,Competibacterales,Competibacteraceae,Competibacter,Competibacter phosphatis,0,0,0,3,0,0,0,0,0,2,0,2,0,4,3,1,0,3,0
GCF_012940005.1,Bacteria,Pseudomonadota,Gammaproteobacteria,Burkholderiales,Rhodocyclaceae,Accumulibacter,Accumulibacter contiguus,0,0,0,1,1,0,0,0,0,2,0,3,0,5,2,1,0,1,0
GCF_013019105.1,Bacteria,Desulfobacterota,Desulfovibrionia,Desulfovibrionales,Desulfovibrionaceae,Fundidesulfovibrio,Fundidesulfovibrio sp013019105,0,0,0,0,0,0,0,0,0,2,0,2,0,2,1,0,0,3,0
GCF_013085545.1,Bacteria,Desulfobacterota,Desulfovibrionia,Desulfovibrionales,Desulfovibrionaceae,Oceanidesulfovibrio,Oceanidesulfovibrio marinus,0,0,0,1,0,0,0,0,0,2,0,2,0,1,1,0,0,4,0
GCF_013114825.1,Bacteria,Pseudomonadota,Alphaproteobacteria,Rhizobiales,Xanthobacteraceae,Bradyrhizobium,Bradyrhizobium australiense,0,0,0,2,1,1,0,0,0,2,0,1,1,2,3,0,0,2,0
GCF_013149295.1,Bacteria,Pseudomonadota,Alphaproteobacteria,Sphingomonadales,Sphingomonadaceae,Novosphingobium,Novosphingobium sp013149295,0,0,0,3,0,0,0,0,0,2,0,2,0,1,4,0,0,1,0
GCF_013155275.1,Bacteria,Pseudomonadota,Gammaproteobacteria,Enterobacterales,Enterobacteriaceae,Brenneria,Brenneria sp013155275,0,0,0,1,0,0,0,0,0,2,0,2,1,1,2,0,0,0,0
GCF_013170705.1,Bacteria,Pseudomonadota,Alphaproteobacteria,Rhizobiales,Rhizobiaceae,Mesorhizobium,Mesorhizobium loti_D,0,0,0,2,0,0,0,0,0,2,0,0,1,2,4,0,0,2,0
GCF_013170805.1,Bacteria,Pseudomonadota,Alphaproteobacteria,Rhizobiales,Rhizobiaceae,Mesorhizobium,Mesorhizobium sp013170805,0,0,0,1,1,0,0,0,0,2,0,1,1,3,4,0,0,2,0
GCF_013170825.1,Bacteria,Pseudomonadota,Alphaproteobacteria,Rhizobiales,Rhizobiaceae,Mesorhizobium,Mesorhizobium sp013170825,0,0,1,2,0,0,0,0,0,2,0,0,1,3,4,0,0,2,0
GCF_013170845.1,Bacteria,Pseudomonadota,Alphaproteobacteria,Rhizobiales,Rhizobiaceae,Mesorhizobium,Mesorhizobium loti_B,0,0,0,1,1,0,0,0,0,2,0,0,1,1,4,0,0,1,0
GCF_013184775.1,Bacteria,Pseudomonadota,Alphaproteobacteria,Rhizobiales,Rhizobiaceae,Martelella,Martelella sp013184775,0,0,0,1,0,0,0,0,0,2,0,0,0,2,3,0,0,2,0
GCF_013201665.1,Bacteria,Campylobacterota,Campylobacteria,Campylobacterales,Arcobacteraceae,Aliarcobacter,Aliarcobacter venerupis,0,0,0,1,0,0,0,0,0,1,0,1,0,3,2,0,0,2,0
GCF_013201725.1,Bacteria,Campylobacterota,Campylobacteria,Campylobacterales,Arcobacteraceae,Aliarcobacter,Aliarcobacter defluvii,0,0,0,1,0,0,0,0,0,1,0,1,0,3,2,0,0,2,0
GCF_013201825.1,Bacteria,Campylobacterota,Campylobacteria,Campylobacterales,Arcobacteraceae,Halarcobacter,Halarcobacter ebronensis,0,0,1,0,0,0,0,0,0,1,0,2,0,4,1,0,0,3,0
GCF_013283645.1,Bacteria,Pseudomonadota,Alphaproteobacteria,Rhizobiales,Rhizobiaceae,Sinorhizobium,Sinorhizobium psoraleae,0,0,0,3,1,0,0,0,0,2,0,1,1,5,3,0,0,1,0
GCF_013283665.1,Bacteria,Pseudomonadota,Alphaproteobacteria,Rhizobiales,Rhizobiaceae,Ensifer,Ensifer sesbaniae,0,0,0,3,0,0,0,0,0,2,0,0,1,5,4,0,0,2,0
GCF_013340205.1,Bacteria,Myxococcota,Myxococcia,Myxococcales,Anaeromyxobacteraceae,R267,R267 sp013340205,0,0,0,0,0,0,0,0,0,2,0,2,0,5,3,1,1,1,0
GCF_013340285.1,Bacteria,Desulfobacterota,Desulfovibrionia,Desulfovibrionales,Desulfovibrionaceae,Halodesulfovibrio,Halodesulfovibrio subterraneus,0,0,1,0,0,0,0,0,0,2,0,2,0,2,2,0,0,3,0
GCF_013343235.1,Bacteria,Cyanobacteriota,Cyanobacteriia,Cyanobacteriales,Nostocaceae,Nostoc,Nostoc sp013343235,0,0,0,1,1,0,0,0,0,2,0,2,0,1,1,0,0,1,0
GCF_013350005.1,Bacteria,Pseudomonadota,Alphaproteobacteria,Rhizobiales,Beijerinckiaceae,Methylocystis,Methylocystis silviterrae,0,0,0,4,0,0,0,0,0,2,0,3,0,1,2,0,0,2,0
GCF_013366925.1,Bacteria,Pseudomonadota,Gammaproteobacteria,Burkholderiales,Burkholderiaceae,Paraburkholderia,Paraburkholderia youngii,0,0,0,3,1,0,0,0,0,2,0,1,1,2,4,0,0,2,0
GCF_013376455.1,Bacteria,Desulfobacterota,Desulfovibrionia,Desulfovibrionales,Desulfovibrionaceae,Desulfolutivibrio,Desulfolutivibrio sulfodismutans,0,0,0,0,0,0,0,0,0,2,0,3,0,2,1,0,0,4,0
GCF_013376475.1,Bacteria,Desulfobacterota,Desulfovibrionia,Desulfovibrionales,Desulfovibrionaceae,Desulfolutivibrio,Desulfolutivibrio sulfoxidireducens,0,0,0,0,0,0,0,0,0,2,0,3,0,2,1,0,0,4,0
GCF_013385175.1,Bacteria,Pseudomonadota,Gammaproteobacteria,Chromatiales,Chromatiaceae,Thermochromatium,Thermochromatium humboldtianum,0,0,1,0,1,0,0,0,0,2,0,3,0,3,2,0,0,5,0
GCF_013388255.1,Archaea,Halobacteriota,Methanosarcinia,Methanosarcinales,Methanosarcinaceae,Methanolobus,Methanolobus zinderi,0,0,0,2,0,0,0,0,0,2,0,0,0,1,0,0,0,1,0
GCF_013389365.1,Bacteria,Desulfobacterota,Desulfobacteria,Desulfobacterales,Desulfobacteraceae,Desulfobacter,Desulfobacter latus,0,0,0,0,0,0,0,0,0,2,0,1,0,0,0,0,0,3,0
GCF_013393905.1,Bacteria,Cyanobacteriota,Cyanobacteriia,Cyanobacteriales,Nostocaceae,Nostoc,Nostoc sp013393905,0,0,1,1,1,0,0,0,0,2,0,1,0,1,1,0,0,2,0
GCF_013393945.1,Bacteria,Cyanobacteriota,Cyanobacteriia,Cyanobacteriales,Nostocaceae,Trichormus,Trichormus sp013393945,0,0,0,1,1,1,0,0,0,2,0,0,0,1,2,0,0,2,0
GCF_013415845.1,Bacteria,Pseudomonadota,Alphaproteobacteria,Rhizobiales,Xanthobacteraceae,Rhodopseudomonas,Rhodopseudomonas palustris_F,0,0,0,2,2,0,0,0,0,2,0,2,1,3,3,0,0,2,0
GCF_013416775.1,Bacteria,Pseudomonadota,Gammaproteobacteria,Burkholderiales,Burkholderiaceae_B,Rhodoferax,Rhodoferax sp013416775,0,0,0,1,1,0,0,0,0,2,0,0,0,4,3,0,0,2,0
GCF_013423485.1,Bacteria,Pseudomonadota,Alphaproteobacteria,Azospirillales,Azospirillaceae,Azospirillum,Azospirillum oleiclasticum,0,0,1,4,1,1,0,0,0,2,0,2,0,4,3,0,0,2,0
GCF_013488225.1,Bacteria,Pseudomonadota,Alphaproteobacteria,Rhizobiales,Rhizobiaceae,Sinorhizobium,Sinorhizobium mexicanum,0,0,0,3,1,0,0,0,0,2,0,1,0,5,3,0,0,1,0
GCF_013520985.1,Bacteria,Pseudomonadota,Alphaproteobacteria,Rhizobiales,Rhizobiaceae,Mesorhizobium,Mesorhizobium neociceri,0,0,0,2,0,0,0,0,0,1,0,0,1,2,4,0,0,1,0
GCF_013760955.1,Archaea,Methanobacteriota,Methanococci,Methanococcales,Methanococcaceae,Methanococcus,Methanococcus maripaludis_A,0,0,0,1,0,0,0,0,0,2,0,3,0,0,0,0,0,0,0
GCF_013927005.1,Bacteria,Pseudomonadota,Gammaproteobacteria,Enterobacterales,Enterobacteriaceae,Enterobacter,Enterobacter sp013927005,0,0,0,1,0,0,0,0,0,2,0,1,0,3,2,1,0,0,0
GCF_014023275.1,Bacteria,Cyanobacteriota,Cyanobacteriia,Cyanobacteriales,Nostocaceae,Nostoc,Nostoc edaphicum_A,0,0,0,1,1,0,0,0,0,2,0,2,0,1,2,0,0,3,0
GCF_014050525.1,Bacteria,Bacillota_A,Clostridia,Clostridiales,Clostridiaceae,Clostridium_B,Clostridium_B sp014050525,0,0,0,1,0,0,0,0,0,1,0,1,0,0,0,0,0,1,0
GCF_014132355.1,Bacteria,Cyanobacteriota,Cyanobacteriia,Cyanobacteriales,Microcoleaceae,Okeania,Okeania sp014132355,0,0,0,2,0,0,0,0,0,2,0,2,0,1,1,0,0,2,0
GCF_014145225.1,Bacteria,Pseudomonadota,Gammaproteobacteria,Chromatiales,Chromatiaceae,Thiospirillum,Thiospirillum jenense,0,0,0,0,2,0,0,0,0,2,0,2,0,1,1,0,0,3,0
GCF_014164585.1,Bacteria,Pseudomonadota,Gammaproteobacteria,Pseudomonadales,Halomonadaceae,Oceanospirillum,Oceanospirillum sp014164585,0,0,0,2,0,0,0,0,0,2,0,2,0,1,3,0,0,2,0
GCF_014174405.1,Bacteria,Bacillota_A,Clostridia,Lachnospirales,Lachnospiraceae,Mobilitalea,Mobilitalea saccharofermentans,0,0,0,0,0,0,0,0,0,1,0,4,0,0,0,0,0,0,0
GCF_014189455.1,Bacteria,Pseudomonadota,Alphaproteobacteria,Rhizobiales,Rhizobiaceae,Mesorhizobium,Mesorhizobium huakuii_A,0,0,0,1,0,0,0,0,0,1,0,1,1,2,4,0,0,1,0
GCF_014191985.1,Bacteria,Pseudomonadota,Gammaproteobacteria,Pseudomonadales,Pseudomonadaceae,Azomonas,Azomonas macrocytogenes,0,0,0,1,0,0,0,0,0,1,0,1,0,1,3,0,0,1,0
GCF_014193585.1,Bacteria,Desulfobacterota_F,Desulfuromonadia,Geobacterales,Geobacteraceae,Geomonas,Geomonas paludis,0,0,0,1,0,0,0,0,0,1,0,2,0,4,3,1,0,1,0
GCF_014196965.1,Bacteria,Pseudomonadota,Alphaproteobacteria,Rhodobacterales,Rhodobacteraceae,Actibacterium_A,Actibacterium_A naphthalenivorans,0,0,0,1,1,0,0,0,0,2,0,0,0,3,3,0,0,3,0
GCF_014197015.1,Bacteria,Pseudomonadota,Gammaproteobacteria,Burkholderiales,Rhodocyclaceae,Niveibacterium,Niveibacterium umoris,0,0,0,0,0,0,0,0,0,2,0,2,0,5,2,0,0,1,0
GCF_014197535.1,Bacteria,Pseudomonadota,Alphaproteobacteria,Rhizobiales,Rhizobiaceae,Rhizobium,Rhizobium aethiopicum_A,0,0,0,1,0,0,0,0,0,2,0,0,1,2,3,0,0,1,0
GCF_014197755.1,Bacteria,Pseudomonadota,Gammaproteobacteria,Burkholderiales,Rhodocyclaceae,Rhodocyclus,Rhodocyclus tenuis,0,0,0,1,2,0,0,0,0,2,0,2,0,1,2,0,0,1,0
GCF_014197795.1,Bacteria,Pseudomonadota,Alphaproteobacteria,Rhodospirillales,Rhodospirillaceae,Rhodospira,Rhodospira goensis,0,0,0,1,1,0,0,0,0,2,0,2,0,1,3,0,0,1,0
GCF_014197855.1,Bacteria,Pseudomonadota,Alphaproteobacteria,Rhodospirillales,Rhodospirillaceae,Rhodospira,Rhodospira marina,0,0,0,1,1,0,0,0,0,2,0,1,0,2,3,0,0,2,0
GCF_014198335.1,Bacteria,Pseudomonadota,Alphaproteobacteria,Rhizobiales,Rhizobiaceae,Rhizobium,Rhizobium leguminosarum_N,0,0,0,1,0,0,0,0,0,2,0,0,1,2,3,0,0,1,0
GCF_014200175.1,Bacteria,Pseudomonadota,Alphaproteobacteria,Rhizobiales,Rhizobiaceae,Rhizobium,Rhizobium lentis_A,0,0,0,1,0,0,0,0,0,1,0,0,1,2,2,0,0,1,0
GCF_014201835.1,Bacteria,Bacillota_C,Negativicutes,Selenomonadales,Selenomonadaceae,Pectinatus,Pectinatus brassicae,0,0,0,0,0,0,0,0,0,0,0,2,0,1,1,0,1,1,0
GCF_014202345.1,Bacteria,Desulfobacterota,Desulfovibrionia,Desulfovibrionales,Desulfovibrionaceae,Desulfovibrio,Desulfovibrio intestinalis,0,0,0,0,0,0,0,0,0,2,0,2,0,2,1,0,0,3,0
GCF_014202415.1,Bacteria,Pseudomonadota,Gammaproteobacteria,Enterobacterales_A,Aeromonadaceae,Tolumonas,Tolumonas osonensis,0,0,0,1,0,0,0,0,0,1,0,1,0,1,2,0,0,2,0
GCF_014203025.1,Bacteria,Chrysiogenota,Chrysiogenetes,Chrysiogenales,Chrysiogenaceae,Desulfurispira,Desulfurispira natronophila,0,0,2,0,0,0,0,0,0,1,0,2,0,1,1,0,0,2,0
GCF_014203125.1,Bacteria,Pseudomonadota,Alphaproteobacteria,Rhizobiales,Xanthobacteraceae,Rhodopseudomonas,Rhodopseudomonas rhenobacensis,0,0,0,2,2,0,0,0,0,2,0,3,1,2,3,0,0,1,0
GCF_014205765.1,Bacteria,Pseudomonadota,Alphaproteobacteria,Azospirillales,Azospirillaceae,Nitrospirillum,Nitrospirillum iridis,0,0,0,2,1,0,0,0,0,2,0,2,0,3,4,0,0,1,0
GCF_014207095.1,Bacteria,Pseudomonadota,Alphaproteobacteria,Rhizobiales,Rhizobiaceae,Rhizobium,Rhizobium lusitanum_B,0,0,0,1,0,0,0,0,0,2,0,1,1,2,4,0,0,1,0
GCF_014207355.1,Bacteria,Pseudomonadota,Alphaproteobacteria,Rhizobiales,Rhizobiaceae,Mesorhizobium,Mesorhizobium sangaii,0,0,0,2,0,0,0,0,0,2,0,0,1,3,4,0,0,1,0
GCF_014207565.1,Bacteria,Spirochaetota,Spirochaetia,Spirochaetales_E,Spirochaetaceae_B,Spirochaeta_F,Spirochaeta_F isovalerica,0,0,0,0,0,0,0,0,0,1,0,4,0,0,0,0,1,0,0
GCF_014207635.1,Bacteria,Pseudomonadota,Alphaproteobacteria,Acetobacterales,Acetobacteraceae,Acetobacter,Acetobacter lovaniensis,0,0,0,3,0,0,0,0,0,2,0,2,0,4,3,1,0,1,0
GCF_014211975.1,Bacteria,Pseudomonadota,Gammaproteobacteria,Pseudomonadales,Cellvibrionaceae,Teredinibacter,Teredinibacter haidensis,0,0,0,1,0,0,0,0,0,2,0,0,0,5,3,0,0,2,0
GCF_014218275.1,Bacteria,Desulfobacterota_F,Desulfuromonadia,Geobacterales,Geobacteraceae,Geomonas,Geomonas pelophila,0,0,0,0,0,0,0,0,0,1,0,3,0,3,3,0,0,1,0
GCF_014218335.1,Bacteria,Bacillota_A,Clostridia,Lachnospirales,Lachnospiraceae,Anaerocolumna,Anaerocolumna cellulosilytica,0,0,0,0,0,0,0,0,0,1,0,3,0,0,0,0,0,2,0
GCF_014218355.1,Bacteria,Bacillota_A,Clostridia,Lachnospirales,Lachnospiraceae,Anaerocolumna,Anaerocolumna chitinilytica,0,0,0,0,0,0,0,0,0,1,0,5,0,0,0,0,0,1,0
GCF_014222285.1,Bacteria,Cyanobacteriota,Cyanobacteriia,Cyanobacteriales,Nostocaceae,Nostoc,Nostoc sp014222285,0,0,0,1,1,0,0,0,0,2,0,1,0,1,1,0,0,1,0
GCF_014230085.1,Bacteria,Verrucomicrobiota,Verrucomicrobiae,Opitutales,KCTC-12870,Ruficoccus,Ruficoccus amylovorans,0,0,0,0,0,0,0,0,0,2,0,0,0,1,2,0,0,0,0
GCF_014284475.1,Bacteria,Bacillota_A,Clostridia,Eubacteriales,Eubacteriaceae,Acetobacterium,Acetobacterium fimetarium,0,0,0,0,0,0,0,0,0,1,0,5,0,0,0,0,0,2,0
GCF_014489115.1,Bacteria,Pseudomonadota,Gammaproteobacteria,Burkholderiales,Rhodocyclaceae,Thauera_A,Thauera_A sp014489115,0,0,0,3,1,0,0,0,0,2,0,3,0,5,3,1,0,2,0
GCF_014489415.1,Bacteria,Cyanobacteriota,Cyanobacteriia,Cyanobacteriales,Nostocaceae,Raphidiopsis,Raphidiopsis curvispora_A,0,0,0,0,1,0,0,0,0,2,0,2,0,1,1,0,0,2,0
GCF_014502795.1,Bacteria,Bacillota_B,Desulfitobacteriia,Heliobacteriales,Heliobacteriaceae,Heliobacterium,Heliobacterium chlorum,0,0,0,1,0,0,0,0,0,1,0,4,0,1,2,0,1,1,0
GCF_014596085.1,Bacteria,Pseudomonadota,Alphaproteobacteria,Azospirillales,Azospirillaceae,Azospirillum,Azospirillum tabaci,0,0,0,3,0,0,0,0,0,2,0,1,0,3,4,0,0,0,0
GCF_014596725.1,Bacteria,Pseudomonadota,Gammaproteobacteria,Enterobacterales_A,Vibrionaceae,Vibrio,Vibrio sp014596725,0,0,0,1,0,0,0,0,0,2,0,0,0,4,4,0,0,1,0
GCF_014635325.1,Bacteria,Pseudomonadota,Alphaproteobacteria,Rhizobiales,Xanthobacteraceae,Azorhizobium,Azorhizobium oxalatiphilum,0,0,0,3,0,0,0,0,0,2,0,0,1,2,4,0,0,0,0
GCF_014641945.1,Bacteria,Pseudomonadota,Gammaproteobacteria,Pseudomonadales,Nitrincolaceae,Marinobacterium,Marinobacterium zhoushanense,0,0,0,3,0,0,0,0,0,2,0,3,0,4,3,0,0,2,0
GCF_014672695.1,Bacteria,Pseudomonadota,Alphaproteobacteria,Rhodospirillales_A,UXAT02,Defluviicoccus,Defluviicoccus vanus,0,0,0,2,0,0,0,0,0,2,0,0,0,2,3,0,0,1,0
GCF_014696265.1,Bacteria,Cyanobacteriota,Cyanobacteriia,Cyanobacteriales,Phormidiaceae_A,FACHB-1375,FACHB-1375 sp014696265,0,0,0,1,1,0,0,0,0,2,0,2,1,2,1,0,1,3,0
GCF_014696315.1,Bacteria,Cyanobacteriota,Cyanobacteriia,Cyanobacteriales,Nostocaceae,Aulosira,Aulosira membranacea,0,0,0,1,1,0,0,0,0,2,0,2,0,1,2,0,0,2,0
GCF_014696435.1,Bacteria,Cyanobacteriota,Cyanobacteriia,Cyanobacteriales,Nostocaceae,Aulosira,Aulosira anomala_A,0,0,0,1,1,0,0,0,0,2,0,0,0,1,1,0,0,3,0
GCF_014696625.1,Bacteria,Cyanobacteriota,Cyanobacteriia,Cyanobacteriales,Nostocaceae,Trichormus,Trichormus parmelioides,0,0,0,1,1,0,0,0,0,2,0,2,0,1,2,0,0,2,0
GCF_014696825.1,Bacteria,Cyanobacteriota,Cyanobacteriia,Cyanobacteriales,Nostocaceae,RDYJ01,RDYJ01 sp014696825,0,0,0,1,1,0,0,0,0,2,0,2,0,1,2,0,1,2,0
GCF_014697075.1,Bacteria,Cyanobacteriota,Cyanobacteriia,Cyanobacteriales,Nostocaceae,Aulosira,Aulosira sp014697075,0,0,0,1,1,0,0,0,0,2,0,1,0,1,2,0,0,3,0
GCF_014697105.1,Bacteria,Cyanobacteriota,Cyanobacteriia,Cyanobacteriales,Nostocaceae,Trichormus,Trichormus subtropicus,0,0,0,1,1,0,0,0,0,2,0,2,0,1,2,0,0,2,0
GCF_014697375.1,Bacteria,Cyanobacteriota,Cyanobacteriia,Phormidesmiales,Phormidesmiaceae,Nodosilinea,Nodosilinea sp014697375,0,0,0,2,1,0,0,0,0,2,0,1,1,1,1,0,0,3,0
GCF_014697425.1,Bacteria,Cyanobacteriota,Cyanobacteriia,Cyanobacteriales,Nostocaceae,FACHB-152,FACHB-152 sp014697425,0,0,0,1,1,0,0,0,0,2,0,1,0,1,1,0,1,2,0
GCF_014698065.1,Bacteria,Cyanobacteriota,Cyanobacteriia,Cyanobacteriales,Nostocaceae,Nostoc,Nostoc flagelliforme_B,0,0,1,1,1,0,0,0,0,2,0,1,0,1,1,0,0,2,0
GCF_014698145.1,Bacteria,Cyanobacteriota,Cyanobacteriia,Cyanobacteriales,Spirulinaceae,FACHB-1406,FACHB-1406 sp014698145,0,0,0,1,1,0,0,0,0,2,0,0,0,1,1,0,0,1,0
GCF_014698735.1,Bacteria,Cyanobacteriota,Cyanobacteriia,Cyanobacteriales,Nostocaceae,Anabaena,Anabaena variabilis_A,0,0,0,1,1,0,0,0,0,2,0,2,0,1,1,0,0,1,0
GCF_014698795.1,Bacteria,Cyanobacteriota,Cyanobacteriia,Cyanobacteriales,Nostocaceae,Nostoc,Nostoc sp014698795,0,0,1,1,1,0,0,0,0,2,0,0,0,1,1,0,0,2,0
GCF_014698825.1,Bacteria,Cyanobacteriota,Cyanobacteriia,Cyanobacteriales,Nostocaceae,FACHB-800,FACHB-800 sp014698825,0,0,0,2,1,0,0,0,0,2,0,1,0,1,2,0,0,3,0
GCF_014698835.1,Bacteria,Cyanobacteriota,Cyanobacteriia,Cyanobacteriales,Nostocaceae,Nostoc,Nostoc paludosum,0,0,0,1,1,0,0,0,0,2,0,2,0,1,2,0,0,2,0
GCF_014701235.1,Bacteria,Nitrospirota,Thermodesulfovibrionia,Thermodesulfovibrionales,Dissulfurispiraceae,Dissulfurispira,Dissulfurispira thermophila,0,0,2,0,0,0,0,0,0,1,0,2,0,3,1,0,0,3,0
GCF_014736495.1,Bacteria,Pseudomonadota,Gammaproteobacteria,Burkholderiales,Rhodocyclaceae,Dactylopiibacterium,Dactylopiibacterium carminicum,0,0,0,1,0,0,0,0,0,1,0,0,0,3,2,0,0,0,0
GCF_014773365.1,Bacteria,Desulfobacterota_F,Desulfuromonadia,Desulfuromonadales,Geopsychrobacteraceae,Pelovirga,Pelovirga terrestris,0,0,2,0,0,0,0,0,0,1,0,0,0,1,2,0,0,2,0
GCF_014773395.1,Bacteria,Pseudomonadota,Gammaproteobacteria,Enterobacterales_A,Neiellaceae,Neiella,Neiella sp014773395,0,0,0,0,0,0,0,0,0,2,0,0,0,4,3,0,0,0,0
GCF_014831675.1,Bacteria,Cyanobacteriota,Cyanobacteriia,Cyanobacteriales,Nostocaceae,Komarekiella,Komarekiella sp014831675,0,0,0,1,1,0,0,0,0,2,0,1,0,1,2,0,0,1,0
GCF_014836335.1,Bacteria,Bacillota_A,Clostridia,Clostridiales,Clostridiaceae,Clostridium,Clostridium cibarium,0,0,0,1,0,0,0,0,0,1,0,3,0,0,0,0,0,2,0
GCF_014842915.1,Bacteria,Pseudomonadota,Alphaproteobacteria,Rhizobiales,Stappiaceae,Roseibium,Roseibium litorale,0,0,0,2,1,0,0,0,0,2,0,0,0,2,4,0,0,2,0
GCF_014843825.1,Bacteria,Pseudomonadota,Alphaproteobacteria,Rhizobiales,Rhizobiaceae,Mesorhizobium,Mesorhizobium silamurunense,0,0,0,2,0,0,0,0,0,2,0,1,1,3,3,0,0,1,0
GCF_014843845.1,Bacteria,Pseudomonadota,Alphaproteobacteria,Rhizobiales,Rhizobiaceae,Mesorhizobium,Mesorhizobium amorphae_A,0,0,0,2,0,0,0,0,0,1,0,1,1,2,4,0,0,2,0
GCF_014844135.1,Bacteria,Campylobacterota,Campylobacteria,Campylobacterales,Arcobacteraceae,UBA6211,UBA6211 sp014844135,0,0,0,0,1,0,0,0,0,1,0,2,0,1,2,1,0,2,0
GCF_014850955.1,Bacteria,Pseudomonadota,Gammaproteobacteria,Methylococcales,Methylomonadaceae,Methylomonas,Methylomonas albis,0,0,0,4,0,0,0,0,0,2,0,2,0,3,2,0,0,2,0
GCF_014904695.1,Bacteria,Cyanobacteriota,Cyanobacteriia,Cyanobacteriales,Nostocaceae,Komarekiella,Komarekiella sp014904695,0,0,0,1,1,0,0,0,0,2,0,2,0,1,2,0,0,2,0
GCF_014905095.1,Bacteria,Campylobacterota,Campylobacteria,Campylobacterales,Sulfurimonadaceae,Sulfurimonas,Sulfurimonas sp014905095,0,0,0,0,1,0,0,0,0,2,0,1,0,1,2,0,0,2,0
GCF_015206815.1,Bacteria,Cyanobacteriota,Cyanobacteriia,Cyanobacteriales,Nostocaceae,LEGE-XX443,LEGE-XX443 sp015206815,0,0,0,1,1,0,0,0,0,2,0,2,0,1,2,0,0,2,0
GCF_015206895.1,Bacteria,Cyanobacteriota,Cyanobacteriia,Cyanobacteriales,Nostocaceae,Nostoc,Nostoc sp015206895,0,0,0,1,1,0,0,0,0,2,0,1,0,1,1,0,0,2,0
GCF_015206995.1,Bacteria,Cyanobacteriota,Cyanobacteriia,Cyanobacteriales,Nostocaceae,Komarekiella,Komarekiella sp015206995,0,0,0,1,1,0,0,0,0,2,0,1,0,1,1,0,0,1,0
GCF_015207105.1,Bacteria,Cyanobacteriota,Cyanobacteriia,Phormidesmiales,Phormidesmiaceae,Phormidesmis,Phormidesmis sp015207105,0,0,0,1,1,0,0,0,0,2,0,0,1,1,1,0,0,1,0
GCF_015207605.1,Bacteria,Cyanobacteriota,Cyanobacteriia,Elainellales,Elainellaceae,Oculatella,Oculatella sp015207605,0,0,0,1,1,0,0,0,0,2,0,0,1,1,1,0,0,3,0
GCF_015207655.1,Bacteria,Cyanobacteriota,Cyanobacteriia,Cyanobacteriales,Chroococcidiopsidaceae,Gloeocapsopsis,Gloeocapsopsis crepidinum,0,0,0,1,1,0,0,0,0,2,0,0,1,2,2,0,1,2,0
GCF_015207705.1,Bacteria,Cyanobacteriota,Cyanobacteriia,Cyanobacteriales,Nostocaceae,Anabaenopsis,Anabaenopsis sp015207705,0,0,0,1,1,0,0,0,0,2,0,2,0,1,1,0,0,2,0
GCF_015207735.1,Bacteria,Cyanobacteriota,Cyanobacteriia,Cyanobacteriales,Phormidiaceae_A,Phormidium_B,Phormidium_B sp015207735,0,0,0,2,1,0,0,0,0,2,0,2,1,1,1,0,0,2,0
GCF_015265455.1,Bacteria,Campylobacterota,Campylobacteria,Campylobacterales,Sulfurimonadaceae,Sulfurimonas,Sulfurimonas baltica,0,0,0,0,1,0,0,0,0,2,0,2,0,3,1,0,0,2,0
GCF_015291645.1,Bacteria,Pseudomonadota,Alphaproteobacteria,Rhizobiales,Xanthobacteraceae,Bradyrhizobium,Bradyrhizobium sp015291645,0,0,0,3,1,1,0,0,0,2,0,3,1,4,3,0,0,3,0
GCF_015291705.1,Bacteria,Pseudomonadota,Alphaproteobacteria,Rhizobiales,Xanthobacteraceae,Bradyrhizobium,Bradyrhizobium arachidis,0,0,0,2,1,1,0,0,0,2,0,1,1,4,4,0,0,2,0
GCF_015291725.1,Bacteria,Pseudomonadota,Alphaproteobacteria,Rhizobiales,Xanthobacteraceae,Bradyrhizobium,Bradyrhizobium japonicum_D,0,0,0,3,1,1,0,0,0,2,0,2,1,5,4,0,0,3,0
GCF_015291745.1,Bacteria,Pseudomonadota,Alphaproteobacteria,Rhizobiales,Xanthobacteraceae,Bradyrhizobium,Bradyrhizobium centrosematis,0,0,0,2,1,1,0,0,0,2,0,3,1,4,3,0,0,3,0
GCF_015354335.1,Bacteria,Pseudomonadota,Gammaproteobacteria,Burkholderiales,Methylophilaceae,Methylophilus,Methylophilus sp015354335,0,0,0,2,0,0,0,0,0,1,0,0,0,2,3,0,0,1,0
GCF_015476545.1,Bacteria,Pseudomonadota,Gammaproteobacteria,Methylococcales,Methylomonadaceae,Methylobacter,Methylobacter sp015476545,0,0,0,3,0,0,0,0,0,2,0,2,0,3,3,0,0,3,0
GCF_015594625.1,Bacteria,Bacillota_B,Desulfotomaculia,Desulfotomaculales,Desulfallaceae,Desulfallas,Desulfallas sp015594625,0,0,1,0,0,0,0,0,0,2,0,3,0,0,0,0,1,4,0
GCF_015686695.1,Bacteria,Pseudomonadota,Gammaproteobacteria,Enterobacterales_A,Vibrionaceae,Vibrio,Vibrio nitrifigilis,0,0,0,1,0,0,0,0,0,2,0,1,0,1,2,0,0,0,0
GCF_015709455.1,Bacteria,Pseudomonadota,Alphaproteobacteria,Rhizobiales,Beijerinckiaceae,Methylosinus,Methylosinus sp015709455,0,0,0,4,0,0,0,0,0,2,0,2,0,1,3,0,0,1,0
GCF_015709515.1,Bacteria,Pseudomonadota,Alphaproteobacteria,Rhizobiales,Beijerinckiaceae,Methylocystis,Methylocystis sp015709515,0,0,0,3,0,0,0,0,0,2,0,2,0,1,3,0,0,2,0
GCF_015709525.1,Bacteria,Pseudomonadota,Alphaproteobacteria,Rhizobiales,Beijerinckiaceae,Methylocystis,Methylocystis sp015709525,0,0,0,3,0,0,0,0,0,2,0,2,0,1,3,0,0,2,0
GCF_015714725.1,Bacteria,Cyanobacteriota,Cyanobacteriia,Cyanobacteriales,Nostocaceae,Nostoc,Nostoc sp015714725,0,0,0,1,1,0,0,0,0,2,0,1,0,1,1,0,0,2,0
GCF_015731765.1,Bacteria,Desulfobacterota,Desulfovibrionia,Desulfovibrionales,Desulfovibrionaceae,Cupidesulfovibrio,Cupidesulfovibrio oxamicus,0,0,0,0,0,0,0,0,0,2,0,2,0,3,2,0,0,2,0
GCF_015732155.1,Bacteria,Bacillota_C,Negativicutes,Selenomonadales,Selenomonadaceae,Pectinatus,Pectinatus sottacetonis,0,0,0,0,0,0,0,0,0,0,0,1,0,0,1,0,0,2,0
GCF_015732185.1,Bacteria,Bacillota_C,Negativicutes,Selenomonadales,Selenomonadaceae,Pectinatus,Pectinatus haikarae,0,0,0,0,0,0,0,0,0,0,0,2,0,1,1,0,1,1,0
GCF_015732285.1,Bacteria,Bacillota_C,Negativicutes,Selenomonadales,Selenomonadaceae,Pectinatus,Pectinatus frisingensis,0,0,0,0,0,0,0,0,0,0,0,2,0,1,1,0,0,2,0
GCF_015762685.1,Bacteria,Pseudomonadota,Gammaproteobacteria,Enterobacterales,Enterobacteriaceae,Symbiopectobacterium,Symbiopectobacterium sp015762685,0,0,0,1,0,0,0,0,0,1,0,2,0,2,2,0,1,0,0
GCF_015767275.1,Bacteria,Pseudomonadota,Gammaproteobacteria,Burkholderiales,Burkholderiaceae,Herbaspirillum,Herbaspirillum sp013426985,0,0,0,1,0,0,0,0,0,2,0,0,0,5,4,1,0,1,0
GCF_015999265.1,Bacteria,Bacillota_A,Clostridia,Lachnospirales,Lachnospiraceae,Mobilitalea,Mobilitalea sibirica,0,0,0,0,0,0,0,0,0,1,0,3,0,0,0,0,0,1,0
GCF_016031625.1,Bacteria,Pseudomonadota,Alphaproteobacteria,Rhizobiales,Xanthobacteraceae,Bradyrhizobium,Bradyrhizobium agreste,0,0,0,2,1,1,0,0,0,2,0,1,1,3,3,0,0,2,0
GCF_016031655.1,Bacteria,Pseudomonadota,Alphaproteobacteria,Rhizobiales,Xanthobacteraceae,Bradyrhizobium,Bradyrhizobium glycinis,0,0,0,2,1,1,0,0,0,2,0,1,1,3,3,0,0,2,0
GCF_016056295.1,Bacteria,Cyanobacteriota,Cyanobacteriia,Cyanobacteriales,Nostocaceae,Atlanticothrix,Atlanticothrix silvestris,0,0,0,1,1,0,0,0,0,2,0,2,0,1,2,0,0,1,0
GCF_016056305.1,Bacteria,Cyanobacteriota,Cyanobacteriia,Cyanobacteriales,Nostocaceae,Amazonocrinis,Amazonocrinis nigriterrae,0,0,0,1,1,0,0,0,0,2,0,2,0,1,2,0,1,2,0
GCF_016106025.1,Bacteria,Pseudomonadota,Gammaproteobacteria,Methylococcales,Methylococcaceae,Methylococcus,Methylococcus sp016106025,0,0,0,4,1,0,0,0,0,2,0,2,0,2,2,0,0,3,0
GCF_016458235.1,Bacteria,Desulfobacterota_F,Desulfuromonadia,Geobacterales,Geobacteraceae,Geomonas,Geomonas propionica,0,0,0,0,0,0,0,0,0,1,0,2,0,4,3,0,0,1,0
GCF_016458275.1,Bacteria,Desulfobacterota_F,Desulfuromonadia,Geobacterales,Geobacteraceae,Geomesophilobacter,Geomesophilobacter sediminis,0,0,0,0,0,0,0,0,0,2,0,3,0,4,3,1,0,1,0
GCF_016583565.1,Bacteria,Pseudomonadota,Gammaproteobacteria,Chromatiales,Chromatiaceae,Thiorhodococcus,Thiorhodococcus violaceus_A,0,0,1,1,2,0,0,0,0,2,0,4,0,5,2,0,0,5,0
GCF_016583785.1,Bacteria,Pseudomonadota,Gammaproteobacteria,Burkholderiales,Burkholderiaceae_B,Rubrivivax,Rubrivivax gelatinosus_B,0,0,0,2,1,0,0,0,0,2,0,2,0,3,3,1,0,1,0
GCF_016583795.1,Bacteria,Pseudomonadota,Gammaproteobacteria,Chromatiales,Chromatiaceae,Rhabdochromatium,Rhabdochromatium marinum,0,0,0,1,2,0,0,0,0,2,0,2,0,3,2,1,0,4,0
GCF_016583835.1,Bacteria,Pseudomonadota,Gammaproteobacteria,Chromatiales,Chromatiaceae,Thiococcus,Thiococcus pfennigii,0,0,0,0,2,0,0,0,0,2,0,3,0,2,2,0,0,5,0
GCF_016583985.1,Bacteria,Pseudomonadota,Gammaproteobacteria,Chromatiales,Chromatiaceae,Thiocapsa,Thiocapsa imhoffii,0,0,2,0,1,0,0,0,0,2,0,2,0,3,2,0,0,5,0
GCF_016584055.1,Bacteria,Pseudomonadota,Gammaproteobacteria,Nitrococcales,Halorhodospiraceae,Halorhodospira,Halorhodospira neutriphila,0,0,0,0,1,0,0,0,0,2,0,0,0,1,1,0,0,3,0
GCF_016584105.1,Bacteria,Pseudomonadota,Gammaproteobacteria,Ectothiorhodospirales,Ectothiorhodospiraceae,Ectothiorhodospira,Ectothiorhodospira shaposhnikovii,0,0,2,0,1,0,0,0,0,2,0,2,0,1,2,0,0,2,0
GCF_016591715.1,Bacteria,Pseudomonadota,Alphaproteobacteria,Rhizobiales,Rhizobiaceae,Mesorhizobium,Mesorhizobium sp016591715,0,0,0,2,0,0,0,0,0,2,0,1,1,3,3,0,0,2,0
GCF_016599855.1,Bacteria,Pseudomonadota,Alphaproteobacteria,Rhizobiales,Xanthobacteraceae,Bradyrhizobium,Bradyrhizobium diazoefficiens_D,0,0,0,3,1,1,0,0,0,2,0,0,1,1,3,0,0,2,0
GCF_016612535.1,Bacteria,Pseudomonadota,Alphaproteobacteria,Rhizobiales,Xanthobacteraceae,Bradyrhizobium,Bradyrhizobium diazoefficiens_C,0,0,0,3,1,1,0,0,0,2,0,1,1,4,4,0,0,3,0
GCF_016616425.1,Bacteria,Pseudomonadota,Alphaproteobacteria,Rhizobiales,Xanthobacteraceae,Bradyrhizobium,Bradyrhizobium diazoefficiens_E,0,0,0,3,1,1,0,0,0,2,0,0,1,3,3,0,0,3,0
GCF_016616885.1,Bacteria,Pseudomonadota,Alphaproteobacteria,Rhizobiales,Xanthobacteraceae,Bradyrhizobium,Bradyrhizobium diazoefficiens_F,0,0,0,3,1,1,0,0,0,2,0,1,1,2,4,0,0,2,0
GCF_016653295.1,Bacteria,Pseudomonadota,Gammaproteobacteria,Chromatiales,Chromatiaceae,Halochromatium,Halochromatium salexigens,0,0,0,0,2,0,0,0,0,2,0,2,0,3,2,0,0,5,0
GCF_016653315.1,Bacteria,Pseudomonadota,Gammaproteobacteria,Chromatiales,Chromatiaceae,Halochromatium,Halochromatium roseum,0,0,0,1,1,0,0,0,0,2,0,2,0,3,2,0,0,6,0
GCF_016653355.1,Bacteria,Pseudomonadota,Alphaproteobacteria,Rhizobiales,Xanthobacteraceae,Rhodoplanes,Rhodoplanes elegans,0,0,1,1,1,1,0,0,0,2,0,3,0,4,3,1,1,1,0
GCF_016653405.1,Bacteria,Pseudomonadota,Gammaproteobacteria,Nitrococcales,Halorhodospiraceae,Halorhodospira,Halorhodospira halophila_A,0,0,0,0,1,0,0,0,0,2,0,0,0,2,1,0,0,2,0
GCF_016735695.1,Bacteria,Pseudomonadota,Alphaproteobacteria,Rhizobiales,Beijerinckiaceae,Microvirga,Microvirga zambiensis,0,0,0,2,0,0,0,0,0,2,0,0,0,3,4,0,0,1,0
GCF_016745395.1,Bacteria,Pseudomonadota,Alphaproteobacteria,Rhizobiales,Beijerinckiaceae,Methylocystis,Methylocystis sp016745395,0,0,0,4,0,0,0,0,0,2,0,3,0,2,3,0,0,2,0
GCF_016756495.1,Bacteria,Pseudomonadota,Alphaproteobacteria,Rhizobiales,Rhizobiaceae,Mesorhizobium,Mesorhizobium sp016756495,0,0,0,2,0,0,0,0,0,2,0,0,1,3,4,0,0,2,0
GCF_016756615.1,Bacteria,Pseudomonadota,Alphaproteobacteria,Rhizobiales,Rhizobiaceae,DUSC01,DUSC01 sp016756615,0,0,0,4,0,0,0,0,0,2,0,0,1,3,3,0,0,2,0
GCF_016765615.1,Bacteria,Bacillota_A,Clostridia,Clostridiales,Clostridiaceae,Clostridium_T,Clostridium_T sp016765615,0,0,0,0,0,0,0,0,0,1,0,3,0,1,0,1,0,2,0
GCF_016772315.1,Bacteria,Pseudomonadota,Gammaproteobacteria,Thiotrichales,Thiotrichaceae,Thiothrix,Thiothrix subterranea,0,0,1,1,2,0,0,0,0,2,0,1,0,3,3,1,0,6,0
GCF_016807805.1,Bacteria,Pseudomonadota,Alphaproteobacteria,Rhizobiales,Xanthobacteraceae,Xanthobacter,Xanthobacter dioxanivorans,0,0,0,3,1,0,0,0,0,2,0,2,1,2,3,0,0,2,0
GCF_016836705.1,Bacteria,Pseudomonadota,Alphaproteobacteria,Rhizobiales,Rhizobiaceae,Mesorhizobium,Mesorhizobium caraganae,0,0,0,2,0,0,0,0,0,2,0,1,1,2,3,0,0,1,0
GCF_016865525.2,Bacteria,Pseudomonadota,Gammaproteobacteria,Enterobacterales,Enterobacteriaceae,Acerihabitans,Acerihabitans ligni,0,0,0,1,0,0,0,0,0,2,0,2,1,3,2,1,0,0,0
GCF_016900875.1,Bacteria,Pseudomonadota,Gammaproteobacteria,Enterobacterales_A,Vibrionaceae,Vibrio,Vibrio ulleungensis,0,0,0,2,0,0,0,0,0,2,0,0,0,4,3,0,0,1,0
GCF_016908375.1,Bacteria,Bacillota,Bacilli,Bacillales_D,Amphibacillaceae,Amphibacillus_C,Amphibacillus_C cookii,0,0,0,0,0,0,0,0,0,1,0,0,0,0,0,0,0,0,0
GCF_016918505.1,Bacteria,Desulfobacterota,Desulfobulbia,Desulfobulbales,Desulfocapsaceae,Desulforhopalus,Desulforhopalus vacuolatus,0,0,0,0,0,0,0,0,0,2,0,1,0,2,1,0,0,3,0
GCF_016919065.1,Bacteria,Desulfobacterota,Desulfobulbia,Desulfobulbales,Desulfobulbaceae,Desulfobulbus,Desulfobulbus rhabdoformis,0,0,0,0,0,0,0,0,0,2,0,3,0,0,2,0,0,4,0
GCF_016924145.1,Bacteria,Pseudomonadota,Gammaproteobacteria,Pseudomonadales,Nitrincolaceae,Amphritea,Amphritea pacifica,0,0,1,3,0,0,0,0,0,2,0,2,0,3,3,0,0,2,0
GCF_016937535.1,Bacteria,Campylobacterota,Campylobacteria,Campylobacterales,UBA1877,Kmv14,Kmv14 sp016937535,0,0,2,0,0,0,0,0,0,2,0,1,0,2,2,0,0,2,0
GCF_017086365.1,Bacteria,Bacillota,Bacilli,Paenibacillales,Paenibacillaceae,Paenibacillus,Paenibacillus tianjinensis,0,0,0,0,0,1,0,0,0,1,0,1,0,2,3,1,0,1,0
GCF_017161445.1,Bacteria,Pseudomonadota,Gammaproteobacteria,Burkholderiales,Rhodocyclaceae,Niveibacterium,Niveibacterium microcysteis,0,0,0,0,0,0,0,0,0,2,0,2,0,5,2,0,0,1,0
GCF_017309075.1,Bacteria,Pseudomonadota,Gammaproteobacteria,Pseudomonadales,Nitrincolaceae,Motiliproteus,Motiliproteus sp017309075,0,0,0,2,0,0,0,0,0,2,0,2,0,4,2,0,0,1,0
GCF_017310545.1,Bacteria,Verrucomicrobiota,Verrucomicrobiae,Methylacidiphilales,Methylacidiphilaceae,Methylacidimicrobium,Methylacidimicrobium sp017310545,0,0,0,2,2,1,0,0,0,2,0,1,0,1,2,0,0,0,0
GCF_017310645.1,Bacteria,Bacillota_B,Desulfitobacteriia,Desulfitobacteriales,Desulfitobacteriaceae,Paradesulfitobacterium,Paradesulfitobacterium ferrireducens,0,0,1,0,0,0,0,0,0,2,0,4,0,2,1,0,1,3,0
GCF_017347585.1,Bacteria,Bacillota_A,Thermoanaerobacteria,Caldicellulosiruptorales,Caldicellulosiruptoraceae,Caldicellulosiruptor,Caldicellulosiruptor diazotrophicus,0,0,0,0,0,0,0,0,0,1,0,3,0,0,0,0,0,0,1
GCF_017352135.1,Bacteria,Pseudomonadota,Alphaproteobacteria,Rhizobiales,Rhizobiaceae,Rhizobium,Rhizobium lentis,0,0,0,1,0,0,0,0,0,2,0,0,1,2,4,0,0,1,0
GCF_017354945.1,Bacteria,Pseudomonadota,Gammaproteobacteria,Enterobacterales_A,Shewanellaceae,Shewanella,Shewanella avicenniae,0,0,1,1,0,0,0,0,0,2,0,1,0,3,3,0,0,1,0
GCF_017357225.1,Bacteria,Pseudomonadota,Alphaproteobacteria,Rhizobiales,Rhizobiaceae,Rhizobium,Rhizobium binae,0,0,0,1,0,0,0,0,0,2,0,0,1,2,4,0,0,2,0
GCF_017357245.1,Bacteria,Pseudomonadota,Alphaproteobacteria,Rhizobiales,Rhizobiaceae,Rhizobium,Rhizobium bangladeshense,0,0,0,1,0,0,0,0,0,2,0,0,1,2,3,0,0,1,0
GCF_017357385.1,Bacteria,Pseudomonadota,Alphaproteobacteria,Rhizobiales,Rhizobiaceae,Rhizobium,Rhizobium sp017357385,0,0,0,1,0,0,0,0,0,2,0,0,1,3,4,0,0,1,0
GCF_017377355.1,Bacteria,Desulfobacterota,Desulfobacteria,Desulfobacterales,Desulfococcaceae,Desulfonema,Desulfonema limicola,0,0,1,0,0,0,0,0,0,2,0,2,0,2,1,0,0,3,0
GCF_017488845.2,Bacteria,Pseudomonadota,Alphaproteobacteria,Rhizobiales,Rhizobiaceae,Ensifer,Ensifer adhaerens_A,0,0,0,1,0,0,0,0,0,2,0,0,1,5,4,0,0,1,0
GCF_017569925.1,Bacteria,Pseudomonadota,Gammaproteobacteria,Enterobacterales,Enterobacteriaceae,Brenneria,Brenneria izadpanahii,0,0,0,1,0,0,0,0,0,2,0,2,0,2,2,0,0,0,0
GCF_017591665.1,Bacteria,Cyanobacteriota,Cyanobacteriia,Cyanobacteriales,Nostocaceae,Aetokthonos,Aetokthonos hydrillicola,0,0,0,2,1,0,0,0,0,2,0,2,0,0,2,0,0,3,0
GCF_017742835.1,Bacteria,Pseudomonadota,Alphaproteobacteria,Rhizobiales,Xanthobacteraceae,L1I39,L1I39 sp017742835,0,0,0,1,0,0,0,0,0,2,0,2,1,2,4,0,0,1,0
GCF_017814975.1,Bacteria,Pseudomonadota,Gammaproteobacteria,Burkholderiales,Burkholderiaceae,Cupriavidus,Cupriavidus sp017814975,0,0,0,4,0,0,0,0,0,2,0,0,0,5,4,0,0,2,0
GCF_017873415.1,Archaea,Halobacteriota,Methanosarcinia,Methanosarcinales,Methanosarcinaceae,Methanolobus,Methanolobus bombayensis,0,0,0,2,0,0,0,0,0,2,0,0,0,3,0,0,0,1,0
GCF_017873625.1,Archaea,Methanobacteriota,Methanobacteria,Methanobacteriales,Methanobacteriaceae,Methanobacterium,Methanobacterium petrolearium,0,0,0,2,0,0,0,0,0,2,0,3,0,1,0,0,0,0,0
GCF_017873855.1,Archaea,Halobacteriota,Methanomicrobia,Methanomicrobiales,Methanoregulaceae,Methanolinea_B,Methanolinea_B mesophila,0,0,0,2,0,0,0,0,0,2,0,2,0,1,1,0,0,0,0
GCF_017874455.1,Archaea,Methanobacteriota,Methanobacteria,Methanobacteriales,Methanobacteriaceae,Methanobacterium_C,Methanobacterium_C aggregans,0,0,0,2,0,0,0,0,0,2,0,2,0,0,0,0,0,0,0
GCF_017874545.1,Bacteria,Bacillota_A,Thermoanaerobacteria,Thermoanaerobacterales,Thermoanaerobacteraceae,Thermoanaerobacterium,Thermoanaerobacterium butyriciformans,0,0,0,0,0,0,0,0,0,1,0,5,0,0,0,0,0,2,0
GCF_017874595.1,Bacteria,Pseudomonadota,Alphaproteobacteria,Rhizobiales,Rhizobiaceae,Sinorhizobium,Sinorhizobium kostiense,0,0,0,3,1,0,0,0,0,2,0,1,1,5,3,0,0,1,0
GCF_017875275.1,Bacteria,Pseudomonadota,Alphaproteobacteria,Rhizobiales,Xanthobacteraceae,Xanthobacter,Xanthobacter flavus,0,0,1,2,1,0,0,0,0,2,0,2,1,2,3,0,0,2,0
GCF_017875315.1,Archaea,Halobacteriota,Methanomicrobia,Methanomicrobiales,Methanomicrobiaceae,Methanomicrobium,Methanomicrobium sp017875315,0,0,0,2,0,0,0,0,0,2,0,4,0,0,0,0,0,1,0
GCF_017876115.1,Bacteria,Pseudomonadota,Alphaproteobacteria,Azospirillales,Azospirillaceae,Azospirillum,Azospirillum picis,0,0,0,3,0,0,0,0,0,2,0,3,0,5,4,0,0,0,0
GCF_017876165.1,Bacteria,Pseudomonadota,Alphaproteobacteria,Azospirillales,Azospirillaceae,Azospirillum,Azospirillum soli,0,0,1,3,0,0,0,0,0,2,0,1,0,5,4,0,0,1,0
GCF_017876795.1,Bacteria,Pseudomonadota,Alphaproteobacteria,Rhizobiales,Rhizobiaceae,Rhizobium,Rhizobium leguminosarum_P,0,0,0,1,0,0,0,0,0,2,0,1,1,5,4,0,0,1,0
GCF_017876815.1,Bacteria,Pseudomonadota,Alphaproteobacteria,Rhizobiales,Rhizobiaceae,Sinorhizobium,Sinorhizobium meliloti,0,0,0,3,1,0,0,0,0,2,0,0,1,3,4,0,0,1,0
GCF_017901175.1,Bacteria,Pseudomonadota,Gammaproteobacteria,Thiotrichales,Thiotrichaceae,Thiothrix,Thiothrix unzii,0,0,1,1,2,0,0,0,0,2,0,2,0,4,2,1,0,5,0
GCF_017912535.1,Bacteria,Pseudomonadota,Gammaproteobacteria,Pseudomonadales,Nitrincolaceae,Motiliproteus,Motiliproteus sediminis,0,0,0,2,0,0,0,0,0,2,0,3,0,3,2,0,0,0,0
GCF_017982655.1,Bacteria,Cyanobacteriota,Cyanobacteriia,Cyanobacteriales,Nostocaceae,Brasilonema,Brasilonema sp017982655,0,0,0,1,1,0,0,0,0,2,0,1,0,1,2,0,0,2,0
GCF_018069875.1,Bacteria,Pseudomonadota,Gammaproteobacteria,Burkholderiales,Burkholderiaceae_B,Ideonella,Ideonella sp018069875,0,0,0,4,2,0,0,0,0,2,0,3,0,5,3,0,0,3,0
GCF_018122735.1,Bacteria,Pseudomonadota,Gammaproteobacteria,Burkholderiales,Rhodocyclaceae,Azoarcus_C,Azoarcus_C sp018122735,0,0,0,4,1,0,0,0,0,2,0,3,0,5,3,0,0,3,0
GCF_018129405.1,Bacteria,Pseudomonadota,Alphaproteobacteria,Rhizobiales,Xanthobacteraceae,Bradyrhizobium,Bradyrhizobium iriomotense_B,0,0,0,2,1,1,0,0,0,2,0,2,1,4,4,0,0,2,0
GCF_018130385.1,Bacteria,Pseudomonadota,Alphaproteobacteria,Rhizobiales,Xanthobacteraceae,Bradyrhizobium,Bradyrhizobium sp018130385,0,0,1,2,1,1,0,0,0,2,0,2,1,4,3,0,0,3,0
GCF_018130765.1,Bacteria,Pseudomonadota,Alphaproteobacteria,Rhizobiales,Xanthobacteraceae,Bradyrhizobium,Bradyrhizobium iriomotense_A,0,0,0,2,1,1,0,0,0,2,0,2,1,5,4,0,0,2,0
GCF_018141185.1,Archaea,Methanobacteriota,Methanobacteria,Methanobacteriales,Methanobacteriaceae,UBA588,UBA588 sp002509085,0,0,0,2,0,0,0,0,0,1,0,2,0,0,0,0,0,0,0
GCF_018141405.1,Bacteria,Bacillota_A,Clostridia,Peptostreptococcales,Natronincolaceae,Serpentinicella,Serpentinicella alkaliphila,0,0,0,0,0,0,0,0,0,1,0,4,0,1,0,0,0,1,0
GCF_018223745.1,Bacteria,Bacillota_A,Clostridia,Clostridiales,Clostridiaceae,Clostridium,Clostridium beijerinckii,0,0,0,0,0,0,0,0,0,1,0,3,0,0,0,0,1,2,0
GCF_018324385.1,Bacteria,Pseudomonadota,Gammaproteobacteria,Burkholderiales,Gallionellaceae,Gallionella,Gallionella kumadai,0,0,0,0,1,0,0,0,0,2,0,1,0,0,1,0,0,1,0
GCF_018390735.1,Bacteria,Bacillota_A,Clostridia,Peptostreptococcales,Acidaminobacteraceae,Fusibacter,Fusibacter paucivorans,0,0,0,0,0,0,0,0,0,1,0,6,0,0,0,0,0,1,0
GCF_018394335.1,Bacteria,Pseudomonadota,Gammaproteobacteria,Enterobacterales_A,Shewanellaceae,Shewanella,Shewanella dokdonensis,0,0,0,1,0,0,0,0,0,2,0,2,0,3,3,0,0,2,0
GCF_018398875.1,Bacteria,Pseudomonadota,Alphaproteobacteria,Rhizobiales,Xanthobacteraceae,Bradyrhizobium,Bradyrhizobium sp018398875,0,0,0,3,1,1,0,0,0,2,0,1,1,2,3,0,0,2,0
GCF_018398895.1,Bacteria,Pseudomonadota,Alphaproteobacteria,Rhizobiales,Xanthobacteraceae,Bradyrhizobium,Bradyrhizobium sp018398895,0,0,0,2,1,1,0,0,0,2,0,1,1,2,3,0,0,2,0
GCF_018417475.1,Bacteria,Pseudomonadota,Alphaproteobacteria,Sphingomonadales,Sphingomonadaceae,Novosphingobium,Novosphingobium decolorationis,0,0,0,3,0,0,0,0,0,2,0,2,0,0,4,0,0,1,0
GCF_018491765.1,Bacteria,Pseudomonadota,Alphaproteobacteria,Sphingomonadales,Sphingomonadaceae,Novosphingobium,Novosphingobium profundi,0,0,0,3,0,0,0,0,0,2,0,0,0,2,4,0,0,1,0
GCF_018501225.1,Bacteria,Desulfobacterota_F,Desulfuromonadia,Geobacterales,Geobacteraceae,Geobacter,Geobacter hydrogenophilus,0,0,1,0,0,0,0,0,0,1,0,4,0,3,3,1,0,1,0
GCF_018524365.1,Bacteria,Pseudomonadota,Gammaproteobacteria,Burkholderiales,Rhodocyclaceae,Nitrogeniibacter,Nitrogeniibacter sp018524365,0,0,0,2,1,0,0,0,0,2,0,3,0,6,2,1,0,2,0
GCF_018588885.1,Bacteria,Pseudomonadota,Alphaproteobacteria,Rhizobiales,Rhizobiaceae,Mesorhizobium,Mesorhizobium sp018588885,0,0,0,2,0,0,0,0,0,2,0,0,1,2,4,0,0,1,0
GCF_018619475.1,Bacteria,Pseudomonadota,Alphaproteobacteria,Rhizobiales,Rhodomicrobiaceae,Rhodomicrobium,Rhodomicrobium sp018619475,0,0,0,1,1,0,0,0,0,2,0,2,0,0,2,0,0,3,0
GCF_018777385.1,Bacteria,Pseudomonadota,Gammaproteobacteria,Enterobacterales,Enterobacteriaceae,Symbiopectobacterium,Symbiopectobacterium endolongispinus,0,0,0,1,0,0,0,0,0,2,0,1,0,2,2,0,1,0,0
GCF_018835585.1,Bacteria,Bacillota_C,Negativicutes,UMGS1260,UMGS1260,Pelorhabdus,Pelorhabdus rhamnosifermentans,0,0,0,0,0,0,0,0,0,1,0,5,0,0,0,0,1,2,0
GCF_018854775.1,Bacteria,Pseudomonadota,Gammaproteobacteria,Acidithiobacillales,Acidithiobacillaceae,Acidithiobacillus,Acidithiobacillus ferriphilus,0,0,0,2,1,0,0,0,0,2,0,0,0,2,1,0,0,4,0
GCF_018861325.1,Bacteria,Bacillota_A,Clostridia,Clostridiales,Clostridiaceae,Clostridium_AD,Clostridium_AD estertheticum_C,0,0,0,0,0,0,0,0,0,1,0,1,0,0,0,0,0,2,0
GCF_018861735.1,Bacteria,Bacillota_A,Clostridia,Clostridiales,Clostridiaceae,Clostridium_AD,Clostridium_AD lacusfryxellense,0,0,0,0,0,0,0,0,0,1,0,5,0,0,0,0,1,2,0
GCF_018919395.1,Bacteria,Desulfobacterota_F,Desulfuromonadia,Geobacterales,Geobacteraceae,Geomonas,Geomonas azotofigens,0,0,1,1,0,0,0,0,0,1,0,2,0,4,3,1,0,1,0
GCF_018966525.1,Bacteria,Bacillota,Bacilli,Paenibacillales,Paenibacillaceae,Paenibacillus,Paenibacillus sophorae,0,0,0,0,0,1,0,0,0,1,0,2,0,1,3,0,0,1,0
GCF_019063845.1,Bacteria,Desulfobacterota_F,Desulfuromonadia,Geobacterales,Geobacteraceae,Geomonas,Geomonas subterranea,0,0,0,0,0,0,0,0,0,1,0,1,0,4,3,1,0,1,0
GCF_019084545.1,Bacteria,Pseudomonadota,Gammaproteobacteria,Pseudomonadales,Nitrincolaceae,Marinobacterium,Marinobacterium ramblicola,0,0,1,3,0,0,0,0,0,1,0,3,0,5,3,0,0,2,0
GCF_019097855.1,Bacteria,Pseudomonadota,Gammaproteobacteria,Pseudomonadales,Pseudomonadaceae,Pseudomonas_K,Pseudomonas_K sp019097855,0,0,0,3,0,0,0,0,0,2,0,0,0,1,3,0,0,1,0
GCF_019160155.1,Bacteria,Pseudomonadota,Alphaproteobacteria,Rhizobiales,Ancalomicrobiaceae,Pinisolibacter,Pinisolibacter aquiterrae,0,0,1,2,1,0,0,0,0,2,0,4,0,6,3,1,0,4,0
GCF_019263745.1,Archaea,Halobacteriota,Methanomicrobia,Methanomicrobiales,Methanospirillaceae,Methanospirillum,Methanospirillum sp012729995,0,0,0,2,0,0,0,0,0,2,0,2,0,0,0,0,0,1,0
GCF_019285515.1,Bacteria,Pseudomonadota,Gammaproteobacteria,Methylococcales,Methylococcaceae,Methylococcus,Methylococcus sp019285515,0,0,0,4,1,0,0,0,0,2,0,2,0,2,2,0,0,3,0
GCF_019343105.1,Bacteria,Pseudomonadota,Alphaproteobacteria,Rhizobiales,Beijerinckiaceae,Methylovirgula,Methylovirgula sp019343105,0,0,0,3,1,0,0,0,0,2,0,2,0,3,4,0,0,4,0
GCF_019402665.1,Bacteria,Pseudomonadota,Alphaproteobacteria,Rhizobiales,Xanthobacteraceae,Bradyrhizobium,Bradyrhizobium canariense,0,0,0,2,1,1,0,0,0,2,0,1,1,4,4,0,0,2,0
GCF_019455385.1,Bacteria,Pseudomonadota,Alphaproteobacteria,Rhizobiales,Xanthobacteraceae,Bradyrhizobium,Bradyrhizobium sp019455385,0,0,0,2,1,1,0,0,0,2,0,0,1,2,4,0,0,2,0
GCF_019457915.1,Bacteria,Pseudomonadota,Gammaproteobacteria,Enterobacterales_A,Neiellaceae,Neiella,Neiella holothuriorum,0,0,0,0,0,0,0,0,0,2,0,0,0,3,3,0,0,0,0
GCF_019603315.1,Bacteria,Verrucomicrobiota,Verrucomicrobiae,Opitutales,KCTC-12870,Ruficoccus,Ruficoccus sp019603315,0,0,0,1,0,0,0,0,0,2,0,0,0,0,2,0,0,0,0
GCF_019649015.1,Bacteria,Pseudomonadota,Gammaproteobacteria,Enterobacterales_A,Celerinatantimonadaceae,Agarivorans,Agarivorans litoreus,0,0,0,1,0,0,0,0,0,2,0,0,0,4,3,0,0,0,0
GCF_019669925.1,Archaea,Methanobacteriota,Methanobacteria,Methanobacteriales,Methanobacteriaceae,Methanobrevibacter_C,Methanobrevibacter_C arboriphilus_A,0,0,0,2,0,0,0,0,0,1,0,2,0,0,0,0,0,0,0
GCF_019669985.1,Bacteria,Pseudomonadota,Gammaproteobacteria,Methylococcales,Methylococcaceae,Methylogaea,Methylogaea oryzae,0,0,0,3,1,0,0,0,0,2,0,3,0,3,2,1,0,3,0
GCF_019670105.1,Bacteria,Pseudomonadota,Gammaproteobacteria,Enterobacterales_A,Celerinatantimonadaceae,Agarivorans,Agarivorans albus,0,0,0,1,0,0,0,0,0,2,0,0,0,3,3,0,0,0,0
GCF_019679435.1,Bacteria,Verrucomicrobiota,Verrucomicrobiae,Opitutales,Opitutaceae,Synoicihabitans,Synoicihabitans sp019679435,0,0,0,0,0,0,0,0,0,2,0,0,0,2,3,0,0,1,0
GCF_019797845.1,Bacteria,Pseudomonadota,Gammaproteobacteria,Enterobacterales,Enterobacteriaceae,Symbiopectobacterium,Symbiopectobacterium purcellii,0,0,0,1,0,0,0,0,0,2,0,1,0,2,2,1,1,0,0
GCF_019891175.1,Bacteria,Cyanobacteriota,Cyanobacteriia,Leptolyngbyales,Leptolyngbyaceae,Leptothermofonsia,Leptothermofonsia sichuanensis,0,0,0,0,1,0,0,0,0,2,0,1,0,2,3,0,1,3,0
GCF_019904135.1,Bacteria,Bacillota,Bacilli,Paenibacillales,Paenibacillaceae,Paenibacillus_A,Paenibacillus_A caui,0,0,0,0,0,1,0,0,0,1,0,0,0,1,4,0,0,1,0
GCF_019972295.1,Bacteria,Desulfobacterota_F,Desulfuromonadia,Geobacterales,Pseudopelobacteraceae,Oryzomonas,Oryzomonas sp019972295,0,0,0,0,0,0,0,0,0,1,0,3,0,0,2,0,0,2,0
GCF_019976755.1,Bacteria,Cyanobacteriota,Cyanobacteriia,Cyanobacteriales,Nostocaceae,Trichormus,Trichormus sp019976755,0,0,0,1,1,0,0,0,0,2,0,2,0,1,1,0,0,2,0
GCF_019977655.1,Bacteria,Bacillota_A,Clostridia,Clostridiales,Clostridiaceae,Clostridium,Clostridium gelidum,0,0,0,0,0,0,0,0,0,1,0,4,0,0,0,0,1,2,0
GCF_020023995.1,Bacteria,Pseudomonadota,Alphaproteobacteria,Rhodobacterales,Rhodobacteraceae,Rhodobacter,Rhodobacter sp020023995,0,0,0,1,2,0,0,0,0,2,0,3,0,2,2,0,0,2,0
GCF_020144665.1,Bacteria,Cyanobacteriota,Cyanobacteriia,Cyanobacteriales,SIO1D9,IIICB1,IIICB1 sp010672865,0,0,0,1,1,0,0,0,0,2,0,1,0,2,2,0,0,3,0
GCF_020144925.1,Bacteria,Pseudomonadota,Alphaproteobacteria,Rhizobiales,Afifellaceae,Afifella,Afifella sp020144925,0,0,1,1,1,0,0,0,0,2,0,0,0,3,3,0,0,3,0
GCF_020148105.1,Archaea,Methanobacteriota,Methanobacteria,Methanobacteriales,Methanobacteriaceae,Methanobrevibacter_C,Methanobrevibacter_C sp020148105,0,0,0,2,0,0,0,0,0,1,0,2,0,0,0,0,0,0,0
GCF_020164745.1,Bacteria,Pseudomonadota,Alphaproteobacteria,Rhizobiales,Rhizobiaceae,Mesorhizobium,Mesorhizobium sp020164745,0,0,0,2,0,0,0,0,0,2,0,0,1,3,4,0,0,2,0
GCF_020171315.1,Bacteria,Pseudomonadota,Alphaproteobacteria,Rhodobacterales,Rhodobacteraceae,Pseudooceanicola,Pseudooceanicola nanhaiensis_A,0,0,0,2,0,0,0,0,0,2,0,2,0,2,4,0,0,3,0
GCF_020179605.1,Bacteria,Desulfobacterota_F,Desulfuromonadia,Geobacterales,Geobacteraceae,Geomonas,Geomonas agri,0,0,0,0,0,0,0,0,0,1,0,2,0,4,3,1,0,1,0
GCF_020193655.1,Bacteria,Pseudomonadota,Alphaproteobacteria,Rhizobiales,Rhizobiaceae,Sinorhizobium,Sinorhizobium sp020193655,0,0,0,3,1,0,0,0,0,2,0,0,1,5,3,0,0,1,0
GCF_020194955.2,Bacteria,Desulfobacterota_F,Desulfuromonadia,Desulfuromonadales,Syntrophotaleaceae,JAFCIY02,JAFCIY02 sp020194955,0,0,0,0,0,0,0,0,0,1,0,2,0,1,0,0,0,1,0
GCF_020329485.1,Bacteria,Pseudomonadota,Alphaproteobacteria,Rhizobiales,Xanthobacteraceae,Bradyrhizobium,Bradyrhizobium cenepequi,0,0,0,2,1,1,0,0,0,2,0,0,1,4,4,0,0,2,0
GCF_020387415.1,Bacteria,Pseudomonadota,Gammaproteobacteria,Burkholderiales,Burkholderiaceae_B,Ideonella,Ideonella benzenivorans,0,0,0,3,0,0,0,0,0,2,0,3,0,2,4,0,0,3,0
GCF_020404765.1,Bacteria,Bacillota,Bacilli,Paenibacillales,Paenibacillaceae,Paenibacillus,Paenibacillus sp020404765,0,0,0,0,0,1,0,0,0,1,0,1,0,2,4,1,0,2,0
GCF_020443705.1,Bacteria,Bacillota_A,Clostridia,Clostridiales,Clostridiaceae,Clostridium_AD,Clostridium_AD algoriphilum,0,0,0,0,0,0,0,0,0,1,0,3,0,0,0,0,1,2,0
GCF_020510425.1,Bacteria,Pseudomonadota,Gammaproteobacteria,Burkholderiales,Rhodocyclaceae,Azonexus,Azonexus australiensis_A,0,0,0,4,1,0,0,0,0,2,0,3,0,6,1,0,0,1,0
GCF_020510445.1,Bacteria,Pseudomonadota,Gammaproteobacteria,Burkholderiales,Burkholderiaceae_B,Hydrogenophaga,Hydrogenophaga sp001770905,0,0,0,2,1,0,0,0,0,1,0,3,0,5,3,0,0,3,0
GCF_020510525.1,Bacteria,Pseudomonadota,Gammaproteobacteria,Burkholderiales,Rhodocyclaceae,Azonexus,Azonexus australiensis_B,0,0,0,3,1,0,0,0,0,2,0,3,0,6,2,0,0,1,0
GCF_020510565.1,Bacteria,Pseudomonadota,Gammaproteobacteria,Burkholderiales,Rhodocyclaceae,Azonexus,Azonexus limneticum_B,0,0,0,3,1,0,0,0,0,2,0,3,0,6,2,0,0,1,0
GCF_020510585.1,Bacteria,Pseudomonadota,Gammaproteobacteria,Burkholderiales,Rhodocyclaceae,Azonexus,Azonexus sp018780195,0,0,0,3,1,0,0,0,0,2,0,3,0,6,2,0,0,1,0
GCF_020510685.1,Bacteria,Pseudomonadota,Gammaproteobacteria,Burkholderiales,Rhodocyclaceae,Azonexus,Azonexus denitrificans_A,0,0,0,3,1,0,0,0,0,2,0,3,0,6,2,0,0,2,0
GCF_020521235.1,Bacteria,Cyanobacteriota,Cyanobacteriia,Cyanobacteriales,Phormidiaceae_A,Microseira,Microseira wollei,0,0,0,1,1,0,0,0,0,2,0,2,0,3,2,1,0,2,0
GCF_020523985.1,Bacteria,Pseudomonadota,Gammaproteobacteria,Enterobacterales,Enterobacteriaceae,Mangrovibacter,Mangrovibacter yixingensis,0,0,0,1,0,0,0,0,0,2,0,1,0,1,2,0,0,0,0
GCF_020524485.1,Bacteria,Pseudomonadota,Alphaproteobacteria,Sphingomonadales,Sphingomonadaceae,Novosphingobium,Novosphingobium profundi_A,0,0,0,3,0,0,0,0,0,2,0,2,0,1,4,0,0,1,0
GCF_020525925.1,Bacteria,Pseudomonadota,Gammaproteobacteria,Enterobacterales,Enterobacteriaceae,Klebsiella,Klebsiella quasipneumoniae,0,0,0,1,0,0,0,0,0,2,0,1,0,3,3,1,0,0,0
GCF_020594515.1,Bacteria,Pseudomonadota,Gammaproteobacteria,Burkholderiales,Burkholderiaceae_B,Rhodoferax,Rhodoferax sp020594515,0,0,2,2,1,0,0,0,0,2,0,0,0,5,2,0,0,2,0
GCF_020595055.1,Bacteria,Bacillota_B,Desulfitobacteriia,Desulfitobacteriales,Desulfitobacteriaceae,Desulfosporosinus,Desulfosporosinus sp020595055,0,0,0,0,0,0,0,0,0,2,0,3,0,1,1,0,1,3,0
GCF_020804225.1,Archaea,Halobacteriota,Methanosarcinia,Methanosarcinales,Methanosarcinaceae,Methanosarcina,Methanosarcina sp020804225,0,0,0,2,0,0,0,0,0,1,0,1,0,1,0,0,0,0,0
GCF_020829595.1,Bacteria,Cyanobacteriota,Cyanobacteriia,Cyanobacteriales,Nostocaceae,JAIVFW01,JAIVFW01 sp020829595,0,0,0,1,1,0,0,0,0,2,0,1,0,1,2,0,1,2,0
GCF_020829625.1,Bacteria,Cyanobacteriota,Cyanobacteriia,Cyanobacteriales,Nostocaceae,Nostoc,Nostoc sp020829625,0,0,0,1,1,0,0,0,0,2,0,0,0,1,1,0,0,1,0
GCF_020829665.1,Bacteria,Cyanobacteriota,Cyanobacteriia,Cyanobacteriales,Nostocaceae,Nostoc,Nostoc sp020829665,0,0,0,1,1,0,0,0,0,2,0,1,0,1,1,0,0,1,0
GCF_020829685.1,Bacteria,Cyanobacteriota,Cyanobacteriia,Cyanobacteriales,Nostocaceae,Nostoc,Nostoc sp020829685,0,0,0,2,1,0,0,0,0,2,0,1,0,1,1,0,0,2,0
GCF_020831405.1,Bacteria,Pseudomonadota,Gammaproteobacteria,Pseudomonadales,Pseudomonadaceae,Pseudomonas_K,Pseudomonas_K sp020831405,0,0,0,4,0,0,0,0,0,2,0,0,0,2,3,0,0,1,0
GCF_020886695.1,Bacteria,Desulfobacterota,Desulfovibrionia,Desulfovibrionales,Desulfovibrionaceae,Pseudodesulfovibrio,Pseudodesulfovibrio sediminis,0,0,1,0,0,0,0,0,0,2,0,3,0,1,2,0,0,4,0
GCF_020889785.1,Bacteria,Pseudomonadota,Alphaproteobacteria,Rhizobiales,Xanthobacteraceae,Bradyrhizobium,Bradyrhizobium acaciae,0,0,0,3,1,1,0,0,0,2,0,1,1,2,4,0,0,2,0
GCF_021021555.1,Bacteria,Spirochaetota,Spirochaetia,Treponematales,Treponemataceae,Spiro-10,Spiro-10 sp016938205,0,0,0,0,0,0,0,0,0,1,0,5,0,0,0,0,0,0,0
GCF_021023085.1,Archaea,Halobacteriota,Methanocellia,Methanocellales,Methanocellaceae,PGCK01,PGCK01 sp021023085,0,0,0,2,0,0,0,0,0,1,0,2,0,0,0,0,0,1,0
GCF_021044625.1,Bacteria,Desulfobacterota_F,Desulfuromonadia,Geobacterales,Geobacteraceae,RF6,RF6 sp021044625,0,0,1,0,0,0,0,0,0,2,0,5,0,3,3,0,0,1,0
GCF_021044685.1,Bacteria,Pseudomonadota,Alphaproteobacteria,Rhizobiales,Xanthobacteraceae,Bradyrhizobium,Bradyrhizobium daqingense,0,0,0,2,1,1,0,0,0,2,0,1,1,2,4,0,0,2,0
GCF_021049305.1,Bacteria,Pseudomonadota,Gammaproteobacteria,Burkholderiales,Burkholderiaceae_B,Ideonella,Ideonella dechloratans,0,0,0,3,1,1,0,0,0,2,0,3,0,3,4,1,0,3,0
GCF_021052305.1,Bacteria,Pseudomonadota,Alphaproteobacteria,Rhizobiales,Xanthobacteraceae,Bradyrhizobium,Bradyrhizobium canariense_D,0,0,0,2,1,1,0,0,0,2,0,0,1,2,3,0,0,2,0
GCF_021088345.1,Bacteria,Pseudomonadota,Alphaproteobacteria,Rhizobiales,Xanthobacteraceae,Bradyrhizobium,Bradyrhizobium sp021088345,0,0,0,3,1,0,0,0,0,2,0,2,1,4,4,0,0,3,0
GCF_021228795.1,Bacteria,Pseudomonadota,Gammaproteobacteria,Chromatiales,Chromatiaceae,Thiocapsa,Thiocapsa bogorovii,0,0,0,1,1,0,0,0,0,2,0,3,0,5,2,0,0,5,0
GCF_021272385.1,Bacteria,Pseudomonadota,Gammaproteobacteria,Enterobacterales_A,Vibrionaceae,Vibrio,Vibrio salinus,0,0,0,1,0,0,0,0,0,1,0,0,0,0,2,0,0,1,0
GCF_021290925.1,Bacteria,Pseudomonadota,Gammaproteobacteria,Pseudomonadales,Cellvibrionaceae,Sessilibacter,Sessilibacter corallicola,0,0,0,4,0,0,0,0,0,2,0,2,0,2,3,0,0,1,0
GCF_021295395.1,Bacteria,Pseudomonadota,Alphaproteobacteria,Acetobacterales,Acetobacteraceae,Komagataeibacter,Komagataeibacter sp021295395,0,0,0,2,0,0,0,0,0,1,0,0,0,0,3,0,0,1,0
GCF_021353235.1,Bacteria,Pseudomonadota,Gammaproteobacteria,Burkholderiales,Burkholderiaceae_B,Pelomonas,Pelomonas sp021353235,0,0,0,2,1,0,0,0,0,2,0,2,0,4,4,0,0,3,0
GCF_021391675.1,Bacteria,Pseudomonadota,Alphaproteobacteria,Rhizobiales,Rhizobiaceae,Neorhizobium,Neorhizobium galegae_B,0,0,0,1,0,0,0,0,0,2,0,0,1,3,4,0,0,1,0
GCF_021401125.1,Bacteria,Pseudomonadota,Alphaproteobacteria,Rhizobiales,Xanthobacteraceae,Xanthobacter,Xanthobacter sp021401125,0,0,0,2,1,0,0,0,0,2,0,2,0,2,3,0,0,1,0
GCF_021401245.1,Bacteria,Pseudomonadota,Gammaproteobacteria,Burkholderiales,Burkholderiaceae_B,Pseudacidovorax,Pseudacidovorax sp903864295,0,0,0,2,1,0,0,0,0,2,0,2,0,2,4,0,0,1,0
GCF_021432385.1,Bacteria,Bacillota_A,Clostridia,Clostridiales,Clostridiaceae,Clostridium_S,Clostridium_S hydrogenum,0,0,0,0,0,0,0,0,0,1,0,2,0,1,0,0,0,2,0
GCF_021458635.1,Bacteria,Pseudomonadota,Alphaproteobacteria,Rhizobiales,Xanthobacteraceae,Bradyrhizobium,Bradyrhizobium sp021458635,0,0,0,3,1,1,0,0,0,2,0,1,1,4,3,0,0,2,0
GCF_021568905.1,Bacteria,Pseudomonadota,Alphaproteobacteria,Zavarziniales,Zavarziniaceae,Zavarzinia,Zavarzinia compransoris_B,0,0,0,3,0,0,0,0,0,2,0,0,0,3,3,0,0,1,0
GCF_021596505.1,Bacteria,Cyanobacteriota,Cyanobacteriia,Cyanobacteriales,Nostocaceae,Trichormus,Trichormus sp021596505,0,0,0,1,1,1,0,0,0,2,0,2,0,1,2,0,0,2,0
GCF_021654575.1,Bacteria,Desulfobacterota,Desulfobacteria,Desulfobacterales,Desulfolunaceae,Desulfoluna,Desulfoluna sp021654575,0,0,2,0,0,0,0,0,0,1,0,5,0,2,2,0,0,3,0
GCF_021729865.1,Bacteria,Pseudomonadota,Gammaproteobacteria,Burkholderiales,Burkholderiaceae_B,Hydrogenophaga,Hydrogenophaga sp021729865,0,0,0,3,1,0,0,0,0,1,0,3,0,5,3,0,0,3,0
GCF_021730305.1,Bacteria,Pseudomonadota,Alphaproteobacteria,Rhizobiales,Xanthobacteraceae,Xanthobacter,Xanthobacter sp012932745,0,0,0,3,1,0,0,0,0,2,0,2,1,2,3,0,0,2,0
GCF_021730435.1,Bacteria,Pseudomonadota,Alphaproteobacteria,Rhizobiales,Xanthobacteraceae,Xanthobacter,Xanthobacter agilis,0,0,0,3,1,0,0,0,0,2,0,2,0,2,3,0,0,2,0
GCF_021864535.1,Bacteria,Pseudomonadota,Alphaproteobacteria,Rhizobiales,Pleomorphomonadaceae,Pleomorphomonas,Pleomorphomonas sp021864535,0,0,0,3,0,0,0,0,0,2,0,4,0,1,3,0,0,2,0
GCF_022012435.1,Bacteria,Pseudomonadota,Alphaproteobacteria,Rhizobiales,Xanthobacteraceae,Bradyrhizobium,Bradyrhizobium sp022012435,0,0,0,2,1,1,0,0,0,2,0,3,1,4,3,0,0,3,0
GCF_022014235.1,Archaea,Methanobacteriota,Methanobacteria,Methanobacteriales,Methanothermobacteraceae,Methanothermobacter,Methanothermobacter sp022014235,0,0,0,2,0,0,0,0,0,1,0,3,0,0,0,0,0,0,0
GCF_022138605.1,Bacteria,Pseudomonadota,Alphaproteobacteria,Rhizobiales,Xanthobacteraceae,Xanthobacter,Xanthobacter sp022138605,0,0,0,2,1,0,0,0,0,2,0,2,1,2,3,0,0,1,0
GCF_022227845.1,Bacteria,Pseudomonadota,Gammaproteobacteria,Ectothiorhodospirales,Ectothiorhodospiraceae,Ectothiorhodospira,Ectothiorhodospira sp022227845,0,0,2,0,1,0,0,0,0,2,0,0,0,4,2,0,0,2,0
GCF_022271405.1,Bacteria,Pseudomonadota,Alphaproteobacteria,Rhizobiales,Xanthobacteraceae,Rhodopseudomonas,Rhodopseudomonas sp022271405,0,0,0,2,2,0,0,0,0,2,0,2,1,1,4,0,0,2,0
GCF_022321485.1,Bacteria,Pseudomonadota,Gammaproteobacteria,Enterobacterales_A,Shewanellaceae,Shewanella,Shewanella sp022321485,0,0,0,1,0,0,0,0,0,2,0,2,0,2,3,1,0,0,0
GCF_022376295.1,Bacteria,Cyanobacteriota,Cyanobacteriia,Cyanobacteriales,Nostocaceae,Nodularia,Nodularia sphaerocarpa,0,0,0,1,1,0,0,0,0,2,0,1,0,1,2,0,0,1,0
GCF_022378355.1,Bacteria,Pseudomonadota,Gammaproteobacteria,Enterobacterales,Enterobacteriaceae,Brenneria,Brenneria sp022378355,0,0,0,1,0,0,0,0,0,2,0,2,0,2,2,0,0,0,0
GCF_022410535.1,Bacteria,Bacillota_B,Desulfotomaculia,Desulfotomaculales,Pelotomaculaceae,Pelotomaculum_D,Pelotomaculum_D terephthalicicum,0,0,0,0,0,0,0,0,0,2,0,3,0,0,1,0,0,1,0
GCF_022427145.1,Bacteria,Bacillota,Bacilli,Paenibacillales,Paenibacillaceae,Paenibacillus_A,Paenibacillus_A timonensis,0,0,0,0,0,1,0,0,0,1,0,1,0,4,3,1,0,1,0
GCF_022531965.1,Bacteria,Bacillota,Bacilli,Paenibacillales,Paenibacillaceae,Paenibacillus,Paenibacillus polymyxa_D,0,0,0,0,0,1,0,0,0,2,0,1,0,2,4,1,0,1,0
GCF_022558445.1,Bacteria,Bacillota_D,Dethiobacteria,SKNC01,SKNC01,Contubernalis,Contubernalis alkalaceticum,0,0,0,0,0,0,0,0,0,2,0,1,0,1,0,0,0,1,0
GCF_022690685.1,Bacteria,Myxococcota,Myxococcia,Myxococcales,Anaeromyxobacteraceae,Anaeromyxobacter,Anaeromyxobacter sp022690685,0,0,0,0,0,0,0,0,0,2,0,1,0,4,3,0,0,1,0
GCF_022760755.1,Bacteria,Pseudomonadota,Alphaproteobacteria,Rhizobiales,Beijerinckiaceae,Rhodoblastus,Rhodoblastus alkanivorans,0,0,0,3,2,0,0,0,0,2,0,3,0,1,3,0,0,3,0
GCF_022760805.1,Bacteria,Actinomycetota,Actinomycetia,Mycobacteriales,Mycobacteriaceae,Mycobacterium,Mycobacterium alkanivorans,0,0,0,4,0,1,0,0,0,2,0,2,0,1,2,0,0,1,0
GCF_022808675.1,Bacteria,Bacteroidota,Bacteroidia,Bacteroidales,UBA7332,UBA7332,UBA7332 sp022808675,0,0,0,0,0,0,0,0,0,1,0,2,0,1,2,0,0,1,0
GCF_022808695.1,Bacteria,Desulfobacterota,Desulfovibrionia,Desulfovibrionales,Desulfovibrionaceae,Fundidesulfovibrio,Fundidesulfovibrio sp022808695,0,0,0,0,0,0,0,0,0,2,0,2,0,1,3,0,0,3,0
GCF_022808855.1,Bacteria,Myxococcota,Myxococcia,Myxococcales,Anaeromyxobacteraceae,Anaeromyxobacter,Anaeromyxobacter sp022808855,0,0,0,0,0,0,0,0,0,2,0,1,0,5,3,0,0,1,0
GCF_022808985.1,Bacteria,Desulfobacterota_F,Desulfuromonadia,Geobacterales,Geobacteraceae,Geotalea,Geotalea sp022808985,0,0,0,0,0,0,0,0,0,1,0,2,0,2,2,0,0,1,0
GCF_022832375.1,Bacteria,Pseudomonadota,Alphaproteobacteria,Sphingomonadales,Sphingomonadaceae,Novosphingobium,Novosphingobium sp022832375,0,0,0,3,0,0,0,0,0,2,0,1,0,1,4,0,0,2,0
GCF_022832385.1,Bacteria,Pseudomonadota,Alphaproteobacteria,Sphingomonadales,Sphingomonadaceae,Novosphingobium,Novosphingobium sp022832385,0,0,0,1,0,0,0,0,0,1,0,1,0,1,4,0,0,2,0
GCF_022832435.1,Bacteria,Pseudomonadota,Alphaproteobacteria,Sphingomonadales,Sphingomonadaceae,Novosphingobium,Novosphingobium sp022832435,0,0,0,3,0,0,0,0,0,2,0,2,0,1,4,0,0,1,0
GCF_022836495.1,Bacteria,Desulfobacterota,Syntrophobacteria,Syntrophobacterales,Syntrophobacteraceae,Desulforhabdus,Desulforhabdus sp022836495,0,0,1,0,0,0,0,0,0,2,0,3,0,2,2,0,1,4,0
GCF_022884085.1,Bacteria,Pseudomonadota,Alphaproteobacteria,Rhizobiales,Rhizobiaceae,Allorhizobium,Allorhizobium cremeum,0,0,0,2,1,0,0,0,0,2,0,0,1,4,4,0,0,1,0
GCF_022968795.1,Bacteria,Desulfobacterota,Desulfobacteria,Desulfobacterales,Desulfosarcinaceae,Desulfatitalea,Desulfatitalea sp022968795,0,0,1,0,0,0,0,0,0,2,0,1,0,3,2,1,0,4,0
GCF_022984075.1,Bacteria,Cyanobacteriota,Cyanobacteriia,Gloeomargaritales,Gloeomargaritaceae,Gloeomargarita,Gloeomargarita sp022984075,0,0,0,0,1,0,0,0,0,2,0,0,0,0,2,0,0,3,0
GCF_023073415.1,Bacteria,Pseudomonadota,Alphaproteobacteria,Rhizobiales,Xanthobacteraceae,Bradyrhizobium,Bradyrhizobium sp023073415,0,0,0,2,1,1,0,0,0,2,0,1,1,3,3,0,0,2,0
GCF_023073715.1,Bacteria,Pseudomonadota,Alphaproteobacteria,Rhizobiales,Xanthobacteraceae,Bradyrhizobium,Bradyrhizobium sp023073715,0,0,0,2,1,1,0,0,0,2,0,1,1,1,3,0,0,2,0
GCF_023074055.1,Bacteria,Pseudomonadota,Alphaproteobacteria,Rhizobiales,Xanthobacteraceae,Bradyrhizobium,Bradyrhizobium sp023074055,0,0,0,3,1,1,0,0,0,2,0,1,1,4,3,0,0,2,0
GCF_023074175.1,Bacteria,Pseudomonadota,Alphaproteobacteria,Rhizobiales,Xanthobacteraceae,Bradyrhizobium,Bradyrhizobium sp023074175,0,0,0,2,1,1,0,0,0,2,0,1,1,1,3,0,0,2,0
GCF_023074185.1,Bacteria,Pseudomonadota,Alphaproteobacteria,Rhizobiales,Xanthobacteraceae,Bradyrhizobium,Bradyrhizobium sp023074185,0,0,0,2,1,1,0,0,0,2,0,1,1,1,4,0,0,2,0
GCF_023100905.1,Bacteria,Pseudomonadota,Alphaproteobacteria,Rhizobiales,Xanthobacteraceae,Bradyrhizobium,Bradyrhizobium sp023100905,0,0,0,2,1,1,0,0,0,2,0,0,1,4,3,0,0,2,0
GCF_023100945.1,Bacteria,Pseudomonadota,Alphaproteobacteria,Rhizobiales,Xanthobacteraceae,Bradyrhizobium,Bradyrhizobium sp023100945,0,0,1,2,1,1,0,0,0,2,0,1,1,2,3,0,0,2,0
GCF_023101085.1,Bacteria,Pseudomonadota,Alphaproteobacteria,Rhizobiales,Xanthobacteraceae,Bradyrhizobium,Bradyrhizobium sp023101085,0,0,0,2,1,1,0,0,0,2,0,1,1,3,4,0,0,2,0
GCF_023101665.1,Bacteria,Pseudomonadota,Alphaproteobacteria,Rhizobiales,Xanthobacteraceae,Bradyrhizobium,Bradyrhizobium sp023101665,0,0,0,2,1,1,0,0,0,2,0,0,1,4,4,0,0,2,0
GCF_023101685.1,Bacteria,Pseudomonadota,Alphaproteobacteria,Rhizobiales,Xanthobacteraceae,Bradyrhizobium,Bradyrhizobium sp023101685,0,0,0,2,1,1,0,0,0,2,0,1,1,2,4,0,0,2,0
GCF_023168165.1,Bacteria,Bacillota,Bacilli,Bacillales,DSM-18226,Niallia,Niallia sp023168165,0,0,0,0,0,1,0,0,0,1,0,0,0,1,3,0,0,1,0
GCF_023169945.1,Bacteria,Myxococcota,Myxococcia,Myxococcales,Anaeromyxobacteraceae,Anaeromyxobacter,Anaeromyxobacter sp023169945,0,0,0,0,0,0,0,0,0,2,0,2,0,5,3,1,0,1,0
GCF_023169965.1,Bacteria,Myxococcota,Myxococcia,Myxococcales,Anaeromyxobacteraceae,JAJXVM01,JAJXVM01 sp023169965,0,0,0,0,0,0,0,0,0,2,0,2,0,4,2,0,0,1,0
GCF_023223525.1,Bacteria,Pseudomonadota,Alphaproteobacteria,Acetobacterales,Acetobacteraceae,JALPRX01,JALPRX01 sp023223525,0,0,0,1,0,0,0,0,0,2,0,0,0,2,4,0,0,1,0
GCF_023227715.1,Archaea,Methanobacteriota,Methanobacteria,Methanobacteriales,Methanobacteriaceae,Methanobacterium_E,Methanobacterium_E alcaliphilum,0,0,0,2,0,0,0,0,0,1,0,2,0,0,0,0,0,0,0
GCF_023238625.1,Bacteria,Pseudomonadota,Gammaproteobacteria,Enterobacterales_A,Celerinatantimonadaceae,Agarivorans,Agarivorans sp023238625,0,0,0,1,0,0,0,0,0,2,0,0,0,4,3,0,0,0,0
GCF_023278185.1,Bacteria,Pseudomonadota,Alphaproteobacteria,Rhizobiales,Xanthobacteraceae,Bradyrhizobium,Bradyrhizobium elkanii,0,0,0,2,1,1,0,0,0,2,0,1,1,3,4,0,0,2,0
GCF_023571765.1,Bacteria,Pseudomonadota,Alphaproteobacteria,Rhizobiales,Xanthobacteraceae,Xanthobacter,Xanthobacter aminoxidans,0,0,0,2,1,0,0,0,0,2,0,2,1,2,3,0,0,2,0
GCF_023652955.1,Bacteria,Desulfobacterota_F,Desulfuromonadia,Geobacterales,Geobacteraceae,Geomonas,Geomonas sp023652955,0,0,0,0,0,0,0,0,0,1,0,2,0,4,3,1,0,2,0
GCF_023703465.1,Bacteria,Pseudomonadota,Gammaproteobacteria,Enterobacterales_A,Neiellaceae,Echinimonas,Echinimonas agarilytica,0,0,0,2,0,0,0,0,0,2,0,0,0,3,3,0,0,0,0
GCF_023716925.1,Bacteria,Actinomycetota,Actinomycetia,Mycobacteriales,Frankiaceae,Frankia,Frankia sp023716925,0,0,0,1,0,1,0,0,0,2,0,1,0,2,3,0,0,1,0
GCF_023721815.1,Bacteria,Pseudomonadota,Alphaproteobacteria,Rhizobiales,Pleomorphomonadaceae,Pleomorphomonas,Pleomorphomonas sp023721815,0,0,0,1,0,0,0,0,0,2,0,4,0,1,3,0,1,2,0
GCF_023734095.1,Bacteria,Bacillota_B,Moorellia,Moorellales,Moorellaceae,Moorella,Moorella sp003116935,0,0,0,0,0,0,0,0,0,2,0,5,0,1,1,0,1,2,0
GCF_023897015.1,Bacteria,Bacillota_B,Desulfitobacteriia,Desulfitobacteriales,Desulfitobacteriaceae,Desulfosporosinus,Desulfosporosinus nitroreducens,0,0,1,0,0,0,0,0,0,2,0,4,0,4,1,0,1,4,0
GCF_023952475.1,Bacteria,Pseudomonadota,Gammaproteobacteria,Burkholderiales,Burkholderiaceae,Cupriavidus,Cupriavidus sp023952475,0,0,0,3,1,0,0,0,0,2,0,0,0,5,4,0,0,2,0
GCF_024055605.1,Bacteria,Pseudomonadota,Alphaproteobacteria,Rhizobiales,Rhizobiaceae,Allorhizobium,Allorhizobium sp024055605,0,0,0,2,1,0,0,0,0,2,0,2,1,4,4,0,0,2,0
GCF_024055665.1,Bacteria,Pseudomonadota,Gammaproteobacteria,Burkholderiales,Burkholderiaceae_B,Ideonella,Ideonella sp024055665,0,0,0,3,1,0,0,0,0,2,0,3,0,3,4,1,0,3,0
GCF_024125445.1,Bacteria,Bacillota,Bacilli,Bacillales_K,Sporolactobacillaceae,Sporolactobacillus,Sporolactobacillus shoreicorticis,0,0,0,0,0,1,0,0,0,1,0,0,0,0,3,0,0,1,0
GCF_024170005.1,Bacteria,Pseudomonadota,Alphaproteobacteria,Azospirillales,Azospirillaceae,Azospirillum,Azospirillum lipoferum,0,0,0,3,1,0,0,0,0,2,0,3,0,5,4,0,0,0,0
GCF_024181725.1,Bacteria,Pseudomonadota,Alphaproteobacteria,Rhizobiales,Xanthobacteraceae,U87765,U87765 sp024181725,0,0,0,3,1,0,0,0,0,2,0,2,1,2,3,0,0,3,0
GCF_024199795.1,Bacteria,Pseudomonadota,Alphaproteobacteria,Rhizobiales,Xanthobacteraceae,Bradyrhizobium,Bradyrhizobium sp024199795,0,0,0,2,1,1,0,0,0,2,0,0,1,4,4,0,0,2,0
GCF_024199845.1,Bacteria,Pseudomonadota,Alphaproteobacteria,Rhizobiales,Xanthobacteraceae,Bradyrhizobium,Bradyrhizobium sp024199845,0,0,0,3,1,1,0,0,0,2,0,1,1,2,3,0,0,2,0
GCF_024199925.1,Bacteria,Pseudomonadota,Alphaproteobacteria,Rhizobiales,Xanthobacteraceae,Bradyrhizobium,Bradyrhizobium sp024199925,0,0,0,3,1,1,0,0,0,2,0,1,1,5,4,0,0,2,0
GCF_024199945.1,Bacteria,Pseudomonadota,Alphaproteobacteria,Rhizobiales,Xanthobacteraceae,Bradyrhizobium,Bradyrhizobium sp024199945,0,0,0,2,1,1,0,0,0,2,0,1,1,4,4,0,0,2,0
GCF_024204645.1,Bacteria,Desulfobacterota,Desulfovibrionia,Desulfovibrionales,Desulfomicrobiaceae,Desulfomicrobium,Desulfomicrobium sp024204645,0,0,0,0,0,0,0,0,0,2,0,1,0,2,1,0,0,3,0
GCF_024206475.1,Bacteria,Pseudomonadota,Gammaproteobacteria,Burkholderiales,Burkholderiaceae,Paraburkholderia,Paraburkholderia sp024206475,0,0,0,3,0,0,0,0,0,2,0,0,0,4,4,0,0,1,0
GCF_024357955.1,Bacteria,Pseudomonadota,Gammaproteobacteria,Enterobacterales_A,Vibrionaceae,Photobacterium,Photobacterium sp024357955,0,0,0,1,0,0,0,0,0,2,0,0,0,4,3,0,1,1,0
GCF_024372725.1,Archaea,Halobacteriota,Methanosarcinia,Methanosarcinales,Methanosarcinaceae,Methanosarcina,Methanosarcina sp024372725,0,0,0,2,0,0,0,0,0,1,0,1,0,1,0,0,0,1,0
GCF_024451105.1,Bacteria,Pseudomonadota,Gammaproteobacteria,Pseudomonadales,Pseudomonadaceae,Pseudomonas_K,Pseudomonas_K stutzeri_A,0,0,0,4,0,0,0,0,0,2,0,0,0,1,3,0,0,1,0
GCF_024500045.1,Archaea,Halobacteriota,Methanosarcinia,Methanosarcinales,Methanosarcinaceae,Methanolobus,Methanolobus chelungpuianus,0,0,0,2,0,0,0,0,0,2,0,0,0,0,0,0,0,0,0
GCF_024505045.1,Bacteria,Pseudomonadota,Gammaproteobacteria,Methylococcales,Methylomonadaceae,Methylomonas,Methylomonas sp024505045,0,0,0,3,0,0,0,0,0,2,0,3,0,3,2,0,0,2,0
GCF_024505055.1,Bacteria,Pseudomonadota,Gammaproteobacteria,Methylococcales,Methylomonadaceae,Methylomonas,Methylomonas sp024505055,0,0,0,4,0,0,0,0,0,2,0,2,0,3,2,0,0,2,0
GCF_024585265.1,Bacteria,Pseudomonadota,Alphaproteobacteria,Rhizobiales,Xanthobacteraceae,Bradyrhizobium,Bradyrhizobium sp013240495,0,0,0,2,1,1,0,0,0,2,0,1,1,4,3,0,0,2,0
GCF_024707545.1,Bacteria,Pseudomonadota,Alphaproteobacteria,Rhizobiales,Rhizobiaceae,Mesorhizobium,Mesorhizobium onobrychidis,0,0,1,3,1,0,0,0,0,2,0,1,1,3,3,0,0,1,0
GCF_024721115.1,Bacteria,Pseudomonadota,Alphaproteobacteria,Rhodobacterales,Rhodobacteraceae,Salipiger,Salipiger sp024721115,0,0,0,3,1,0,0,0,0,2,0,0,0,3,3,0,0,3,0
GCF_024721175.1,Bacteria,Pseudomonadota,Alphaproteobacteria,Rhizobiales,Rhizobiaceae,Rhizobium,Rhizobium sp024721175,0,0,0,1,0,0,0,0,0,2,0,0,1,2,4,0,0,1,0
GCF_024746795.1,Bacteria,Pseudomonadota,Alphaproteobacteria,Rhizobiales,Rhizobiaceae,Mesorhizobium,Mesorhizobium sp024746795,0,0,0,1,0,0,0,0,0,2,0,1,1,3,4,0,0,1,0
GCF_024746815.1,Bacteria,Pseudomonadota,Alphaproteobacteria,Rhizobiales,Rhizobiaceae,Mesorhizobium,Mesorhizobium sp024746815,0,0,0,1,0,0,0,0,0,2,0,1,1,3,3,0,0,1,0
GCF_024746835.1,Bacteria,Pseudomonadota,Alphaproteobacteria,Rhizobiales,Rhizobiaceae,Mesorhizobium,Mesorhizobium sp024746835,0,0,0,2,0,0,0,0,0,1,0,0,1,2,4,0,0,1,0
GCF_024758505.1,Bacteria,Pseudomonadota,Alphaproteobacteria,Rhizobiales,Xanthobacteraceae,Bradyrhizobium,Bradyrhizobium manausense_C,0,0,0,2,1,1,0,0,0,2,0,1,1,5,4,0,0,2,0
GCF_900007165.1,Bacteria,Pseudomonadota,Gammaproteobacteria,Burkholderiales,Burkholderiaceae,Paraburkholderia,Paraburkholderia piptadeniae,0,0,0,4,1,0,0,0,0,2,0,1,1,3,4,0,0,1,0
GCF_900009145.1,Bacteria,Cyanobacteriota,Cyanobacteriia,Cyanobacteriales,Microcoleaceae,Planktothrix,Planktothrix tepida,0,0,0,1,1,0,0,0,0,2,0,1,0,1,1,0,0,2,0
GCF_900010725.2,Bacteria,Cyanobacteriota,Cyanobacteriia,Cyanobacteriales,Microcoleaceae,Planktothrix,Planktothrix serta,0,0,0,1,1,0,0,0,0,2,0,1,0,1,2,0,0,2,0
GCF_900019265.1,Bacteria,Pseudomonadota,Gammaproteobacteria,Burkholderiales,Burkholderiaceae,Paraburkholderia,Paraburkholderia ribeironis,0,0,0,3,1,0,0,0,0,2,0,1,0,2,4,0,0,1,0
GCF_900021165.1,Bacteria,Bacillota,Bacilli,Paenibacillales,Paenibacillaceae,Paenibacillus_A,Paenibacillus_A phocaensis,0,0,0,0,0,1,0,0,0,1,0,1,0,4,3,1,0,1,0
GCF_900086705.1,Bacteria,Bacillota_C,Negativicutes,Selenomonadales,Massilibacillaceae,Massilibacillus,Massilibacillus massiliensis,0,0,1,1,0,0,0,0,0,0,0,4,0,2,1,0,0,2,0
GCF_900089945.1,Bacteria,Pseudomonadota,Gammaproteobacteria,Burkholderiales,Rhodocyclaceae,Propionivibrio,Propionivibrio aalborgensis,0,0,0,1,1,0,0,0,0,2,0,1,0,4,3,0,0,1,0
GCF_900089955.1,Bacteria,Pseudomonadota,Gammaproteobacteria,Burkholderiales,Rhodocyclaceae,Accumulibacter,Accumulibacter aalborgensis,0,0,0,1,1,0,0,0,0,2,0,3,1,4,3,0,0,1,0
GCF_900090195.1,Bacteria,Pseudomonadota,Gammaproteobacteria,Burkholderiales,Burkholderiaceae_B,Variovorax,Variovorax sp900090195,0,0,0,3,0,0,0,0,0,2,0,0,1,4,4,0,0,1,0
GCF_900094565.1,Bacteria,Pseudomonadota,Alphaproteobacteria,Rhizobiales,Rhizobiaceae,Rhizobium,Rhizobium lusitanum,0,0,0,1,0,0,0,0,0,2,0,1,1,2,4,0,0,1,0
GCF_900094575.1,Bacteria,Pseudomonadota,Alphaproteobacteria,Rhizobiales,Xanthobacteraceae,Bradyrhizobium,Bradyrhizobium yuanmingense,0,0,0,2,1,1,0,0,0,2,0,1,1,4,4,0,0,2,0
GCF_900094605.1,Bacteria,Pseudomonadota,Alphaproteobacteria,Rhizobiales,Xanthobacteraceae,Bradyrhizobium,Bradyrhizobium shewense,0,0,0,4,1,1,0,0,0,2,0,1,1,5,4,0,0,2,0
GCF_900095295.1,Archaea,Methanobacteriota,Methanobacteria,Methanobacteriales,Methanobacteriaceae,Methanobacterium_C,Methanobacterium_C congolense,0,0,0,2,0,0,0,0,0,2,0,2,0,0,0,0,0,0,0
GCF_900095725.1,Bacteria,Bacillota_A,Clostridia,Lachnospirales,Cellulosilyticaceae,FMMP01,FMMP01 sp900095725,0,0,0,0,0,0,0,0,0,1,0,5,0,0,0,0,0,1,0
GCF_900096975.1,Bacteria,Pseudomonadota,Gammaproteobacteria,Burkholderiales,Burkholderiaceae,Paraburkholderia,Paraburkholderia lycopersici,0,0,0,2,0,0,0,0,0,2,0,0,0,3,3,0,0,1,0
GCF_900099695.1,Bacteria,Pseudomonadota,Gammaproteobacteria,Burkholderiales,Rhodocyclaceae,Propionivibrio,Propionivibrio dicarboxylicus,0,0,2,0,0,0,0,0,0,2,0,0,0,3,2,0,1,1,0
GCF_900100455.1,Bacteria,Pseudomonadota,Alphaproteobacteria,Rhodospirillales,Rhodospirillaceae,Roseospirillum,Roseospirillum parvum,0,0,0,1,2,0,0,0,0,2,0,1,0,1,2,0,0,2,0
GCF_900100495.1,Bacteria,Pseudomonadota,Gammaproteobacteria,Pseudomonadales,Pseudomonadaceae,Pseudomonas_E,Pseudomonas_E benzenivorans,0,0,1,3,0,0,0,0,0,2,0,0,1,4,3,1,0,1,0
GCF_900100715.1,Archaea,Halobacteriota,Methanosarcinia,Methanosarcinales,Methanosarcinaceae,Methanolobus,Methanolobus vulcani,0,0,0,2,0,0,0,0,0,2,0,0,0,1,1,0,0,1,0
GCF_900101845.1,Bacteria,Bacillota_C,Negativicutes,Sporomusales,Sporomusaceae,Sporomusa,Sporomusa acidovorans,0,0,1,0,0,0,0,0,0,1,0,5,0,3,1,0,1,3,0
GCF_900101955.1,Bacteria,Desulfobacterota_F,Desulfuromonadia,Desulfuromonadales,Desulfuromonadaceae,Pseudodesulfuromonas,Pseudodesulfuromonas thiophila,0,0,0,0,0,0,0,0,0,1,0,1,0,2,1,0,0,0,0
GCF_900101965.1,Bacteria,Pseudomonadota,Alphaproteobacteria,Rhodospirillales,Rhodospirillaceae,Rhodospira,Rhodospira trueperi,0,0,0,1,1,0,0,0,0,2,0,1,0,1,2,1,0,1,0
GCF_900102485.1,Bacteria,Desulfobacterota,Desulfovibrionia,Desulfovibrionales,Desulfovibrionaceae,Desulfovibrio,Desulfovibrio legallii_A,0,0,0,0,0,0,0,0,0,2,0,2,0,2,1,0,0,4,0
GCF_900102695.1,Bacteria,Pseudomonadota,Alphaproteobacteria,Rhizobiales,Afifellaceae,Afifella,Afifella marina,0,0,0,2,1,0,0,0,0,2,0,0,0,3,3,0,0,2,0
GCF_900102965.1,Bacteria,Bacillota,Bacilli,Paenibacillales,Paenibacillaceae,Paenibacillus,Paenibacillus jilunlii,0,0,0,0,0,1,0,0,0,1,0,1,0,2,3,1,0,1,0
GCF_900103325.1,Bacteria,Pseudomonadota,Alphaproteobacteria,Rhizobiales,Rhizobiaceae,Mesorhizobium,Mesorhizobium qingshengii,0,0,1,2,1,0,0,0,0,2,0,1,1,3,3,0,0,2,0
GCF_900104215.1,Bacteria,Desulfobacterota,Desulfovibrionia,Desulfovibrionales,Desulfonatronaceae,Desulfonatronum,Desulfonatronum thiosulfatophilum,0,0,2,0,0,0,0,0,0,2,0,2,0,1,1,0,1,3,0
GCF_900104445.1,Bacteria,Desulfobacterota,Desulfobulbia,Desulfobulbales,Desulfocapsaceae,Desulforhopalus,Desulforhopalus singaporensis,0,0,2,0,0,0,0,0,0,2,0,1,0,2,2,0,1,4,0
GCF_900104455.1,Bacteria,Bacillota_C,Negativicutes,DSM-1736,Dendrosporobacteraceae,Dendrosporobacter,Dendrosporobacter quercicolus,0,0,0,0,0,0,0,0,0,1,0,4,0,0,1,0,0,1,0
GCF_900104585.1,Bacteria,Bacteroidota,Bacteroidia,Bacteroidales,Bacteroidaceae,Bacteroides_I,Bacteroides_I ihuae,0,0,0,1,0,0,0,0,0,1,0,0,0,0,1,0,0,0,0
GCF_900104805.1,Bacteria,Pseudomonadota,Gammaproteobacteria,Pseudomonadales,Pseudomonadaceae,Pseudomonas_K,Pseudomonas_K oryzae,0,0,0,4,0,0,0,0,0,2,0,0,0,2,3,0,0,1,0
GCF_900106975.1,Bacteria,Pseudomonadota,Gammaproteobacteria,Pseudomonadales,Pseudomonadaceae,Pseudomonas_O,Pseudomonas_O kuykendallii,0,0,0,3,0,0,0,0,0,2,0,0,0,2,4,0,0,1,0
GCF_900107145.1,Bacteria,Pseudomonadota,Gammaproteobacteria,Chromatiales,Chromatiaceae,Thermochromatium,Thermochromatium warmingii,0,0,0,0,2,0,0,0,0,2,0,2,0,1,1,0,0,4,0
GCF_900109175.1,Bacteria,Pseudomonadota,Gammaproteobacteria,Pseudomonadales,Pseudomonadaceae,Pseudomonas_K,Pseudomonas_K linyingensis,0,0,0,4,0,0,0,0,0,2,0,0,0,2,3,0,0,1,0
GCF_900109225.1,Bacteria,Bacillota_C,Negativicutes,Selenomonadales,Selenomonadaceae,Propionispira,Propionispira arboris,0,0,0,0,0,0,0,0,0,0,0,3,0,0,1,0,0,1,0
GCF_900109265.1,Bacteria,Pseudomonadota,Gammaproteobacteria,Burkholderiales,Burkholderiaceae,Paraburkholderia,Paraburkholderia tropica,0,0,0,1,0,0,0,0,0,2,0,1,1,3,3,0,0,2,0
GCF_900110435.1,Bacteria,Pseudomonadota,Alphaproteobacteria,Rhizobiales,Xanthobacteraceae,Rhodopseudomonas,Rhodopseudomonas pseudopalustris,0,0,0,2,2,0,0,0,0,2,0,2,1,2,4,0,0,2,0
GCF_900110485.1,Bacteria,Bacillota_C,Negativicutes,Propionisporales,Propionisporaceae,Propionispora,Propionispora vibrioides,0,0,0,0,0,0,0,0,0,1,0,1,0,2,1,0,0,2,0
GCF_900111015.1,Bacteria,Pseudomonadota,Gammaproteobacteria,Nevskiales,Nevskiaceae,Solimonas,Solimonas aquatica,0,0,0,4,1,0,0,0,0,1,0,3,0,3,4,0,0,3,0
GCF_900111095.1,Bacteria,Pseudomonadota,Gammaproteobacteria,Pseudomonadales,Nitrincolaceae,Amphritea,Amphritea atlantica,0,0,1,2,0,0,0,0,0,2,0,2,0,2,3,0,0,3,0
GCF_900111235.1,Bacteria,Bacillota_A,Clostridia,Lachnospirales,Lachnospiraceae,Clostridium_N,Clostridium_N fimetarium,0,0,0,0,0,0,0,0,0,1,0,4,0,0,0,0,1,1,0
GCF_900111365.1,Bacteria,Actinomycetota,Actinomycetia,Propionibacteriales,Propionibacteriaceae,Propionibacterium,Propionibacterium cyclohexanicum,0,0,0,0,0,1,0,0,0,1,0,0,0,3,1,0,0,0,0
GCF_900111775.1,Bacteria,Desulfobacterota_F,Desulfuromonadia,Desulfuromonadales,Trichloromonadaceae,Trichloromonas,Trichloromonas acetexigens,0,0,1,1,0,0,0,0,0,1,0,2,0,2,1,0,0,2,0
GCF_900112335.1,Bacteria,Pseudomonadota,Alphaproteobacteria,Rhodobacterales,Rhodobacteraceae,Tropicimonas,Tropicimonas isoalkanivorans,0,0,0,2,1,1,0,0,0,2,0,0,0,4,3,1,0,3,0
GCF_900112775.1,Bacteria,Bacillota_A,Clostridia,Lachnospirales,Lachnospiraceae,Clostridium_AI,Clostridium_AI populeti,0,0,0,0,0,0,0,0,0,1,0,3,0,0,0,0,0,1,0
GCF_900113255.1,Bacteria,Pseudomonadota,Alphaproteobacteria,Sphingomonadales,Sphingomonadaceae,Novosphingobium,Novosphingobium sp900113255,0,0,0,3,0,0,0,0,0,1,0,0,0,2,3,0,0,2,0
GCF_900113335.1,Bacteria,Bacillota_B,Desulfotomaculia,Desulfotomaculales,Desulfallaceae,Desulfallas,Desulfallas arcticus,0,0,0,0,0,0,0,0,0,2,0,9,0,0,1,0,1,3,0
GCF_900113735.1,Bacteria,Pseudomonadota,Alphaproteobacteria,Rhizobiales,Xanthobacteraceae,Bradyrhizobium,Bradyrhizobium sp900113735,0,0,0,2,0,1,0,0,0,2,0,0,1,3,3,0,0,2,0
GCF_900114255.1,Bacteria,Pseudomonadota,Alphaproteobacteria,Rhizobiales,Rhizobiaceae,Mesorhizobium_F,Mesorhizobium_F albiziae,0,0,1,3,1,0,0,0,0,1,0,1,1,2,3,0,0,1,0
GCF_900114285.1,Bacteria,Pseudomonadota,Alphaproteobacteria,Rhizobiales,Beijerinckiaceae,Methylocella,Methylocella palsarum,0,0,0,3,1,0,0,0,0,2,0,0,0,0,3,0,0,2,0
GCF_900114545.1,Bacteria,Bacillota_F,Halanaerobiia,Halanaerobiales,Halanaerobiaceae,Halanaerobium,Halanaerobium salsuginis,0,0,0,0,0,0,0,0,0,1,0,4,0,0,0,0,0,1,0
GCF_900114615.1,Bacteria,Bacillota_C,Negativicutes,Propionisporales,DSM-13327,Pelosinus,Pelosinus propionicus,0,0,0,0,0,0,0,0,0,1,0,3,0,2,1,0,0,1,0
GCF_900114835.1,Archaea,Halobacteriota,Methanosarcinia,Methanosarcinales,Methanosarcinaceae,Methanolobus,Methanolobus profundi,0,0,0,2,0,0,0,0,0,2,0,1,0,2,1,0,0,1,0
GCF_900114895.1,Bacteria,Pseudomonadota,Gammaproteobacteria,Ectothiorhodospirales,Ectothiorhodospiraceae,Ectothiorhodospira,Ectothiorhodospira mobilis_A,0,0,0,0,2,0,0,0,0,2,0,0,0,1,1,0,0,3,0
GCF_900115265.1,Bacteria,Pseudomonadota,Alphaproteobacteria,Rhizobiales,Xanthobacteraceae,Bradyrhizobium,Bradyrhizobium sp900115265,0,0,0,2,1,1,0,0,0,2,0,0,1,4,3,0,0,3,0
GCF_900115715.1,Bacteria,Pseudomonadota,Gammaproteobacteria,Pseudomonadales,Pseudomonadaceae,Pseudomonas_K,Pseudomonas_K sagittaria,0,0,0,4,0,0,0,0,0,2,0,0,0,2,3,0,0,1,0
GCF_900115975.1,Bacteria,Bacillota_B,Desulfotomaculia,Desulfotomaculales,Desulfallaceae,Desulfoscipio,Desulfoscipio geothermicus,0,0,1,0,0,0,0,0,0,2,0,6,0,1,1,0,1,4,0
GCF_900116195.1,Bacteria,Pseudomonadota,Alphaproteobacteria,Rhodobacterales,Rhodobacteraceae,Salipiger,Salipiger pacificus,0,0,0,2,1,0,0,0,0,0,0,0,0,5,4,0,0,3,0
GCF_900116535.1,Bacteria,Pseudomonadota,Gammaproteobacteria,Enterobacterales,Enterobacteriaceae,Kosakonia,Kosakonia arachidis,0,0,0,1,0,0,0,0,0,2,0,2,1,2,2,1,0,0,0
GCF_900117445.1,Bacteria,Pseudomonadota,Alphaproteobacteria,Rhizobiales,Hyphomicrobiaceae,Hyphomicrobium_A,Hyphomicrobium_A sp900117445,0,0,0,2,0,0,0,0,0,1,0,2,0,1,3,0,0,1,0
GCF_900119735.1,Bacteria,Pseudomonadota,Gammaproteobacteria,Pseudomonadales,Halomonadaceae,Marinospirillum,Marinospirillum alkaliphilum,0,0,2,0,0,0,0,0,0,2,0,0,0,2,2,1,0,1,0
GCF_900128885.1,Bacteria,Bacillota_A,Clostridia,Eubacteriales,Alkalibacteraceae,Alkalibacter,Alkalibacter saccharofermentans,0,0,0,0,0,0,0,0,0,1,0,2,0,0,0,0,0,0,0
GCF_900128905.1,Bacteria,Bacteroidota,Bacteroidia,Bacteroidales,Bacteroidaceae,Bacteroides_G,Bacteroides_G luti,0,0,0,0,0,0,0,0,0,1,0,1,0,1,1,0,0,0,0
GCF_900129195.1,Bacteria,Bacillota_B,Desulfotomaculia,Desulfotomaculales,Desulfotomaculaceae,Desulfotomaculum,Desulfotomaculum putei,0,0,0,0,1,0,0,0,0,2,0,5,0,1,1,0,0,3,0
GCF_900129305.1,Bacteria,Desulfobacterota,Syntrophobacteria,Syntrophobacterales,DSM-9756,Desulfacinum,Desulfacinum infernum,0,0,1,0,0,0,0,0,0,2,0,2,0,2,1,0,1,4,0
GCF_900129965.1,Bacteria,Bacillota_A,Clostridia,Clostridiales,Clostridiaceae,Clostridium_AF,Clostridium_AF grantii,0,0,0,0,0,0,0,0,0,1,0,3,0,0,0,0,1,1,0
GCF_900130055.1,Bacteria,Bacillota_A,Clostridia,Clostridiales,Clostridiaceae,Clostridium_T,Clostridium_T intestinale,0,0,0,0,0,0,0,0,0,1,0,2,0,0,0,0,1,2,0
GCF_900130065.1,Bacteria,Bacillota_A,Clostridia,Oscillospirales,Oscillospiraceae,Sporobacter,Sporobacter termitidis,0,0,0,0,0,0,0,0,0,1,0,5,0,0,0,0,0,1,0
GCF_900141835.1,Bacteria,Bacillota_C,Negativicutes,Propionisporales,Propionisporaceae,Propionispora,Propionispora hippei,0,0,0,0,0,0,0,0,0,1,0,1,0,2,1,0,0,2,0
GCF_900141895.1,Bacteria,Bacillota_A,Clostridia,Lachnospirales,Lachnospiraceae,Parasporobacterium,Parasporobacterium paucivorans,0,0,1,0,0,0,0,0,0,1,0,3,0,0,0,0,1,2,0
GCF_900142005.1,Bacteria,Bacillota_A,Clostridia,Tissierellales,Dethiosulfatibacteraceae,Dethiosulfatibacter,Dethiosulfatibacter aminovorans,0,0,0,0,0,0,0,0,0,2,0,4,0,0,0,0,1,1,0
GCF_900142125.1,Bacteria,Desulfobacterota_F,Desulfuromonadia,Desulfuromonadales,Geopsychrobacteraceae,Malonomonas,Malonomonas rubra,0,0,0,0,0,0,0,0,0,1,0,2,0,3,2,1,0,1,0
GCF_900142135.1,Bacteria,Desulfobacterota,Desulfobacteria,Desulfobacterales,Desulfatibacillaceae,Desulfatibacillum,Desulfatibacillum alkenivorans,0,0,1,0,0,0,0,0,0,2,0,3,0,2,1,0,0,4,0
GCF_900142215.1,Bacteria,Bacillota_A,Clostridia,Lachnospirales,Lachnospiraceae,Anaerocolumna,Anaerocolumna jejuensis,0,0,0,0,0,0,0,0,0,1,0,5,0,0,0,0,0,1,0
GCF_900142375.1,Bacteria,Bacillota_B,Desulfotomaculia,Desulfotomaculales,Desulfotomaculaceae,Desulfotomaculum,Desulfotomaculum aeronauticum,0,0,0,0,0,0,0,0,0,2,0,6,0,2,1,0,1,3,0
GCF_900142935.1,Bacteria,Pseudomonadota,Alphaproteobacteria,Rhodobacterales,Rhodobacteraceae,Rhodovulum,Rhodovulum sp900142935,0,0,0,2,1,0,0,0,0,2,0,1,0,2,2,0,0,3,0
GCF_900142955.1,Bacteria,Bacillota_A,Clostridia,Lachnospirales,Lachnospiraceae,Anaerosporobacter,Anaerosporobacter mobilis,0,0,0,0,0,0,0,0,0,1,0,2,0,0,0,0,0,1,0
GCF_900155545.1,Bacteria,Bacillota_A,Clostridia,Lachnospirales,Lachnospiraceae,Lacrimispora,Lacrimispora sp900155545,0,0,0,0,0,0,0,0,0,1,0,5,0,0,0,0,1,2,0
GCF_900156605.1,Bacteria,Pseudomonadota,Alphaproteobacteria,Rhodospirillales,Rhodospirillaceae,Insolitispirillum,Insolitispirillum peregrinum,0,0,0,2,1,0,0,0,0,2,0,2,0,2,3,0,0,1,0
GCF_900156895.1,Bacteria,Pseudomonadota,Alphaproteobacteria,Rhizobiales,Rhizobiaceae,Mesorhizobium,Mesorhizobium prunaredense,0,0,0,3,1,0,0,0,0,2,0,0,1,2,3,0,0,1,0
GCF_900162725.1,Bacteria,Bacteroidota,Bacteroidia,Bacteroidales,Tannerellaceae,Marseille-P3160,Marseille-P3160 sp900162725,0,0,0,0,0,0,0,0,0,1,0,0,0,0,1,0,0,0,0
GCF_900167345.1,Bacteria,Pseudomonadota,Gammaproteobacteria,Enterobacterales_A,Vibrionaceae,Vibrio,Vibrio cincinnatiensis,0,0,0,1,0,0,0,0,0,2,0,0,0,2,2,0,0,1,0
GCF_900167465.1,Bacteria,Desulfobacterota_F,Desulfuromonadia,Geobacterales,Pseudopelobacteraceae,Trichlorobacter,Trichlorobacter thiogenes,0,0,2,0,0,0,0,0,0,1,0,3,0,3,1,0,0,1,0
GCF_900168165.1,Bacteria,Bacteroidota,Bacteroidia,Bacteroidales,Marinilabiliaceae,Natronoflexus,Natronoflexus saponilacus,0,0,0,0,0,0,0,0,0,1,0,3,0,1,1,0,0,0,0
GCF_900169785.1,Bacteria,Pseudomonadota,Alphaproteobacteria,Rhizobiales,Rhizobiaceae,Rhizobium,Rhizobium sullae,0,0,0,2,0,1,0,0,0,2,0,0,1,5,4,0,0,1,0
GCF_900170035.1,Bacteria,Desulfobacterota,Desulfobacteria,Desulfobacterales,Desulfobacteraceae,Desulfamplus,Desulfamplus magnetovallimortis,0,0,1,0,0,0,0,0,0,2,0,3,0,1,1,0,0,4,0
GCF_900176305.1,Bacteria,Bacillota_A,Clostridia,Clostridiales,Clostridiaceae,Clostridium_I,Clostridium_I acidisoli,0,0,0,0,0,0,0,0,0,1,0,1,0,1,0,0,0,1,0
GCF_900176355.1,Bacteria,Bacillota_C,Negativicutes,Sporomusales,Sporomusaceae,Sporomusa,Sporomusa malonica,0,0,0,0,0,0,0,0,0,1,0,7,0,1,1,0,1,2,0
GCF_900177375.1,Bacteria,Desulfobacterota,Desulfovibrionia,Desulfovibrionales,Desulfovibrionaceae,Maridesulfovibrio,Maridesulfovibrio gilichinskyi,0,0,0,0,0,0,0,0,0,2,0,3,0,1,1,0,0,3,0
GCF_900184035.1,Bacteria,Pseudomonadota,Gammaproteobacteria,Enterobacterales,Enterobacteriaceae,Kosakonia,Kosakonia pseudosacchari,0,0,0,1,0,0,0,0,0,2,0,2,0,2,2,1,0,0,0
GCF_900184795.1,Bacteria,Pseudomonadota,Alphaproteobacteria,Rhodospirillales,Magnetospirillaceae,Phaeospirillum,Phaeospirillum sp900184795,0,0,0,1,1,0,0,0,0,2,0,3,0,5,2,1,0,1,0
GCF_900186535.1,Bacteria,Bacillota_A,Clostridia,Oscillospirales,Ruminococcaceae,Anaerotruncus,Anaerotruncus massiliensis_A,0,0,0,0,0,0,0,0,0,1,0,4,0,0,0,0,1,1,0
GCF_900187365.1,Bacteria,Pseudomonadota,Alphaproteobacteria,Rhizobiales,Beijerinckiaceae,Rhodoblastus,Rhodoblastus acidophilus,0,0,0,2,2,0,0,0,0,2,0,2,0,4,4,0,0,1,0
GCF_900187405.1,Bacteria,Desulfobacterota_F,Desulfuromonadia,Geobacterales,Geobacteraceae,DSM-9736,DSM-9736 sp900187405,0,0,1,0,0,0,0,0,0,1,0,3,0,2,2,0,0,2,0
GCF_900188145.1,Bacteria,Bacillota_A,Clostridia,Peptostreptococcales,Natronincolaceae,Anaerovirgula,Anaerovirgula multivorans,0,0,2,0,0,0,0,0,0,1,0,4,0,1,0,0,1,2,0
GCF_900188395.1,Bacteria,Aquificota,Desulfurobacteriia,Desulfurobacteriales,Desulfurobacteriaceae,Desulfurobacterium_A,Desulfurobacterium_A atlanticum,0,0,0,0,1,0,0,0,0,1,0,3,0,1,1,0,0,0,1
GCF_900196725.1,Archaea,Halobacteriota,Methanosarcinia,Methanosarcinales,Methanoperedenaceae,Methanoperedens,Methanoperedens nitroreducens_A,0,0,2,3,0,0,0,0,0,2,0,1,0,3,0,0,0,1,0
GCF_900197875.1,Bacteria,Actinomycetota,Actinomycetia,Mycobacteriales,Frankiaceae,Frankia,Frankia canadensis,0,0,0,1,0,1,0,0,0,2,0,2,0,2,2,0,0,1,0
GCF_900199455.1,Bacteria,Pseudomonadota,Alphaproteobacteria,Rhizobiales,Rhizobiaceae,Mesorhizobium,Mesorhizobium carmichaelinearum,0,0,0,2,0,0,0,0,0,1,0,1,1,2,4,0,0,1,0
GCF_900200035.1,Bacteria,Pseudomonadota,Gammaproteobacteria,Enterobacterales,Enterobacteriaceae,Klebsiella,Klebsiella grimontii,0,0,0,1,0,1,0,0,0,2,0,1,0,3,2,1,1,0,0
GCF_900205965.1,Bacteria,Bacillota_A,Clostridia,Lachnospirales,Lachnospiraceae,Lacrimispora,Lacrimispora amygdalina_A,0,0,0,0,0,0,0,0,0,1,0,5,0,0,0,0,1,1,0
GCF_900207575.1,Bacteria,Pseudomonadota,Alphaproteobacteria,Rhodobacterales,Rhodobacteraceae,Cereibacter_A,Cereibacter_A ovatus,0,0,0,2,2,0,0,0,0,2,0,2,0,4,2,0,0,2,0
GCF_900217235.1,Bacteria,Desulfobacterota,Desulfovibrionia,Desulfovibrionales,Desulfovibrionaceae,Pseudodesulfovibrio,Pseudodesulfovibrio profundus,0,0,1,0,1,0,0,0,0,2,0,2,0,2,2,0,0,3,0
GCF_900217815.1,Bacteria,Pseudomonadota,Alphaproteobacteria,Rhodobacterales,Rhodobacteraceae,Rhodobacter,Rhodobacter maris,0,0,0,1,2,0,0,0,0,2,0,2,0,5,2,0,0,3,0
GCF_900218015.1,Bacteria,Pseudomonadota,Alphaproteobacteria,Rhizobiales,Xanthobacteraceae,Rhodopseudomonas,Rhodopseudomonas pentothenatexigens,0,0,0,2,2,0,0,0,0,2,0,0,1,3,4,0,0,3,0
GCF_900230255.1,Bacteria,Pseudomonadota,Alphaproteobacteria,Rhodospirillales,Rhodospirillaceae,Caenispirillum,Caenispirillum bisanense,0,0,0,2,0,0,0,0,0,2,0,1,1,5,3,0,0,1,0
GCF_900250115.1,Bacteria,Pseudomonadota,Gammaproteobacteria,Burkholderiales,Burkholderiaceae,Cupriavidus,Cupriavidus taiwanensis_B,0,0,0,3,0,0,0,0,0,2,0,0,0,5,4,0,0,2,0
GCF_900476375.1,Bacteria,Bacillota_C,Negativicutes,Sporomusales,UPPP01,Lucifera,Lucifera butyrica,0,0,0,0,0,0,0,0,0,1,0,6,0,1,1,0,1,2,0
GCF_900537085.1,Bacteria,Pseudomonadota,Gammaproteobacteria,Enterobacterales_A,Celerinatantimonadaceae,Agarivorans,Agarivorans sp900537085,0,0,0,1,0,0,0,0,0,2,0,0,0,3,3,0,0,0,0
GCF_900538275.1,Bacteria,Bacillota_A,Clostridia,Lachnospirales,Vallitaleaceae,Petrocella,Petrocella atlantisensis,0,0,0,0,0,0,0,0,0,1,0,4,0,0,0,0,1,2,0
GCF_900659865.1,Bacteria,Cyanobacteriota,Cyanobacteriia,Cyanobacteriales,Xenococcaceae,Hyella,Hyella patelloides,0,0,0,1,1,0,0,0,0,2,0,0,1,1,2,0,1,3,0
GCF_900696085.1,Bacteria,Pseudomonadota,Alphaproteobacteria,Rhizobiales,Xanthobacteraceae,Bradyrhizobium,Bradyrhizobium ivorense,0,0,0,3,1,1,0,0,0,2,0,1,1,2,4,0,0,2,0
GCF_900699765.1,Bacteria,Desulfobacterota,Desulfobacteria,Desulfobacterales,Desulfolunaceae,Desulfoluna,Desulfoluna butyratoxydans,0,0,2,0,0,0,0,0,0,1,0,4,0,3,2,0,0,3,0
GCF_900890705.1,Bacteria,Verrucomicrobiota,Kiritimatiellia,Kiritimatiellales,Pontiellaceae,Pontiella,Pontiella sulfatireligans,0,0,0,0,0,0,0,0,0,1,0,5,0,1,2,0,1,0,0
GCF_902143375.2,Bacteria,Verrucomicrobiota,Verrucomicrobiae,Methylacidiphilales,Methylacidiphilaceae,Methylacidimicrobium,Methylacidimicrobium tartarophylax,0,0,0,2,2,1,0,0,0,2,0,1,0,2,2,0,0,0,0
GCF_902143385.2,Bacteria,Verrucomicrobiota,Verrucomicrobiae,Methylacidiphilales,Methylacidiphilaceae,Methylacidimicrobium,Methylacidimicrobium cyclopophantes,0,0,0,2,1,1,0,0,0,2,0,2,0,2,2,0,0,0,0
GCF_902459535.1,Bacteria,Pseudomonadota,Gammaproteobacteria,Burkholderiales,Burkholderiaceae,Paraburkholderia,Paraburkholderia dioscoreae,0,0,1,2,1,0,0,0,0,2,0,0,0,2,4,0,0,1,0
GCF_902702915.1,Bacteria,Desulfobacterota,Desulfovibrionia,Desulfovibrionales,Desulfovibrionaceae,Desulfovibrio,Desulfovibrio sp900095395,0,0,0,0,0,0,0,0,0,2,0,2,0,3,1,0,0,3,0
GCF_902729425.1,Bacteria,Pseudomonadota,Alphaproteobacteria,Rhodospirillales,Magnetospirillaceae,Phaeospirillum,Phaeospirillum sp902729425,0,0,2,0,1,0,0,0,0,2,0,3,0,5,2,0,0,4,0
GCF_902806475.1,Bacteria,Actinomycetota,Actinomycetia,Mycobacteriales,Frankiaceae,Frankia,Frankia nodulisporulans,0,0,0,1,0,1,0,0,0,2,0,1,0,2,2,0,0,1,0
GCF_902806695.1,Bacteria,Pseudomonadota,Gammaproteobacteria,Methylococcales,Methylomonadaceae,Methylobacter_B,Methylobacter_B favarea,0,0,0,3,0,0,0,0,0,2,0,1,0,4,3,0,0,2,0
GCF_902812655.1,Bacteria,Actinomycetota,Actinomycetia,Mycobacteriales,Frankiaceae,Frankia,Frankia meridionalis,0,0,0,1,0,1,0,0,0,1,0,0,0,1,2,0,0,1,0
GCF_902833905.1,Bacteria,Pseudomonadota,Gammaproteobacteria,Burkholderiales,Burkholderiaceae,Paraburkholderia,Paraburkholderia tuberum,0,0,0,2,1,0,0,0,0,2,0,0,0,2,4,0,0,1,0
GCF_904426505.1,Bacteria,Pseudomonadota,Gammaproteobacteria,Burkholderiales,Burkholderiaceae_B,Rubrivivax,Rubrivivax sp904426505,0,0,0,3,1,0,0,0,0,2,0,2,1,3,2,1,0,2,0
GCF_904848645.1,Bacteria,Pseudomonadota,Gammaproteobacteria,Burkholderiales,Burkholderiaceae,Paraburkholderia,Paraburkholderia sabiae,0,0,0,4,1,0,0,0,0,2,0,0,1,3,4,0,0,2,0
GCF_917627385.1,Bacteria,Actinomycetota,Actinomycetia,Mycobacteriales,Frankiaceae,Frankia,Frankia sp917627385,0,0,0,1,0,1,0,0,0,2,0,0,0,1,2,0,0,1,0
GCF_920888515.1,Bacteria,Actinomycetota,Actinomycetia,Mycobacteriales,Frankiaceae,Frankia,Frankia sp920888515,0,0,0,1,0,1,0,0,0,2,0,1,0,1,2,0,0,1,0
GCF_927798115.1,Bacteria,Bacillota,Bacilli,Paenibacillales,Paenibacillaceae,Paenibacillus,Paenibacillus sp927798115,0,0,0,0,0,1,0,0,0,1,0,1,0,2,3,1,0,1,0
GCF_935822925.1,Bacteria,Pseudomonadota,Alphaproteobacteria,Rhizobiales,Rhizobiaceae,Mesorhizobium,Mesorhizobium ventifaucium,0,0,0,3,1,0,0,0,0,2,0,0,1,2,4,0,0,1,0
GCF_935825525.1,Bacteria,Pseudomonadota,Alphaproteobacteria,Rhizobiales,Rhizobiaceae,Mesorhizobium,Mesorhizobium escarrei,0,0,1,3,1,0,0,0,0,2,0,0,1,2,4,0,0,1,0
GCF_937425535.1,Bacteria,Pseudomonadota,Alphaproteobacteria,Acetobacterales,Acetobacteraceae,Rhodovastum,Rhodovastum atsumiense,0,0,0,2,1,0,0,0,0,2,0,3,0,4,3,0,0,0,0